This file contains any messages produced by compilers while
running configure, to aid debugging if configure makes a mistake.

It was created by configure, which was
generated by GNU Autoconf 2.69.  Invocation command line was

  $ ./configure --prefix=/mnt/a57a7843-7ae2-415a-9125-4c61fa4163d9/3rdLibrary/SDL2-2.30.8/install --enable-video-wayland=NO --disable-pulseaudio --without-x --disable-video-x11 --disable-x11-shared --disable-video-x11-xcursor --disable-video-x11-xinput --disable-video-x11-xrandr --disable-video-x11-scrnsaver --disable-video-x11-xshape --disable-video-opengl --disable-video-directfb --enable-video-opengles --enable-video-dummy --enable-test

## --------- ##
## Platform. ##
## --------- ##

hostname = ubuntu
uname -m = x86_64
uname -r = 5.15.0-139-generic
uname -s = Linux
uname -v = #149~20.04.1-Ubuntu SMP Wed Apr 16 08:29:56 UTC 2025

/usr/bin/uname -p = x86_64
/bin/uname -X     = unknown

/bin/arch              = x86_64
/usr/bin/arch -k       = unknown
/usr/convex/getsysinfo = unknown
/usr/bin/hostinfo      = unknown
/bin/machine           = unknown
/usr/bin/oslevel       = unknown
/bin/universe          = unknown

PATH: /home/ieai/.nvm/versions/node/v22.21.0/bin
PATH: /home/ieai/.cargo/bin
PATH: /home/ieai/.local/bin
PATH: /usr/local/sbin
PATH: /usr/local/bin
PATH: /usr/sbin
PATH: /usr/bin
PATH: /sbin
PATH: /bin
PATH: /usr/games
PATH: /usr/local/games
PATH: /snap/bin


## ----------- ##
## Core tests. ##
## ----------- ##

configure:2987: checking build system type
configure:3001: result: x86_64-pc-linux-gnu
configure:3021: checking host system type
configure:3034: result: x86_64-pc-linux-gnu
configure:3075: checking how to print strings
configure:3102: result: printf
configure:3171: checking for gcc
configure:3187: found /usr/bin/gcc
configure:3198: result: gcc
configure:3427: checking for C compiler version
configure:3436: gcc --version >&5
gcc (Ubuntu 9.4.0-1ubuntu1~20.04.2) 9.4.0
Copyright (C) 2019 Free Software Foundation, Inc.
This is free software; see the source for copying conditions.  There is NO
warranty; not even for MERCHANTABILITY or FITNESS FOR A PARTICULAR PURPOSE.

configure:3447: $? = 0
configure:3436: gcc -v >&5
Using built-in specs.
COLLECT_GCC=gcc
COLLECT_LTO_WRAPPER=/usr/lib/gcc/x86_64-linux-gnu/9/lto-wrapper
OFFLOAD_TARGET_NAMES=nvptx-none:hsa
OFFLOAD_TARGET_DEFAULT=1
Target: x86_64-linux-gnu
Configured with: ../src/configure -v --with-pkgversion='Ubuntu 9.4.0-1ubuntu1~20.04.2' --with-bugurl=file:///usr/share/doc/gcc-9/README.Bugs --enable-languages=c,ada,c++,go,brig,d,fortran,objc,obj-c++,gm2 --prefix=/usr --with-gcc-major-version-only --program-suffix=-9 --program-prefix=x86_64-linux-gnu- --enable-shared --enable-linker-build-id --libexecdir=/usr/lib --without-included-gettext --enable-threads=posix --libdir=/usr/lib --enable-nls --enable-clocale=gnu --enable-libstdcxx-debug --enable-libstdcxx-time=yes --with-default-libstdcxx-abi=new --enable-gnu-unique-object --disable-vtable-verify --enable-plugin --enable-default-pie --with-system-zlib --with-target-system-zlib=auto --enable-objc-gc=auto --enable-multiarch --disable-werror --with-arch-32=i686 --with-abi=m64 --with-multilib-list=m32,m64,mx32 --enable-multilib --with-tune=generic --enable-offload-targets=nvptx-none=/build/gcc-9-9QDOt0/gcc-9-9.4.0/debian/tmp-nvptx/usr,hsa --without-cuda-driver --enable-checking=release --build=x86_64-linux-gnu --host=x86_64-linux-gnu --target=x86_64-linux-gnu
Thread model: posix
gcc version 9.4.0 (Ubuntu 9.4.0-1ubuntu1~20.04.2) 
configure:3447: $? = 0
configure:3436: gcc -V >&5
gcc: error: unrecognized command line option '-V'
gcc: fatal error: no input files
compilation terminated.
configure:3447: $? = 1
configure:3436: gcc -qversion >&5
gcc: error: unrecognized command line option '-qversion'; did you mean '--version'?
gcc: fatal error: no input files
compilation terminated.
configure:3447: $? = 1
configure:3467: checking whether the C compiler works
configure:3489: gcc    conftest.c  >&5
configure:3493: $? = 0
configure:3541: result: yes
configure:3544: checking for C compiler default output file name
configure:3546: result: a.out
configure:3552: checking for suffix of executables
configure:3559: gcc -o conftest    conftest.c  >&5
configure:3563: $? = 0
configure:3585: result: 
configure:3607: checking whether we are cross compiling
configure:3615: gcc -o conftest    conftest.c  >&5
configure:3619: $? = 0
configure:3626: ./conftest
configure:3630: $? = 0
configure:3618: result: no
configure:3623: checking for suffix of object files
configure:3645: gcc -c   conftest.c >&5
configure:3649: $? = 0
configure:3670: result: o
configure:3674: checking whether we are using the GNU C compiler
configure:3693: gcc -c   conftest.c >&5
configure:3693: $? = 0
configure:3702: result: yes
configure:3711: checking whether gcc accepts -g
configure:3731: gcc -c -g  conftest.c >&5
configure:3731: $? = 0
configure:3772: result: yes
configure:3789: checking for gcc option to accept ISO C89
configure:3852: gcc  -c -g -O2  conftest.c >&5
configure:3852: $? = 0
configure:3865: result: none needed
configure:3885: checking for a sed that does not truncate output
configure:3949: result: /usr/bin/sed
configure:3967: checking for grep that handles long lines and -e
configure:4025: result: /usr/bin/grep
configure:4030: checking for egrep
configure:4092: result: /usr/bin/grep -E
configure:4097: checking for fgrep
configure:4159: result: /usr/bin/grep -F
configure:4194: checking for ld used by gcc
configure:4261: result: /usr/bin/ld
configure:4268: checking if the linker (/usr/bin/ld) is GNU ld
configure:4283: result: yes
configure:4295: checking for BSD- or MS-compatible name lister (nm)
configure:4349: result: /usr/bin/nm -B
configure:4479: checking the name lister (/usr/bin/nm -B) interface
configure:4486: gcc -c -g -O2  conftest.c >&5
configure:4489: /usr/bin/nm -B "conftest.o"
configure:4492: output
0000000000000000 B some_variable
configure:4493: result: BSD nm
configure:4496: checking whether ln -s works
configure:4500: result: yes
configure:4508: checking the maximum length of command line arguments
configure:4639: result: 1572864
configure:4687: checking how to convert x86_64-pc-linux-gnu file names to x86_64-pc-linux-gnu format
configure:4727: result: func_convert_file_noop
configure:4734: checking how to convert x86_64-pc-linux-gnu file names to toolchain format
configure:4754: result: func_convert_file_noop
configure:4761: checking for /usr/bin/ld option to reload object files
configure:4768: result: -r
configure:4842: checking for objdump
configure:4858: found /usr/bin/objdump
configure:4869: result: objdump
configure:4898: checking how to recognize dependent libraries
configure:5100: result: pass_all
configure:5185: checking for dlltool
configure:5215: result: no
configure:5242: checking how to associate runtime and link libraries
configure:5269: result: printf %s\n
configure:5330: checking for ar
configure:5346: found /usr/bin/ar
configure:5357: result: ar
configure:5394: checking for archiver @FILE support
configure:5411: gcc -c -g -O2  conftest.c >&5
configure:5411: $? = 0
configure:5414: ar cru libconftest.a @conftest.lst >&5
ar: `u' modifier ignored since `D' is the default (see `U')
configure:5417: $? = 0
configure:5422: ar cru libconftest.a @conftest.lst >&5
ar: `u' modifier ignored since `D' is the default (see `U')
ar: conftest.o: No such file or directory
configure:5425: $? = 1
configure:5424: result: @
configure:5482: checking for strip
configure:5498: found /usr/bin/strip
configure:5509: result: strip
configure:5581: checking for ranlib
configure:5597: found /usr/bin/ranlib
configure:5608: result: ranlib
configure:5678: checking for gawk
configure:5708: result: no
configure:5678: checking for mawk
configure:5694: found /usr/bin/mawk
configure:5705: result: mawk
configure:5745: checking command to parse /usr/bin/nm -B output from gcc object
configure:5898: gcc -c -g -O2  conftest.c >&5
configure:5901: $? = 0
configure:5905: /usr/bin/nm -B conftest.o \| sed -n -e 's/^.*[ ]\([ABCDGIRSTW][ABCDGIRSTW]*\)[ ][ ]*\([_A-Za-z][_A-Za-z0-9]*\)$/\1 \2 \2/p' | sed '/ __gnu_lto/d' \> conftest.nm
configure:5908: $? = 0
configure:5974: gcc -o conftest -g -O2   conftest.c conftstm.o >&5
configure:5977: $? = 0
configure:6015: result: ok
configure:6062: checking for sysroot
configure:6092: result: no
configure:6099: checking for a working dd
configure:6137: result: /usr/bin/dd
configure:6141: checking how to truncate binary pipes
configure:6156: result: /usr/bin/dd bs=4096 count=1
configure:6292: gcc -c -g -O2  conftest.c >&5
configure:6295: $? = 0
configure:6485: checking for mt
configure:6501: found /usr/bin/mt
configure:6512: result: mt
configure:6535: checking if mt is a manifest tool
configure:6541: mt '-?'
configure:6549: result: no
configure:7221: checking how to run the C preprocessor
configure:7252: gcc -E  conftest.c
configure:7252: $? = 0
configure:7266: gcc -E  conftest.c
conftest.c:9:10: fatal error: ac_nonexistent.h: No such file or directory
    9 | #include <ac_nonexistent.h>
      |          ^~~~~~~~~~~~~~~~~~
compilation terminated.
configure:7266: $? = 1
configure: failed program was:
| /* confdefs.h */
| #define PACKAGE_NAME ""
| #define PACKAGE_TARNAME ""
| #define PACKAGE_VERSION ""
| #define PACKAGE_STRING ""
| #define PACKAGE_BUGREPORT ""
| #define PACKAGE_URL ""
| /* end confdefs.h.  */
| #include <ac_nonexistent.h>
configure:7291: result: gcc -E
configure:7311: gcc -E  conftest.c
configure:7311: $? = 0
configure:7325: gcc -E  conftest.c
conftest.c:9:10: fatal error: ac_nonexistent.h: No such file or directory
    9 | #include <ac_nonexistent.h>
      |          ^~~~~~~~~~~~~~~~~~
compilation terminated.
configure:7325: $? = 1
configure: failed program was:
| /* confdefs.h */
| #define PACKAGE_NAME ""
| #define PACKAGE_TARNAME ""
| #define PACKAGE_VERSION ""
| #define PACKAGE_STRING ""
| #define PACKAGE_BUGREPORT ""
| #define PACKAGE_URL ""
| /* end confdefs.h.  */
| #include <ac_nonexistent.h>
configure:7354: checking for ANSI C header files
configure:7374: gcc -c -g -O2  conftest.c >&5
configure:7374: $? = 0
configure:7447: gcc -o conftest -g -O2   conftest.c  >&5
configure:7447: $? = 0
configure:7447: ./conftest
configure:7447: $? = 0
configure:7458: result: yes
configure:7471: checking for sys/types.h
configure:7471: gcc -c -g -O2  conftest.c >&5
configure:7471: $? = 0
configure:7471: result: yes
configure:7471: checking for sys/stat.h
configure:7471: gcc -c -g -O2  conftest.c >&5
configure:7471: $? = 0
configure:7471: result: yes
configure:7471: checking for stdlib.h
configure:7471: gcc -c -g -O2  conftest.c >&5
configure:7471: $? = 0
configure:7471: result: yes
configure:7471: checking for string.h
configure:7471: gcc -c -g -O2  conftest.c >&5
configure:7471: $? = 0
configure:7471: result: yes
configure:7471: checking for memory.h
configure:7471: gcc -c -g -O2  conftest.c >&5
configure:7471: $? = 0
configure:7471: result: yes
configure:7471: checking for strings.h
configure:7471: gcc -c -g -O2  conftest.c >&5
configure:7471: $? = 0
configure:7471: result: yes
configure:7471: checking for inttypes.h
configure:7471: gcc -c -g -O2  conftest.c >&5
configure:7471: $? = 0
configure:7471: result: yes
configure:7471: checking for stdint.h
configure:7471: gcc -c -g -O2  conftest.c >&5
configure:7471: $? = 0
configure:7471: result: yes
configure:7471: checking for unistd.h
configure:7471: gcc -c -g -O2  conftest.c >&5
configure:7471: $? = 0
configure:7471: result: yes
configure:7485: checking for dlfcn.h
configure:7485: gcc -c -g -O2  conftest.c >&5
configure:7485: $? = 0
configure:7485: result: yes
configure:8039: checking for objdir
configure:8054: result: .libs
configure:8318: checking if gcc supports -fno-rtti -fno-exceptions
configure:8336: gcc -c -g -O2  -fno-rtti -fno-exceptions conftest.c >&5
cc1: warning: command line option '-fno-rtti' is valid for C++/D/ObjC++ but not for C
configure:8340: $? = 0
configure:8353: result: no
configure:8711: checking for gcc option to produce PIC
configure:8718: result: -fPIC -DPIC
configure:8726: checking if gcc PIC flag -fPIC -DPIC works
configure:8744: gcc -c -g -O2  -fPIC -DPIC -DPIC conftest.c >&5
configure:8748: $? = 0
configure:8761: result: yes
configure:8790: checking if gcc static flag -static works
configure:8818: result: yes
configure:8833: checking if gcc supports -c -o file.o
configure:8854: gcc -c -g -O2  -o out/conftest2.o conftest.c >&5
configure:8858: $? = 0
configure:8880: result: yes
configure:8888: checking if gcc supports -c -o file.o
configure:8935: result: yes
configure:8968: checking whether the gcc linker (/usr/bin/ld -m elf_x86_64) supports shared libraries
configure:10229: result: yes
configure:10266: checking whether -lc should be explicitly linked in
configure:10274: gcc -c -g -O2  conftest.c >&5
configure:10277: $? = 0
configure:10292: gcc -shared  -fPIC -DPIC conftest.o  -v -Wl,-soname -Wl,conftest -o conftest 2\>\&1 \| /usr/bin/grep  -lc  \>/dev/null 2\>\&1
configure:10295: $? = 0
configure:10309: result: no
configure:10469: checking dynamic linker characteristics
configure:11052: gcc -o conftest -g -O2   -Wl,-rpath -Wl,/foo conftest.c  >&5
configure:11052: $? = 0
configure:11294: result: GNU/Linux ld.so
configure:11416: checking how to hardcode library paths into programs
configure:11441: result: immediate
configure:11989: checking whether stripping libraries is possible
configure:11998: result: yes
configure:12040: checking if libtool supports shared libraries
configure:12042: result: yes
configure:12045: checking whether to build shared libraries
configure:12070: result: yes
configure:12073: checking whether to build static libraries
configure:12077: result: yes
configure:8929: checking for windres
configure:8959: result: no
configure:9080: checking for gawk
configure:9107: result: mawk
configure:9166: checking for gcc
configure:9193: result: gcc
configure:9422: checking for C compiler version
configure:9431: gcc --version >&5
gcc (Ubuntu 9.4.0-1ubuntu1~20.04.2) 9.4.0
Copyright (C) 2019 Free Software Foundation, Inc.
This is free software; see the source for copying conditions.  There is NO
warranty; not even for MERCHANTABILITY or FITNESS FOR A PARTICULAR PURPOSE.

configure:9442: $? = 0
configure:9431: gcc -v >&5
Using built-in specs.
COLLECT_GCC=gcc
COLLECT_LTO_WRAPPER=/usr/lib/gcc/x86_64-linux-gnu/9/lto-wrapper
OFFLOAD_TARGET_NAMES=nvptx-none:hsa
OFFLOAD_TARGET_DEFAULT=1
Target: x86_64-linux-gnu
Configured with: ../src/configure -v --with-pkgversion='Ubuntu 9.4.0-1ubuntu1~20.04.2' --with-bugurl=file:///usr/share/doc/gcc-9/README.Bugs --enable-languages=c,ada,c++,go,brig,d,fortran,objc,obj-c++,gm2 --prefix=/usr --with-gcc-major-version-only --program-suffix=-9 --program-prefix=x86_64-linux-gnu- --enable-shared --enable-linker-build-id --libexecdir=/usr/lib --without-included-gettext --enable-threads=posix --libdir=/usr/lib --enable-nls --enable-clocale=gnu --enable-libstdcxx-debug --enable-libstdcxx-time=yes --with-default-libstdcxx-abi=new --enable-gnu-unique-object --disable-vtable-verify --enable-plugin --enable-default-pie --with-system-zlib --with-target-system-zlib=auto --enable-objc-gc=auto --enable-multiarch --disable-werror --with-arch-32=i686 --with-abi=m64 --with-multilib-list=m32,m64,mx32 --enable-multilib --with-tune=generic --enable-offload-targets=nvptx-none=/build/gcc-9-9QDOt0/gcc-9-9.4.0/debian/tmp-nvptx/usr,hsa --without-cuda-driver --enable-checking=release --build=x86_64-linux-gnu --host=x86_64-linux-gnu --target=x86_64-linux-gnu
Thread model: posix
gcc version 9.4.0 (Ubuntu 9.4.0-1ubuntu1~20.04.2) 
configure:9442: $? = 0
configure:9431: gcc -V >&5
gcc: error: unrecognized command line option '-V'
gcc: fatal error: no input files
compilation terminated.
configure:9442: $? = 1
configure:9431: gcc -qversion >&5
gcc: error: unrecognized command line option '-qversion'; did you mean '--version'?
gcc: fatal error: no input files
compilation terminated.
configure:9442: $? = 1
configure:9446: checking whether we are using the GNU C compiler
configure:9474: result: yes
configure:9483: checking whether gcc accepts -g
configure:9544: result: yes
configure:9561: checking for gcc option to accept ISO C89
configure:9637: result: none needed
configure:9715: checking for g++
configure:9731: found /usr/bin/g++
configure:9742: result: g++
configure:9769: checking for C++ compiler version
configure:9778: g++ --version >&5
g++ (Ubuntu 9.4.0-1ubuntu1~20.04.2) 9.4.0
Copyright (C) 2019 Free Software Foundation, Inc.
This is free software; see the source for copying conditions.  There is NO
warranty; not even for MERCHANTABILITY or FITNESS FOR A PARTICULAR PURPOSE.

configure:9789: $? = 0
configure:9778: g++ -v >&5
Using built-in specs.
COLLECT_GCC=g++
COLLECT_LTO_WRAPPER=/usr/lib/gcc/x86_64-linux-gnu/9/lto-wrapper
OFFLOAD_TARGET_NAMES=nvptx-none:hsa
OFFLOAD_TARGET_DEFAULT=1
Target: x86_64-linux-gnu
Configured with: ../src/configure -v --with-pkgversion='Ubuntu 9.4.0-1ubuntu1~20.04.2' --with-bugurl=file:///usr/share/doc/gcc-9/README.Bugs --enable-languages=c,ada,c++,go,brig,d,fortran,objc,obj-c++,gm2 --prefix=/usr --with-gcc-major-version-only --program-suffix=-9 --program-prefix=x86_64-linux-gnu- --enable-shared --enable-linker-build-id --libexecdir=/usr/lib --without-included-gettext --enable-threads=posix --libdir=/usr/lib --enable-nls --enable-clocale=gnu --enable-libstdcxx-debug --enable-libstdcxx-time=yes --with-default-libstdcxx-abi=new --enable-gnu-unique-object --disable-vtable-verify --enable-plugin --enable-default-pie --with-system-zlib --with-target-system-zlib=auto --enable-objc-gc=auto --enable-multiarch --disable-werror --with-arch-32=i686 --with-abi=m64 --with-multilib-list=m32,m64,mx32 --enable-multilib --with-tune=generic --enable-offload-targets=nvptx-none=/build/gcc-9-9QDOt0/gcc-9-9.4.0/debian/tmp-nvptx/usr,hsa --without-cuda-driver --enable-checking=release --build=x86_64-linux-gnu --host=x86_64-linux-gnu --target=x86_64-linux-gnu
Thread model: posix
gcc version 9.4.0 (Ubuntu 9.4.0-1ubuntu1~20.04.2) 
configure:9789: $? = 0
configure:9778: g++ -V >&5
g++: error: unrecognized command line option '-V'
g++: fatal error: no input files
compilation terminated.
configure:9789: $? = 1
configure:9778: g++ -qversion >&5
g++: error: unrecognized command line option '-qversion'; did you mean '--version'?
g++: fatal error: no input files
compilation terminated.
configure:9789: $? = 1
configure:9793: checking whether we are using the GNU C++ compiler
configure:9812: g++ -c   conftest.cpp >&5
configure:9812: $? = 0
configure:9821: result: yes
configure:9830: checking whether g++ accepts -g
configure:9850: g++ -c -g  conftest.cpp >&5
configure:9850: $? = 0
configure:9891: result: yes
configure:9932: checking how to run the C++ preprocessor
configure:9959: g++ -E  conftest.cpp
configure:9959: $? = 0
configure:9973: g++ -E  conftest.cpp
conftest.cpp:21:10: fatal error: ac_nonexistent.h: No such file or directory
   21 | #include <ac_nonexistent.h>
      |          ^~~~~~~~~~~~~~~~~~
compilation terminated.
configure:9973: $? = 1
configure: failed program was:
| /* confdefs.h */
| #define PACKAGE_NAME ""
| #define PACKAGE_TARNAME ""
| #define PACKAGE_VERSION ""
| #define PACKAGE_STRING ""
| #define PACKAGE_BUGREPORT ""
| #define PACKAGE_URL ""
| #define STDC_HEADERS 1
| #define HAVE_SYS_TYPES_H 1
| #define HAVE_SYS_STAT_H 1
| #define HAVE_STDLIB_H 1
| #define HAVE_STRING_H 1
| #define HAVE_MEMORY_H 1
| #define HAVE_STRINGS_H 1
| #define HAVE_INTTYPES_H 1
| #define HAVE_STDINT_H 1
| #define HAVE_UNISTD_H 1
| #define HAVE_DLFCN_H 1
| #define LT_OBJDIR ".libs/"
| /* end confdefs.h.  */
| #include <ac_nonexistent.h>
configure:9998: result: g++ -E
configure:10018: g++ -E  conftest.cpp
configure:10018: $? = 0
configure:10032: g++ -E  conftest.cpp
conftest.cpp:21:10: fatal error: ac_nonexistent.h: No such file or directory
   21 | #include <ac_nonexistent.h>
      |          ^~~~~~~~~~~~~~~~~~
compilation terminated.
configure:10032: $? = 1
configure: failed program was:
| /* confdefs.h */
| #define PACKAGE_NAME ""
| #define PACKAGE_TARNAME ""
| #define PACKAGE_VERSION ""
| #define PACKAGE_STRING ""
| #define PACKAGE_BUGREPORT ""
| #define PACKAGE_URL ""
| #define STDC_HEADERS 1
| #define HAVE_SYS_TYPES_H 1
| #define HAVE_SYS_STAT_H 1
| #define HAVE_STDLIB_H 1
| #define HAVE_STRING_H 1
| #define HAVE_MEMORY_H 1
| #define HAVE_STRINGS_H 1
| #define HAVE_INTTYPES_H 1
| #define HAVE_STDINT_H 1
| #define HAVE_UNISTD_H 1
| #define HAVE_DLFCN_H 1
| #define LT_OBJDIR ".libs/"
| /* end confdefs.h.  */
| #include <ac_nonexistent.h>
configure:10194: checking for ld used by g++
configure:10261: result: /usr/bin/ld -m elf_x86_64
configure:10268: checking if the linker (/usr/bin/ld -m elf_x86_64) is GNU ld
configure:10283: result: yes
configure:10338: checking whether the g++ linker (/usr/bin/ld -m elf_x86_64) supports shared libraries
configure:11412: result: yes
configure:11448: g++ -c -g -O2  conftest.cpp >&5
configure:11451: $? = 0
configure:11933: checking for g++ option to produce PIC
configure:11940: result: -fPIC -DPIC
configure:11948: checking if g++ PIC flag -fPIC -DPIC works
configure:11966: g++ -c -g -O2  -fPIC -DPIC -DPIC conftest.cpp >&5
configure:11970: $? = 0
configure:11983: result: yes
configure:12006: checking if g++ static flag -static works
configure:12034: result: yes
configure:12046: checking if g++ supports -c -o file.o
configure:12067: g++ -c -g -O2  -o out/conftest2.o conftest.cpp >&5
configure:12071: $? = 0
configure:12093: result: yes
configure:12098: checking if g++ supports -c -o file.o
configure:12145: result: yes
configure:12175: checking whether the g++ linker (/usr/bin/ld -m elf_x86_64) supports shared libraries
configure:12215: result: yes
configure:12356: checking dynamic linker characteristics
configure:13108: result: GNU/Linux ld.so
configure:13173: checking how to hardcode library paths into programs
configure:13198: result: immediate
configure:12077: checking for egrep
configure:12139: result: /usr/bin/grep -E
configure:12144: checking for fgrep
configure:12206: result: /usr/bin/grep -F
configure:12225: checking for a BSD-compatible install
configure:12293: result: /usr/bin/install -c
configure:12304: checking whether make sets $(MAKE)
configure:12326: result: yes
configure:12389: checking for pkg-config
configure:12407: found /usr/bin/pkg-config
configure:12419: result: /usr/bin/pkg-config
configure:12444: checking pkg-config is at least version 0.9.0
configure:12447: result: yes
configure:12464: checking for gsort
configure:12494: result: no
configure:12464: checking for sort
configure:12480: found /usr/bin/sort
configure:12491: result: sort
configure:12515: checking for special C compiler options needed for large files
configure:12560: result: no
configure:12566: checking for _FILE_OFFSET_BITS value needed for large files
configure:12591: gcc -c -g -O2  conftest.c >&5
configure:12591: $? = 0
configure:12623: result: no
configure:12840: checking for an ANSI C-conforming const
configure:12906: gcc -c -g -O2 -Iinclude -I/mnt/a57a7843-7ae2-415a-9125-4c61fa4163d9/3rdLibrary/SDL2-2.30.8/include -idirafter /mnt/a57a7843-7ae2-415a-9125-4c61fa4163d9/3rdLibrary/SDL2-2.30.8/src/video/khronos   -Iinclude -I/mnt/a57a7843-7ae2-415a-9125-4c61fa4163d9/3rdLibrary/SDL2-2.30.8/include -idirafter /mnt/a57a7843-7ae2-415a-9125-4c61fa4163d9/3rdLibrary/SDL2-2.30.8/src/video/khronos  conftest.c >&5
configure:12906: $? = 0
configure:12913: result: yes
configure:12921: checking for inline
configure:12937: gcc -c -g -O2 -Iinclude -I/mnt/a57a7843-7ae2-415a-9125-4c61fa4163d9/3rdLibrary/SDL2-2.30.8/include -idirafter /mnt/a57a7843-7ae2-415a-9125-4c61fa4163d9/3rdLibrary/SDL2-2.30.8/src/video/khronos   -Iinclude -I/mnt/a57a7843-7ae2-415a-9125-4c61fa4163d9/3rdLibrary/SDL2-2.30.8/include -idirafter /mnt/a57a7843-7ae2-415a-9125-4c61fa4163d9/3rdLibrary/SDL2-2.30.8/src/video/khronos  conftest.c >&5
configure:12937: $? = 0
configure:12945: result: inline
configure:12963: checking for working volatile
configure:12982: gcc -c -g -O2 -Iinclude -I/mnt/a57a7843-7ae2-415a-9125-4c61fa4163d9/3rdLibrary/SDL2-2.30.8/include -idirafter /mnt/a57a7843-7ae2-415a-9125-4c61fa4163d9/3rdLibrary/SDL2-2.30.8/src/video/khronos   -Iinclude -I/mnt/a57a7843-7ae2-415a-9125-4c61fa4163d9/3rdLibrary/SDL2-2.30.8/include -idirafter /mnt/a57a7843-7ae2-415a-9125-4c61fa4163d9/3rdLibrary/SDL2-2.30.8/src/video/khronos  conftest.c >&5
configure:12982: $? = 0
configure:12989: result: yes
configure:13044: checking for GCC -MMD -MT option
configure:13061: gcc -c -g -O2 -Iinclude -I/mnt/a57a7843-7ae2-415a-9125-4c61fa4163d9/3rdLibrary/SDL2-2.30.8/include -idirafter /mnt/a57a7843-7ae2-415a-9125-4c61fa4163d9/3rdLibrary/SDL2-2.30.8/src/video/khronos   -Iinclude -I/mnt/a57a7843-7ae2-415a-9125-4c61fa4163d9/3rdLibrary/SDL2-2.30.8/include -idirafter /mnt/a57a7843-7ae2-415a-9125-4c61fa4163d9/3rdLibrary/SDL2-2.30.8/src/video/khronos  conftest.c >&5
configure:13061: $? = 0
configure:13065: result: yes
configure:13073: checking for linker option --no-undefined
configure:13093: gcc -o conftest -g -O2 -Iinclude -I/mnt/a57a7843-7ae2-415a-9125-4c61fa4163d9/3rdLibrary/SDL2-2.30.8/include -idirafter /mnt/a57a7843-7ae2-415a-9125-4c61fa4163d9/3rdLibrary/SDL2-2.30.8/src/video/khronos   -Iinclude -I/mnt/a57a7843-7ae2-415a-9125-4c61fa4163d9/3rdLibrary/SDL2-2.30.8/include -idirafter /mnt/a57a7843-7ae2-415a-9125-4c61fa4163d9/3rdLibrary/SDL2-2.30.8/src/video/khronos   -Wl,--no-undefined conftest.c  >&5
configure:13093: $? = 0
configure:13104: result: yes
configure:13107: checking for linker option --dynamicbase
configure:13125: gcc -o conftest -g -O2 -Iinclude -I/mnt/a57a7843-7ae2-415a-9125-4c61fa4163d9/3rdLibrary/SDL2-2.30.8/include -idirafter /mnt/a57a7843-7ae2-415a-9125-4c61fa4163d9/3rdLibrary/SDL2-2.30.8/src/video/khronos   -Iinclude -I/mnt/a57a7843-7ae2-415a-9125-4c61fa4163d9/3rdLibrary/SDL2-2.30.8/include -idirafter /mnt/a57a7843-7ae2-415a-9125-4c61fa4163d9/3rdLibrary/SDL2-2.30.8/src/video/khronos   -Wl,--dynamicbase conftest.c  >&5
/usr/bin/ld: unrecognized option '--dynamicbase'
/usr/bin/ld: use the --help option for usage information
collect2: error: ld returned 1 exit status
configure:13125: $? = 1
configure: failed program was:
| /* confdefs.h */
| #define PACKAGE_NAME ""
| #define PACKAGE_TARNAME ""
| #define PACKAGE_VERSION ""
| #define PACKAGE_STRING ""
| #define PACKAGE_BUGREPORT ""
| #define PACKAGE_URL ""
| #define STDC_HEADERS 1
| #define HAVE_SYS_TYPES_H 1
| #define HAVE_SYS_STAT_H 1
| #define HAVE_STDLIB_H 1
| #define HAVE_STRING_H 1
| #define HAVE_MEMORY_H 1
| #define HAVE_STRINGS_H 1
| #define HAVE_INTTYPES_H 1
| #define HAVE_STDINT_H 1
| #define HAVE_UNISTD_H 1
| #define HAVE_DLFCN_H 1
| #define LT_OBJDIR ".libs/"
| /* end confdefs.h.  */
| 
| int
| main ()
| {
| 
|   ;
|   return 0;
| }
configure:13136: result: no
configure:13139: checking for linker option --nxcompat
configure:13157: gcc -o conftest -g -O2 -Iinclude -I/mnt/a57a7843-7ae2-415a-9125-4c61fa4163d9/3rdLibrary/SDL2-2.30.8/include -idirafter /mnt/a57a7843-7ae2-415a-9125-4c61fa4163d9/3rdLibrary/SDL2-2.30.8/src/video/khronos   -Iinclude -I/mnt/a57a7843-7ae2-415a-9125-4c61fa4163d9/3rdLibrary/SDL2-2.30.8/include -idirafter /mnt/a57a7843-7ae2-415a-9125-4c61fa4163d9/3rdLibrary/SDL2-2.30.8/src/video/khronos   -Wl,--nxcompat conftest.c  >&5
/usr/bin/ld: unrecognized option '--nxcompat'
/usr/bin/ld: use the --help option for usage information
collect2: error: ld returned 1 exit status
configure:13157: $? = 1
configure: failed program was:
| /* confdefs.h */
| #define PACKAGE_NAME ""
| #define PACKAGE_TARNAME ""
| #define PACKAGE_VERSION ""
| #define PACKAGE_STRING ""
| #define PACKAGE_BUGREPORT ""
| #define PACKAGE_URL ""
| #define STDC_HEADERS 1
| #define HAVE_SYS_TYPES_H 1
| #define HAVE_SYS_STAT_H 1
| #define HAVE_STDLIB_H 1
| #define HAVE_STRING_H 1
| #define HAVE_MEMORY_H 1
| #define HAVE_STRINGS_H 1
| #define HAVE_INTTYPES_H 1
| #define HAVE_STDINT_H 1
| #define HAVE_UNISTD_H 1
| #define HAVE_DLFCN_H 1
| #define LT_OBJDIR ".libs/"
| /* end confdefs.h.  */
| 
| int
| main ()
| {
| 
|   ;
|   return 0;
| }
configure:13168: result: no
configure:13171: checking for linker option --high-entropy-va
configure:13189: gcc -o conftest -g -O2 -Iinclude -I/mnt/a57a7843-7ae2-415a-9125-4c61fa4163d9/3rdLibrary/SDL2-2.30.8/include -idirafter /mnt/a57a7843-7ae2-415a-9125-4c61fa4163d9/3rdLibrary/SDL2-2.30.8/src/video/khronos   -Iinclude -I/mnt/a57a7843-7ae2-415a-9125-4c61fa4163d9/3rdLibrary/SDL2-2.30.8/include -idirafter /mnt/a57a7843-7ae2-415a-9125-4c61fa4163d9/3rdLibrary/SDL2-2.30.8/src/video/khronos   -Wl,--high-entropy-va conftest.c  >&5
/usr/bin/ld: unrecognized option '--high-entropy-va'
/usr/bin/ld: use the --help option for usage information
collect2: error: ld returned 1 exit status
configure:13189: $? = 1
configure: failed program was:
| /* confdefs.h */
| #define PACKAGE_NAME ""
| #define PACKAGE_TARNAME ""
| #define PACKAGE_VERSION ""
| #define PACKAGE_STRING ""
| #define PACKAGE_BUGREPORT ""
| #define PACKAGE_URL ""
| #define STDC_HEADERS 1
| #define HAVE_SYS_TYPES_H 1
| #define HAVE_SYS_STAT_H 1
| #define HAVE_STDLIB_H 1
| #define HAVE_STRING_H 1
| #define HAVE_MEMORY_H 1
| #define HAVE_STRINGS_H 1
| #define HAVE_INTTYPES_H 1
| #define HAVE_STDINT_H 1
| #define HAVE_UNISTD_H 1
| #define HAVE_DLFCN_H 1
| #define LT_OBJDIR ".libs/"
| /* end confdefs.h.  */
| 
| int
| main ()
| {
| 
|   ;
|   return 0;
| }
configure:13200: result: no
configure:13237: checking for ANSI C header files
configure:13341: result: yes
configure:13352: checking for sys/types.h
configure:13352: result: yes
configure:13352: checking stdio.h usability
configure:13352: gcc -c -g -O2 -Iinclude -I/mnt/a57a7843-7ae2-415a-9125-4c61fa4163d9/3rdLibrary/SDL2-2.30.8/include -idirafter /mnt/a57a7843-7ae2-415a-9125-4c61fa4163d9/3rdLibrary/SDL2-2.30.8/src/video/khronos   -Iinclude -I/mnt/a57a7843-7ae2-415a-9125-4c61fa4163d9/3rdLibrary/SDL2-2.30.8/include -idirafter /mnt/a57a7843-7ae2-415a-9125-4c61fa4163d9/3rdLibrary/SDL2-2.30.8/src/video/khronos  conftest.c >&5
configure:13352: $? = 0
configure:13352: result: yes
configure:13352: checking stdio.h presence
configure:13352: gcc -E  -Iinclude -I/mnt/a57a7843-7ae2-415a-9125-4c61fa4163d9/3rdLibrary/SDL2-2.30.8/include -idirafter /mnt/a57a7843-7ae2-415a-9125-4c61fa4163d9/3rdLibrary/SDL2-2.30.8/src/video/khronos  conftest.c
configure:13352: $? = 0
configure:13352: result: yes
configure:13352: checking for stdio.h
configure:13352: result: yes
configure:13352: checking for stdlib.h
configure:13352: result: yes
configure:13352: checking stddef.h usability
configure:13352: gcc -c -g -O2 -Iinclude -I/mnt/a57a7843-7ae2-415a-9125-4c61fa4163d9/3rdLibrary/SDL2-2.30.8/include -idirafter /mnt/a57a7843-7ae2-415a-9125-4c61fa4163d9/3rdLibrary/SDL2-2.30.8/src/video/khronos   -Iinclude -I/mnt/a57a7843-7ae2-415a-9125-4c61fa4163d9/3rdLibrary/SDL2-2.30.8/include -idirafter /mnt/a57a7843-7ae2-415a-9125-4c61fa4163d9/3rdLibrary/SDL2-2.30.8/src/video/khronos  conftest.c >&5
configure:13352: $? = 0
configure:13352: result: yes
configure:13352: checking stddef.h presence
configure:13352: gcc -E  -Iinclude -I/mnt/a57a7843-7ae2-415a-9125-4c61fa4163d9/3rdLibrary/SDL2-2.30.8/include -idirafter /mnt/a57a7843-7ae2-415a-9125-4c61fa4163d9/3rdLibrary/SDL2-2.30.8/src/video/khronos  conftest.c
configure:13352: $? = 0
configure:13352: result: yes
configure:13352: checking for stddef.h
configure:13352: result: yes
configure:13352: checking stdarg.h usability
configure:13352: gcc -c -g -O2 -Iinclude -I/mnt/a57a7843-7ae2-415a-9125-4c61fa4163d9/3rdLibrary/SDL2-2.30.8/include -idirafter /mnt/a57a7843-7ae2-415a-9125-4c61fa4163d9/3rdLibrary/SDL2-2.30.8/src/video/khronos   -Iinclude -I/mnt/a57a7843-7ae2-415a-9125-4c61fa4163d9/3rdLibrary/SDL2-2.30.8/include -idirafter /mnt/a57a7843-7ae2-415a-9125-4c61fa4163d9/3rdLibrary/SDL2-2.30.8/src/video/khronos  conftest.c >&5
configure:13352: $? = 0
configure:13352: result: yes
configure:13352: checking stdarg.h presence
configure:13352: gcc -E  -Iinclude -I/mnt/a57a7843-7ae2-415a-9125-4c61fa4163d9/3rdLibrary/SDL2-2.30.8/include -idirafter /mnt/a57a7843-7ae2-415a-9125-4c61fa4163d9/3rdLibrary/SDL2-2.30.8/src/video/khronos  conftest.c
configure:13352: $? = 0
configure:13352: result: yes
configure:13352: checking for stdarg.h
configure:13352: result: yes
configure:13352: checking malloc.h usability
configure:13352: gcc -c -g -O2 -Iinclude -I/mnt/a57a7843-7ae2-415a-9125-4c61fa4163d9/3rdLibrary/SDL2-2.30.8/include -idirafter /mnt/a57a7843-7ae2-415a-9125-4c61fa4163d9/3rdLibrary/SDL2-2.30.8/src/video/khronos   -Iinclude -I/mnt/a57a7843-7ae2-415a-9125-4c61fa4163d9/3rdLibrary/SDL2-2.30.8/include -idirafter /mnt/a57a7843-7ae2-415a-9125-4c61fa4163d9/3rdLibrary/SDL2-2.30.8/src/video/khronos  conftest.c >&5
configure:13352: $? = 0
configure:13352: result: yes
configure:13352: checking malloc.h presence
configure:13352: gcc -E  -Iinclude -I/mnt/a57a7843-7ae2-415a-9125-4c61fa4163d9/3rdLibrary/SDL2-2.30.8/include -idirafter /mnt/a57a7843-7ae2-415a-9125-4c61fa4163d9/3rdLibrary/SDL2-2.30.8/src/video/khronos  conftest.c
configure:13352: $? = 0
configure:13352: result: yes
configure:13352: checking for malloc.h
configure:13352: result: yes
configure:13352: checking for memory.h
configure:13352: result: yes
configure:13352: checking for string.h
configure:13352: result: yes
configure:13352: checking for strings.h
configure:13352: result: yes
configure:13352: checking wchar.h usability
configure:13352: gcc -c -g -O2 -Iinclude -I/mnt/a57a7843-7ae2-415a-9125-4c61fa4163d9/3rdLibrary/SDL2-2.30.8/include -idirafter /mnt/a57a7843-7ae2-415a-9125-4c61fa4163d9/3rdLibrary/SDL2-2.30.8/src/video/khronos   -Iinclude -I/mnt/a57a7843-7ae2-415a-9125-4c61fa4163d9/3rdLibrary/SDL2-2.30.8/include -idirafter /mnt/a57a7843-7ae2-415a-9125-4c61fa4163d9/3rdLibrary/SDL2-2.30.8/src/video/khronos  conftest.c >&5
configure:13352: $? = 0
configure:13352: result: yes
configure:13352: checking wchar.h presence
configure:13352: gcc -E  -Iinclude -I/mnt/a57a7843-7ae2-415a-9125-4c61fa4163d9/3rdLibrary/SDL2-2.30.8/include -idirafter /mnt/a57a7843-7ae2-415a-9125-4c61fa4163d9/3rdLibrary/SDL2-2.30.8/src/video/khronos  conftest.c
configure:13352: $? = 0
configure:13352: result: yes
configure:13352: checking for wchar.h
configure:13352: result: yes
configure:13352: checking for inttypes.h
configure:13352: result: yes
configure:13352: checking for stdint.h
configure:13352: result: yes
configure:13352: checking limits.h usability
configure:13352: gcc -c -g -O2 -Iinclude -I/mnt/a57a7843-7ae2-415a-9125-4c61fa4163d9/3rdLibrary/SDL2-2.30.8/include -idirafter /mnt/a57a7843-7ae2-415a-9125-4c61fa4163d9/3rdLibrary/SDL2-2.30.8/src/video/khronos   -Iinclude -I/mnt/a57a7843-7ae2-415a-9125-4c61fa4163d9/3rdLibrary/SDL2-2.30.8/include -idirafter /mnt/a57a7843-7ae2-415a-9125-4c61fa4163d9/3rdLibrary/SDL2-2.30.8/src/video/khronos  conftest.c >&5
configure:13352: $? = 0
configure:13352: result: yes
configure:13352: checking limits.h presence
configure:13352: gcc -E  -Iinclude -I/mnt/a57a7843-7ae2-415a-9125-4c61fa4163d9/3rdLibrary/SDL2-2.30.8/include -idirafter /mnt/a57a7843-7ae2-415a-9125-4c61fa4163d9/3rdLibrary/SDL2-2.30.8/src/video/khronos  conftest.c
configure:13352: $? = 0
configure:13352: result: yes
configure:13352: checking for limits.h
configure:13352: result: yes
configure:13352: checking ctype.h usability
configure:13352: gcc -c -g -O2 -Iinclude -I/mnt/a57a7843-7ae2-415a-9125-4c61fa4163d9/3rdLibrary/SDL2-2.30.8/include -idirafter /mnt/a57a7843-7ae2-415a-9125-4c61fa4163d9/3rdLibrary/SDL2-2.30.8/src/video/khronos   -Iinclude -I/mnt/a57a7843-7ae2-415a-9125-4c61fa4163d9/3rdLibrary/SDL2-2.30.8/include -idirafter /mnt/a57a7843-7ae2-415a-9125-4c61fa4163d9/3rdLibrary/SDL2-2.30.8/src/video/khronos  conftest.c >&5
configure:13352: $? = 0
configure:13352: result: yes
configure:13352: checking ctype.h presence
configure:13352: gcc -E  -Iinclude -I/mnt/a57a7843-7ae2-415a-9125-4c61fa4163d9/3rdLibrary/SDL2-2.30.8/include -idirafter /mnt/a57a7843-7ae2-415a-9125-4c61fa4163d9/3rdLibrary/SDL2-2.30.8/src/video/khronos  conftest.c
configure:13352: $? = 0
configure:13352: result: yes
configure:13352: checking for ctype.h
configure:13352: result: yes
configure:13352: checking math.h usability
configure:13352: gcc -c -g -O2 -Iinclude -I/mnt/a57a7843-7ae2-415a-9125-4c61fa4163d9/3rdLibrary/SDL2-2.30.8/include -idirafter /mnt/a57a7843-7ae2-415a-9125-4c61fa4163d9/3rdLibrary/SDL2-2.30.8/src/video/khronos   -Iinclude -I/mnt/a57a7843-7ae2-415a-9125-4c61fa4163d9/3rdLibrary/SDL2-2.30.8/include -idirafter /mnt/a57a7843-7ae2-415a-9125-4c61fa4163d9/3rdLibrary/SDL2-2.30.8/src/video/khronos  conftest.c >&5
configure:13352: $? = 0
configure:13352: result: yes
configure:13352: checking math.h presence
configure:13352: gcc -E  -Iinclude -I/mnt/a57a7843-7ae2-415a-9125-4c61fa4163d9/3rdLibrary/SDL2-2.30.8/include -idirafter /mnt/a57a7843-7ae2-415a-9125-4c61fa4163d9/3rdLibrary/SDL2-2.30.8/src/video/khronos  conftest.c
configure:13352: $? = 0
configure:13352: result: yes
configure:13352: checking for math.h
configure:13352: result: yes
configure:13352: checking float.h usability
configure:13352: gcc -c -g -O2 -Iinclude -I/mnt/a57a7843-7ae2-415a-9125-4c61fa4163d9/3rdLibrary/SDL2-2.30.8/include -idirafter /mnt/a57a7843-7ae2-415a-9125-4c61fa4163d9/3rdLibrary/SDL2-2.30.8/src/video/khronos   -Iinclude -I/mnt/a57a7843-7ae2-415a-9125-4c61fa4163d9/3rdLibrary/SDL2-2.30.8/include -idirafter /mnt/a57a7843-7ae2-415a-9125-4c61fa4163d9/3rdLibrary/SDL2-2.30.8/src/video/khronos  conftest.c >&5
configure:13352: $? = 0
configure:13352: result: yes
configure:13352: checking float.h presence
configure:13352: gcc -E  -Iinclude -I/mnt/a57a7843-7ae2-415a-9125-4c61fa4163d9/3rdLibrary/SDL2-2.30.8/include -idirafter /mnt/a57a7843-7ae2-415a-9125-4c61fa4163d9/3rdLibrary/SDL2-2.30.8/src/video/khronos  conftest.c
configure:13352: $? = 0
configure:13352: result: yes
configure:13352: checking for float.h
configure:13352: result: yes
configure:13352: checking iconv.h usability
configure:13352: gcc -c -g -O2 -Iinclude -I/mnt/a57a7843-7ae2-415a-9125-4c61fa4163d9/3rdLibrary/SDL2-2.30.8/include -idirafter /mnt/a57a7843-7ae2-415a-9125-4c61fa4163d9/3rdLibrary/SDL2-2.30.8/src/video/khronos   -Iinclude -I/mnt/a57a7843-7ae2-415a-9125-4c61fa4163d9/3rdLibrary/SDL2-2.30.8/include -idirafter /mnt/a57a7843-7ae2-415a-9125-4c61fa4163d9/3rdLibrary/SDL2-2.30.8/src/video/khronos  conftest.c >&5
configure:13352: $? = 0
configure:13352: result: yes
configure:13352: checking iconv.h presence
configure:13352: gcc -E  -Iinclude -I/mnt/a57a7843-7ae2-415a-9125-4c61fa4163d9/3rdLibrary/SDL2-2.30.8/include -idirafter /mnt/a57a7843-7ae2-415a-9125-4c61fa4163d9/3rdLibrary/SDL2-2.30.8/src/video/khronos  conftest.c
configure:13352: $? = 0
configure:13352: result: yes
configure:13352: checking for iconv.h
configure:13352: result: yes
configure:13352: checking signal.h usability
configure:13352: gcc -c -g -O2 -Iinclude -I/mnt/a57a7843-7ae2-415a-9125-4c61fa4163d9/3rdLibrary/SDL2-2.30.8/include -idirafter /mnt/a57a7843-7ae2-415a-9125-4c61fa4163d9/3rdLibrary/SDL2-2.30.8/src/video/khronos   -Iinclude -I/mnt/a57a7843-7ae2-415a-9125-4c61fa4163d9/3rdLibrary/SDL2-2.30.8/include -idirafter /mnt/a57a7843-7ae2-415a-9125-4c61fa4163d9/3rdLibrary/SDL2-2.30.8/src/video/khronos  conftest.c >&5
configure:13352: $? = 0
configure:13352: result: yes
configure:13352: checking signal.h presence
configure:13352: gcc -E  -Iinclude -I/mnt/a57a7843-7ae2-415a-9125-4c61fa4163d9/3rdLibrary/SDL2-2.30.8/include -idirafter /mnt/a57a7843-7ae2-415a-9125-4c61fa4163d9/3rdLibrary/SDL2-2.30.8/src/video/khronos  conftest.c
configure:13352: $? = 0
configure:13352: result: yes
configure:13352: checking for signal.h
configure:13352: result: yes
configure:13363: checking for size_t
configure:13363: gcc -c -g -O2 -Iinclude -I/mnt/a57a7843-7ae2-415a-9125-4c61fa4163d9/3rdLibrary/SDL2-2.30.8/include -idirafter /mnt/a57a7843-7ae2-415a-9125-4c61fa4163d9/3rdLibrary/SDL2-2.30.8/src/video/khronos   -Iinclude -I/mnt/a57a7843-7ae2-415a-9125-4c61fa4163d9/3rdLibrary/SDL2-2.30.8/include -idirafter /mnt/a57a7843-7ae2-415a-9125-4c61fa4163d9/3rdLibrary/SDL2-2.30.8/src/video/khronos  conftest.c >&5
configure:13363: $? = 0
configure:13363: gcc -c -g -O2 -Iinclude -I/mnt/a57a7843-7ae2-415a-9125-4c61fa4163d9/3rdLibrary/SDL2-2.30.8/include -idirafter /mnt/a57a7843-7ae2-415a-9125-4c61fa4163d9/3rdLibrary/SDL2-2.30.8/src/video/khronos   -Iinclude -I/mnt/a57a7843-7ae2-415a-9125-4c61fa4163d9/3rdLibrary/SDL2-2.30.8/include -idirafter /mnt/a57a7843-7ae2-415a-9125-4c61fa4163d9/3rdLibrary/SDL2-2.30.8/src/video/khronos  conftest.c >&5
conftest.c: In function 'main':
conftest.c:77:21: error: expected expression before ')' token
   77 | if (sizeof ((size_t)))
      |                     ^
configure:13363: $? = 1
configure: failed program was:
| /* confdefs.h */
| #define PACKAGE_NAME ""
| #define PACKAGE_TARNAME ""
| #define PACKAGE_VERSION ""
| #define PACKAGE_STRING ""
| #define PACKAGE_BUGREPORT ""
| #define PACKAGE_URL ""
| #define STDC_HEADERS 1
| #define HAVE_SYS_TYPES_H 1
| #define HAVE_SYS_STAT_H 1
| #define HAVE_STDLIB_H 1
| #define HAVE_STRING_H 1
| #define HAVE_MEMORY_H 1
| #define HAVE_STRINGS_H 1
| #define HAVE_INTTYPES_H 1
| #define HAVE_STDINT_H 1
| #define HAVE_UNISTD_H 1
| #define HAVE_DLFCN_H 1
| #define LT_OBJDIR ".libs/"
| #define HAVE_LIBC 1
| #define STDC_HEADERS 1
| #define HAVE_SYS_TYPES_H 1
| #define HAVE_STDIO_H 1
| #define HAVE_STDLIB_H 1
| #define HAVE_STDDEF_H 1
| #define HAVE_STDARG_H 1
| #define HAVE_MALLOC_H 1
| #define HAVE_MEMORY_H 1
| #define HAVE_STRING_H 1
| #define HAVE_STRINGS_H 1
| #define HAVE_WCHAR_H 1
| #define HAVE_INTTYPES_H 1
| #define HAVE_STDINT_H 1
| #define HAVE_LIMITS_H 1
| #define HAVE_CTYPE_H 1
| #define HAVE_MATH_H 1
| #define HAVE_FLOAT_H 1
| #define HAVE_ICONV_H 1
| #define HAVE_SIGNAL_H 1
| /* end confdefs.h.  */
| #include <stdio.h>
| #ifdef HAVE_SYS_TYPES_H
| # include <sys/types.h>
| #endif
| #ifdef HAVE_SYS_STAT_H
| # include <sys/stat.h>
| #endif
| #ifdef STDC_HEADERS
| # include <stdlib.h>
| # include <stddef.h>
| #else
| # ifdef HAVE_STDLIB_H
| #  include <stdlib.h>
| # endif
| #endif
| #ifdef HAVE_STRING_H
| # if !defined STDC_HEADERS && defined HAVE_MEMORY_H
| #  include <memory.h>
| # endif
| # include <string.h>
| #endif
| #ifdef HAVE_STRINGS_H
| # include <strings.h>
| #endif
| #ifdef HAVE_INTTYPES_H
| # include <inttypes.h>
| #endif
| #ifdef HAVE_STDINT_H
| # include <stdint.h>
| #endif
| #ifdef HAVE_UNISTD_H
| # include <unistd.h>
| #endif
| int
| main ()
| {
| if (sizeof ((size_t)))
| 	    return 0;
|   ;
|   return 0;
| }
configure:13363: result: yes
configure:13375: checking for M_PI in math.h
configure:13399: result: yes
configure:13410: checking for working alloca.h
configure:13427: gcc -o conftest -g -O2 -Iinclude -I/mnt/a57a7843-7ae2-415a-9125-4c61fa4163d9/3rdLibrary/SDL2-2.30.8/include -idirafter /mnt/a57a7843-7ae2-415a-9125-4c61fa4163d9/3rdLibrary/SDL2-2.30.8/src/video/khronos   -Iinclude -I/mnt/a57a7843-7ae2-415a-9125-4c61fa4163d9/3rdLibrary/SDL2-2.30.8/include -idirafter /mnt/a57a7843-7ae2-415a-9125-4c61fa4163d9/3rdLibrary/SDL2-2.30.8/src/video/khronos   conftest.c  >&5
configure:13427: $? = 0
configure:13435: result: yes
configure:13443: checking for alloca
configure:13480: gcc -o conftest -g -O2 -Iinclude -I/mnt/a57a7843-7ae2-415a-9125-4c61fa4163d9/3rdLibrary/SDL2-2.30.8/include -idirafter /mnt/a57a7843-7ae2-415a-9125-4c61fa4163d9/3rdLibrary/SDL2-2.30.8/src/video/khronos   -Iinclude -I/mnt/a57a7843-7ae2-415a-9125-4c61fa4163d9/3rdLibrary/SDL2-2.30.8/include -idirafter /mnt/a57a7843-7ae2-415a-9125-4c61fa4163d9/3rdLibrary/SDL2-2.30.8/src/video/khronos   conftest.c  >&5
configure:13480: $? = 0
configure:13488: result: yes
configure:13595: checking for mprotect
configure:13595: gcc -o conftest -g -O2 -Iinclude -I/mnt/a57a7843-7ae2-415a-9125-4c61fa4163d9/3rdLibrary/SDL2-2.30.8/include -idirafter /mnt/a57a7843-7ae2-415a-9125-4c61fa4163d9/3rdLibrary/SDL2-2.30.8/src/video/khronos   -Iinclude -I/mnt/a57a7843-7ae2-415a-9125-4c61fa4163d9/3rdLibrary/SDL2-2.30.8/include -idirafter /mnt/a57a7843-7ae2-415a-9125-4c61fa4163d9/3rdLibrary/SDL2-2.30.8/src/video/khronos   conftest.c  >&5
configure:13595: $? = 0
configure:13595: result: yes
configure:13611: gcc -c -g -O2 -Iinclude -I/mnt/a57a7843-7ae2-415a-9125-4c61fa4163d9/3rdLibrary/SDL2-2.30.8/include -idirafter /mnt/a57a7843-7ae2-415a-9125-4c61fa4163d9/3rdLibrary/SDL2-2.30.8/src/video/khronos   -Iinclude -I/mnt/a57a7843-7ae2-415a-9125-4c61fa4163d9/3rdLibrary/SDL2-2.30.8/include -idirafter /mnt/a57a7843-7ae2-415a-9125-4c61fa4163d9/3rdLibrary/SDL2-2.30.8/src/video/khronos  conftest.c >&5
configure:13611: $? = 0
configure:13624: checking for malloc
configure:13624: gcc -o conftest -g -O2 -Iinclude -I/mnt/a57a7843-7ae2-415a-9125-4c61fa4163d9/3rdLibrary/SDL2-2.30.8/include -idirafter /mnt/a57a7843-7ae2-415a-9125-4c61fa4163d9/3rdLibrary/SDL2-2.30.8/src/video/khronos   -Iinclude -I/mnt/a57a7843-7ae2-415a-9125-4c61fa4163d9/3rdLibrary/SDL2-2.30.8/include -idirafter /mnt/a57a7843-7ae2-415a-9125-4c61fa4163d9/3rdLibrary/SDL2-2.30.8/src/video/khronos   conftest.c  >&5
conftest.c:68:6: warning: conflicting types for built-in function 'malloc'; expected 'void *(long unsigned int)' [-Wbuiltin-declaration-mismatch]
   68 | char malloc ();
      |      ^~~~~~
conftest.c:56:1: note: 'malloc' is declared in header '<stdlib.h>'
   55 | # include <limits.h>
   56 | #else
configure:13624: $? = 0
configure:13624: result: yes
configure:13624: checking for calloc
configure:13624: gcc -o conftest -g -O2 -Iinclude -I/mnt/a57a7843-7ae2-415a-9125-4c61fa4163d9/3rdLibrary/SDL2-2.30.8/include -idirafter /mnt/a57a7843-7ae2-415a-9125-4c61fa4163d9/3rdLibrary/SDL2-2.30.8/src/video/khronos   -Iinclude -I/mnt/a57a7843-7ae2-415a-9125-4c61fa4163d9/3rdLibrary/SDL2-2.30.8/include -idirafter /mnt/a57a7843-7ae2-415a-9125-4c61fa4163d9/3rdLibrary/SDL2-2.30.8/src/video/khronos   conftest.c  >&5
conftest.c:69:6: warning: conflicting types for built-in function 'calloc'; expected 'void *(long unsigned int,  long unsigned int)' [-Wbuiltin-declaration-mismatch]
   69 | char calloc ();
      |      ^~~~~~
conftest.c:57:1: note: 'calloc' is declared in header '<stdlib.h>'
   56 | # include <limits.h>
   57 | #else
configure:13624: $? = 0
configure:13624: result: yes
configure:13624: checking for realloc
configure:13624: gcc -o conftest -g -O2 -Iinclude -I/mnt/a57a7843-7ae2-415a-9125-4c61fa4163d9/3rdLibrary/SDL2-2.30.8/include -idirafter /mnt/a57a7843-7ae2-415a-9125-4c61fa4163d9/3rdLibrary/SDL2-2.30.8/src/video/khronos   -Iinclude -I/mnt/a57a7843-7ae2-415a-9125-4c61fa4163d9/3rdLibrary/SDL2-2.30.8/include -idirafter /mnt/a57a7843-7ae2-415a-9125-4c61fa4163d9/3rdLibrary/SDL2-2.30.8/src/video/khronos   conftest.c  >&5
conftest.c:70:6: warning: conflicting types for built-in function 'realloc'; expected 'void *(void *, long unsigned int)' [-Wbuiltin-declaration-mismatch]
   70 | char realloc ();
      |      ^~~~~~~
conftest.c:58:1: note: 'realloc' is declared in header '<stdlib.h>'
   57 | # include <limits.h>
   58 | #else
configure:13624: $? = 0
configure:13624: result: yes
configure:13624: checking for free
configure:13624: gcc -o conftest -g -O2 -Iinclude -I/mnt/a57a7843-7ae2-415a-9125-4c61fa4163d9/3rdLibrary/SDL2-2.30.8/include -idirafter /mnt/a57a7843-7ae2-415a-9125-4c61fa4163d9/3rdLibrary/SDL2-2.30.8/src/video/khronos   -Iinclude -I/mnt/a57a7843-7ae2-415a-9125-4c61fa4163d9/3rdLibrary/SDL2-2.30.8/include -idirafter /mnt/a57a7843-7ae2-415a-9125-4c61fa4163d9/3rdLibrary/SDL2-2.30.8/src/video/khronos   conftest.c  >&5
conftest.c:71:6: warning: conflicting types for built-in function 'free'; expected 'void(void *)' [-Wbuiltin-declaration-mismatch]
   71 | char free ();
      |      ^~~~
conftest.c:59:1: note: 'free' is declared in header '<stdlib.h>'
   58 | # include <limits.h>
   59 | #else
configure:13624: $? = 0
configure:13624: result: yes
configure:13624: checking for getenv
configure:13624: gcc -o conftest -g -O2 -Iinclude -I/mnt/a57a7843-7ae2-415a-9125-4c61fa4163d9/3rdLibrary/SDL2-2.30.8/include -idirafter /mnt/a57a7843-7ae2-415a-9125-4c61fa4163d9/3rdLibrary/SDL2-2.30.8/src/video/khronos   -Iinclude -I/mnt/a57a7843-7ae2-415a-9125-4c61fa4163d9/3rdLibrary/SDL2-2.30.8/include -idirafter /mnt/a57a7843-7ae2-415a-9125-4c61fa4163d9/3rdLibrary/SDL2-2.30.8/src/video/khronos   conftest.c  >&5
configure:13624: $? = 0
configure:13624: result: yes
configure:13624: checking for setenv
configure:13624: gcc -o conftest -g -O2 -Iinclude -I/mnt/a57a7843-7ae2-415a-9125-4c61fa4163d9/3rdLibrary/SDL2-2.30.8/include -idirafter /mnt/a57a7843-7ae2-415a-9125-4c61fa4163d9/3rdLibrary/SDL2-2.30.8/src/video/khronos   -Iinclude -I/mnt/a57a7843-7ae2-415a-9125-4c61fa4163d9/3rdLibrary/SDL2-2.30.8/include -idirafter /mnt/a57a7843-7ae2-415a-9125-4c61fa4163d9/3rdLibrary/SDL2-2.30.8/src/video/khronos   conftest.c  >&5
configure:13624: $? = 0
configure:13624: result: yes
configure:13624: checking for putenv
configure:13624: gcc -o conftest -g -O2 -Iinclude -I/mnt/a57a7843-7ae2-415a-9125-4c61fa4163d9/3rdLibrary/SDL2-2.30.8/include -idirafter /mnt/a57a7843-7ae2-415a-9125-4c61fa4163d9/3rdLibrary/SDL2-2.30.8/src/video/khronos   -Iinclude -I/mnt/a57a7843-7ae2-415a-9125-4c61fa4163d9/3rdLibrary/SDL2-2.30.8/include -idirafter /mnt/a57a7843-7ae2-415a-9125-4c61fa4163d9/3rdLibrary/SDL2-2.30.8/src/video/khronos   conftest.c  >&5
configure:13624: $? = 0
configure:13624: result: yes
configure:13624: checking for unsetenv
configure:13624: gcc -o conftest -g -O2 -Iinclude -I/mnt/a57a7843-7ae2-415a-9125-4c61fa4163d9/3rdLibrary/SDL2-2.30.8/include -idirafter /mnt/a57a7843-7ae2-415a-9125-4c61fa4163d9/3rdLibrary/SDL2-2.30.8/src/video/khronos   -Iinclude -I/mnt/a57a7843-7ae2-415a-9125-4c61fa4163d9/3rdLibrary/SDL2-2.30.8/include -idirafter /mnt/a57a7843-7ae2-415a-9125-4c61fa4163d9/3rdLibrary/SDL2-2.30.8/src/video/khronos   conftest.c  >&5
configure:13624: $? = 0
configure:13624: result: yes
configure:13624: checking for bsearch
configure:13624: gcc -o conftest -g -O2 -Iinclude -I/mnt/a57a7843-7ae2-415a-9125-4c61fa4163d9/3rdLibrary/SDL2-2.30.8/include -idirafter /mnt/a57a7843-7ae2-415a-9125-4c61fa4163d9/3rdLibrary/SDL2-2.30.8/src/video/khronos   -Iinclude -I/mnt/a57a7843-7ae2-415a-9125-4c61fa4163d9/3rdLibrary/SDL2-2.30.8/include -idirafter /mnt/a57a7843-7ae2-415a-9125-4c61fa4163d9/3rdLibrary/SDL2-2.30.8/src/video/khronos   conftest.c  >&5
configure:13624: $? = 0
configure:13624: result: yes
configure:13624: checking for qsort
configure:13624: gcc -o conftest -g -O2 -Iinclude -I/mnt/a57a7843-7ae2-415a-9125-4c61fa4163d9/3rdLibrary/SDL2-2.30.8/include -idirafter /mnt/a57a7843-7ae2-415a-9125-4c61fa4163d9/3rdLibrary/SDL2-2.30.8/src/video/khronos   -Iinclude -I/mnt/a57a7843-7ae2-415a-9125-4c61fa4163d9/3rdLibrary/SDL2-2.30.8/include -idirafter /mnt/a57a7843-7ae2-415a-9125-4c61fa4163d9/3rdLibrary/SDL2-2.30.8/src/video/khronos   conftest.c  >&5
configure:13624: $? = 0
configure:13624: result: yes
configure:13624: checking for abs
configure:13624: gcc -o conftest -g -O2 -Iinclude -I/mnt/a57a7843-7ae2-415a-9125-4c61fa4163d9/3rdLibrary/SDL2-2.30.8/include -idirafter /mnt/a57a7843-7ae2-415a-9125-4c61fa4163d9/3rdLibrary/SDL2-2.30.8/src/video/khronos   -Iinclude -I/mnt/a57a7843-7ae2-415a-9125-4c61fa4163d9/3rdLibrary/SDL2-2.30.8/include -idirafter /mnt/a57a7843-7ae2-415a-9125-4c61fa4163d9/3rdLibrary/SDL2-2.30.8/src/video/khronos   conftest.c  >&5
conftest.c:78:6: warning: conflicting types for built-in function 'abs'; expected 'int(int)' [-Wbuiltin-declaration-mismatch]
   78 | char abs ();
      |      ^~~
conftest.c:66:1: note: 'abs' is declared in header '<stdlib.h>'
   65 | # include <limits.h>
   66 | #else
configure:13624: $? = 0
configure:13624: result: yes
configure:13624: checking for bcopy
configure:13624: gcc -o conftest -g -O2 -Iinclude -I/mnt/a57a7843-7ae2-415a-9125-4c61fa4163d9/3rdLibrary/SDL2-2.30.8/include -idirafter /mnt/a57a7843-7ae2-415a-9125-4c61fa4163d9/3rdLibrary/SDL2-2.30.8/src/video/khronos   -Iinclude -I/mnt/a57a7843-7ae2-415a-9125-4c61fa4163d9/3rdLibrary/SDL2-2.30.8/include -idirafter /mnt/a57a7843-7ae2-415a-9125-4c61fa4163d9/3rdLibrary/SDL2-2.30.8/src/video/khronos   conftest.c  >&5
conftest.c:79:6: warning: conflicting types for built-in function 'bcopy'; expected 'void(const void *, void *, long unsigned int)' [-Wbuiltin-declaration-mismatch]
   79 | char bcopy ();
      |      ^~~~~
configure:13624: $? = 0
configure:13624: result: yes
configure:13624: checking for memset
configure:13624: gcc -o conftest -g -O2 -Iinclude -I/mnt/a57a7843-7ae2-415a-9125-4c61fa4163d9/3rdLibrary/SDL2-2.30.8/include -idirafter /mnt/a57a7843-7ae2-415a-9125-4c61fa4163d9/3rdLibrary/SDL2-2.30.8/src/video/khronos   -Iinclude -I/mnt/a57a7843-7ae2-415a-9125-4c61fa4163d9/3rdLibrary/SDL2-2.30.8/include -idirafter /mnt/a57a7843-7ae2-415a-9125-4c61fa4163d9/3rdLibrary/SDL2-2.30.8/src/video/khronos   conftest.c  >&5
conftest.c:80:6: warning: conflicting types for built-in function 'memset'; expected 'void *(void *, int,  long unsigned int)' [-Wbuiltin-declaration-mismatch]
   80 | char memset ();
      |      ^~~~~~
conftest.c:68:1: note: 'memset' is declared in header '<string.h>'
   67 | # include <limits.h>
   68 | #else
configure:13624: $? = 0
configure:13624: result: yes
configure:13624: checking for memcmp
configure:13624: gcc -o conftest -g -O2 -Iinclude -I/mnt/a57a7843-7ae2-415a-9125-4c61fa4163d9/3rdLibrary/SDL2-2.30.8/include -idirafter /mnt/a57a7843-7ae2-415a-9125-4c61fa4163d9/3rdLibrary/SDL2-2.30.8/src/video/khronos   -Iinclude -I/mnt/a57a7843-7ae2-415a-9125-4c61fa4163d9/3rdLibrary/SDL2-2.30.8/include -idirafter /mnt/a57a7843-7ae2-415a-9125-4c61fa4163d9/3rdLibrary/SDL2-2.30.8/src/video/khronos   conftest.c  >&5
conftest.c:81:6: warning: conflicting types for built-in function 'memcmp'; expected 'int(const void *, const void *, long unsigned int)' [-Wbuiltin-declaration-mismatch]
   81 | char memcmp ();
      |      ^~~~~~
conftest.c:69:1: note: 'memcmp' is declared in header '<string.h>'
   68 | # include <limits.h>
   69 | #else
configure:13624: $? = 0
configure:13624: result: yes
configure:13624: checking for memcpy
configure:13624: gcc -o conftest -g -O2 -Iinclude -I/mnt/a57a7843-7ae2-415a-9125-4c61fa4163d9/3rdLibrary/SDL2-2.30.8/include -idirafter /mnt/a57a7843-7ae2-415a-9125-4c61fa4163d9/3rdLibrary/SDL2-2.30.8/src/video/khronos   -Iinclude -I/mnt/a57a7843-7ae2-415a-9125-4c61fa4163d9/3rdLibrary/SDL2-2.30.8/include -idirafter /mnt/a57a7843-7ae2-415a-9125-4c61fa4163d9/3rdLibrary/SDL2-2.30.8/src/video/khronos   conftest.c  >&5
conftest.c:82:6: warning: conflicting types for built-in function 'memcpy'; expected 'void *(void *, const void *, long unsigned int)' [-Wbuiltin-declaration-mismatch]
   82 | char memcpy ();
      |      ^~~~~~
conftest.c:70:1: note: 'memcpy' is declared in header '<string.h>'
   69 | # include <limits.h>
   70 | #else
configure:13624: $? = 0
configure:13624: result: yes
configure:13624: checking for memmove
configure:13624: gcc -o conftest -g -O2 -Iinclude -I/mnt/a57a7843-7ae2-415a-9125-4c61fa4163d9/3rdLibrary/SDL2-2.30.8/include -idirafter /mnt/a57a7843-7ae2-415a-9125-4c61fa4163d9/3rdLibrary/SDL2-2.30.8/src/video/khronos   -Iinclude -I/mnt/a57a7843-7ae2-415a-9125-4c61fa4163d9/3rdLibrary/SDL2-2.30.8/include -idirafter /mnt/a57a7843-7ae2-415a-9125-4c61fa4163d9/3rdLibrary/SDL2-2.30.8/src/video/khronos   conftest.c  >&5
conftest.c:83:6: warning: conflicting types for built-in function 'memmove'; expected 'void *(void *, const void *, long unsigned int)' [-Wbuiltin-declaration-mismatch]
   83 | char memmove ();
      |      ^~~~~~~
conftest.c:71:1: note: 'memmove' is declared in header '<string.h>'
   70 | # include <limits.h>
   71 | #else
configure:13624: $? = 0
configure:13624: result: yes
configure:13624: checking for wcslen
configure:13624: gcc -o conftest -g -O2 -Iinclude -I/mnt/a57a7843-7ae2-415a-9125-4c61fa4163d9/3rdLibrary/SDL2-2.30.8/include -idirafter /mnt/a57a7843-7ae2-415a-9125-4c61fa4163d9/3rdLibrary/SDL2-2.30.8/src/video/khronos   -Iinclude -I/mnt/a57a7843-7ae2-415a-9125-4c61fa4163d9/3rdLibrary/SDL2-2.30.8/include -idirafter /mnt/a57a7843-7ae2-415a-9125-4c61fa4163d9/3rdLibrary/SDL2-2.30.8/src/video/khronos   conftest.c  >&5
configure:13624: $? = 0
configure:13624: result: yes
configure:13624: checking for wcslcpy
configure:13624: gcc -o conftest -g -O2 -Iinclude -I/mnt/a57a7843-7ae2-415a-9125-4c61fa4163d9/3rdLibrary/SDL2-2.30.8/include -idirafter /mnt/a57a7843-7ae2-415a-9125-4c61fa4163d9/3rdLibrary/SDL2-2.30.8/src/video/khronos   -Iinclude -I/mnt/a57a7843-7ae2-415a-9125-4c61fa4163d9/3rdLibrary/SDL2-2.30.8/include -idirafter /mnt/a57a7843-7ae2-415a-9125-4c61fa4163d9/3rdLibrary/SDL2-2.30.8/src/video/khronos   conftest.c  >&5
/usr/bin/ld: /tmp/ccABsdbv.o: in function `main':
/mnt/a57a7843-7ae2-415a-9125-4c61fa4163d9/3rdLibrary/SDL2-2.30.8/conftest.c:96: undefined reference to `wcslcpy'
collect2: error: ld returned 1 exit status
configure:13624: $? = 1
configure: failed program was:
| /* confdefs.h */
| #define PACKAGE_NAME ""
| #define PACKAGE_TARNAME ""
| #define PACKAGE_VERSION ""
| #define PACKAGE_STRING ""
| #define PACKAGE_BUGREPORT ""
| #define PACKAGE_URL ""
| #define STDC_HEADERS 1
| #define HAVE_SYS_TYPES_H 1
| #define HAVE_SYS_STAT_H 1
| #define HAVE_STDLIB_H 1
| #define HAVE_STRING_H 1
| #define HAVE_MEMORY_H 1
| #define HAVE_STRINGS_H 1
| #define HAVE_INTTYPES_H 1
| #define HAVE_STDINT_H 1
| #define HAVE_UNISTD_H 1
| #define HAVE_DLFCN_H 1
| #define LT_OBJDIR ".libs/"
| #define HAVE_LIBC 1
| #define STDC_HEADERS 1
| #define HAVE_SYS_TYPES_H 1
| #define HAVE_STDIO_H 1
| #define HAVE_STDLIB_H 1
| #define HAVE_STDDEF_H 1
| #define HAVE_STDARG_H 1
| #define HAVE_MALLOC_H 1
| #define HAVE_MEMORY_H 1
| #define HAVE_STRING_H 1
| #define HAVE_STRINGS_H 1
| #define HAVE_WCHAR_H 1
| #define HAVE_INTTYPES_H 1
| #define HAVE_STDINT_H 1
| #define HAVE_LIMITS_H 1
| #define HAVE_CTYPE_H 1
| #define HAVE_MATH_H 1
| #define HAVE_FLOAT_H 1
| #define HAVE_ICONV_H 1
| #define HAVE_SIGNAL_H 1
| #define HAVE_M_PI /**/
| #define HAVE_ALLOCA_H 1
| #define HAVE_ALLOCA 1
| #define HAVE_MPROTECT 1
| #define HAVE_MALLOC 1
| #define HAVE_CALLOC 1
| #define HAVE_REALLOC 1
| #define HAVE_FREE 1
| #define HAVE_GETENV 1
| #define HAVE_SETENV 1
| #define HAVE_PUTENV 1
| #define HAVE_UNSETENV 1
| #define HAVE_BSEARCH 1
| #define HAVE_QSORT 1
| #define HAVE_ABS 1
| #define HAVE_BCOPY 1
| #define HAVE_MEMSET 1
| #define HAVE_MEMCMP 1
| #define HAVE_MEMCPY 1
| #define HAVE_MEMMOVE 1
| #define HAVE_WCSLEN 1
| /* end confdefs.h.  */
| /* Define wcslcpy to an innocuous variant, in case <limits.h> declares wcslcpy.
|    For example, HP-UX 11i <limits.h> declares gettimeofday.  */
| #define wcslcpy innocuous_wcslcpy
| 
| /* System header to define __stub macros and hopefully few prototypes,
|     which can conflict with char wcslcpy (); below.
|     Prefer <limits.h> to <assert.h> if __STDC__ is defined, since
|     <limits.h> exists even on freestanding compilers.  */
| 
| #ifdef __STDC__
| # include <limits.h>
| #else
| # include <assert.h>
| #endif
| 
| #undef wcslcpy
| 
| /* Override any GCC internal prototype to avoid an error.
|    Use char because int might match the return type of a GCC
|    builtin and then its argument prototype would still apply.  */
| #ifdef __cplusplus
| extern "C"
| #endif
| char wcslcpy ();
| /* The GNU C library defines this for functions which it implements
|     to always fail with ENOSYS.  Some functions are actually named
|     something starting with __ and the normal name is an alias.  */
| #if defined __stub_wcslcpy || defined __stub___wcslcpy
| choke me
| #endif
| 
| int
| main ()
| {
| return wcslcpy ();
|   ;
|   return 0;
| }
configure:13624: result: no
configure:13624: checking for wcslcat
configure:13624: gcc -o conftest -g -O2 -Iinclude -I/mnt/a57a7843-7ae2-415a-9125-4c61fa4163d9/3rdLibrary/SDL2-2.30.8/include -idirafter /mnt/a57a7843-7ae2-415a-9125-4c61fa4163d9/3rdLibrary/SDL2-2.30.8/src/video/khronos   -Iinclude -I/mnt/a57a7843-7ae2-415a-9125-4c61fa4163d9/3rdLibrary/SDL2-2.30.8/include -idirafter /mnt/a57a7843-7ae2-415a-9125-4c61fa4163d9/3rdLibrary/SDL2-2.30.8/src/video/khronos   conftest.c  >&5
/usr/bin/ld: /tmp/cc4JSIeR.o: in function `main':
/mnt/a57a7843-7ae2-415a-9125-4c61fa4163d9/3rdLibrary/SDL2-2.30.8/conftest.c:96: undefined reference to `wcslcat'
collect2: error: ld returned 1 exit status
configure:13624: $? = 1
configure: failed program was:
| /* confdefs.h */
| #define PACKAGE_NAME ""
| #define PACKAGE_TARNAME ""
| #define PACKAGE_VERSION ""
| #define PACKAGE_STRING ""
| #define PACKAGE_BUGREPORT ""
| #define PACKAGE_URL ""
| #define STDC_HEADERS 1
| #define HAVE_SYS_TYPES_H 1
| #define HAVE_SYS_STAT_H 1
| #define HAVE_STDLIB_H 1
| #define HAVE_STRING_H 1
| #define HAVE_MEMORY_H 1
| #define HAVE_STRINGS_H 1
| #define HAVE_INTTYPES_H 1
| #define HAVE_STDINT_H 1
| #define HAVE_UNISTD_H 1
| #define HAVE_DLFCN_H 1
| #define LT_OBJDIR ".libs/"
| #define HAVE_LIBC 1
| #define STDC_HEADERS 1
| #define HAVE_SYS_TYPES_H 1
| #define HAVE_STDIO_H 1
| #define HAVE_STDLIB_H 1
| #define HAVE_STDDEF_H 1
| #define HAVE_STDARG_H 1
| #define HAVE_MALLOC_H 1
| #define HAVE_MEMORY_H 1
| #define HAVE_STRING_H 1
| #define HAVE_STRINGS_H 1
| #define HAVE_WCHAR_H 1
| #define HAVE_INTTYPES_H 1
| #define HAVE_STDINT_H 1
| #define HAVE_LIMITS_H 1
| #define HAVE_CTYPE_H 1
| #define HAVE_MATH_H 1
| #define HAVE_FLOAT_H 1
| #define HAVE_ICONV_H 1
| #define HAVE_SIGNAL_H 1
| #define HAVE_M_PI /**/
| #define HAVE_ALLOCA_H 1
| #define HAVE_ALLOCA 1
| #define HAVE_MPROTECT 1
| #define HAVE_MALLOC 1
| #define HAVE_CALLOC 1
| #define HAVE_REALLOC 1
| #define HAVE_FREE 1
| #define HAVE_GETENV 1
| #define HAVE_SETENV 1
| #define HAVE_PUTENV 1
| #define HAVE_UNSETENV 1
| #define HAVE_BSEARCH 1
| #define HAVE_QSORT 1
| #define HAVE_ABS 1
| #define HAVE_BCOPY 1
| #define HAVE_MEMSET 1
| #define HAVE_MEMCMP 1
| #define HAVE_MEMCPY 1
| #define HAVE_MEMMOVE 1
| #define HAVE_WCSLEN 1
| /* end confdefs.h.  */
| /* Define wcslcat to an innocuous variant, in case <limits.h> declares wcslcat.
|    For example, HP-UX 11i <limits.h> declares gettimeofday.  */
| #define wcslcat innocuous_wcslcat
| 
| /* System header to define __stub macros and hopefully few prototypes,
|     which can conflict with char wcslcat (); below.
|     Prefer <limits.h> to <assert.h> if __STDC__ is defined, since
|     <limits.h> exists even on freestanding compilers.  */
| 
| #ifdef __STDC__
| # include <limits.h>
| #else
| # include <assert.h>
| #endif
| 
| #undef wcslcat
| 
| /* Override any GCC internal prototype to avoid an error.
|    Use char because int might match the return type of a GCC
|    builtin and then its argument prototype would still apply.  */
| #ifdef __cplusplus
| extern "C"
| #endif
| char wcslcat ();
| /* The GNU C library defines this for functions which it implements
|     to always fail with ENOSYS.  Some functions are actually named
|     something starting with __ and the normal name is an alias.  */
| #if defined __stub_wcslcat || defined __stub___wcslcat
| choke me
| #endif
| 
| int
| main ()
| {
| return wcslcat ();
|   ;
|   return 0;
| }
configure:13624: result: no
configure:13624: checking for _wcsdup
configure:13624: gcc -o conftest -g -O2 -Iinclude -I/mnt/a57a7843-7ae2-415a-9125-4c61fa4163d9/3rdLibrary/SDL2-2.30.8/include -idirafter /mnt/a57a7843-7ae2-415a-9125-4c61fa4163d9/3rdLibrary/SDL2-2.30.8/src/video/khronos   -Iinclude -I/mnt/a57a7843-7ae2-415a-9125-4c61fa4163d9/3rdLibrary/SDL2-2.30.8/include -idirafter /mnt/a57a7843-7ae2-415a-9125-4c61fa4163d9/3rdLibrary/SDL2-2.30.8/src/video/khronos   conftest.c  >&5
/usr/bin/ld: /tmp/cccdGFDd.o: in function `main':
/mnt/a57a7843-7ae2-415a-9125-4c61fa4163d9/3rdLibrary/SDL2-2.30.8/conftest.c:96: undefined reference to `_wcsdup'
collect2: error: ld returned 1 exit status
configure:13624: $? = 1
configure: failed program was:
| /* confdefs.h */
| #define PACKAGE_NAME ""
| #define PACKAGE_TARNAME ""
| #define PACKAGE_VERSION ""
| #define PACKAGE_STRING ""
| #define PACKAGE_BUGREPORT ""
| #define PACKAGE_URL ""
| #define STDC_HEADERS 1
| #define HAVE_SYS_TYPES_H 1
| #define HAVE_SYS_STAT_H 1
| #define HAVE_STDLIB_H 1
| #define HAVE_STRING_H 1
| #define HAVE_MEMORY_H 1
| #define HAVE_STRINGS_H 1
| #define HAVE_INTTYPES_H 1
| #define HAVE_STDINT_H 1
| #define HAVE_UNISTD_H 1
| #define HAVE_DLFCN_H 1
| #define LT_OBJDIR ".libs/"
| #define HAVE_LIBC 1
| #define STDC_HEADERS 1
| #define HAVE_SYS_TYPES_H 1
| #define HAVE_STDIO_H 1
| #define HAVE_STDLIB_H 1
| #define HAVE_STDDEF_H 1
| #define HAVE_STDARG_H 1
| #define HAVE_MALLOC_H 1
| #define HAVE_MEMORY_H 1
| #define HAVE_STRING_H 1
| #define HAVE_STRINGS_H 1
| #define HAVE_WCHAR_H 1
| #define HAVE_INTTYPES_H 1
| #define HAVE_STDINT_H 1
| #define HAVE_LIMITS_H 1
| #define HAVE_CTYPE_H 1
| #define HAVE_MATH_H 1
| #define HAVE_FLOAT_H 1
| #define HAVE_ICONV_H 1
| #define HAVE_SIGNAL_H 1
| #define HAVE_M_PI /**/
| #define HAVE_ALLOCA_H 1
| #define HAVE_ALLOCA 1
| #define HAVE_MPROTECT 1
| #define HAVE_MALLOC 1
| #define HAVE_CALLOC 1
| #define HAVE_REALLOC 1
| #define HAVE_FREE 1
| #define HAVE_GETENV 1
| #define HAVE_SETENV 1
| #define HAVE_PUTENV 1
| #define HAVE_UNSETENV 1
| #define HAVE_BSEARCH 1
| #define HAVE_QSORT 1
| #define HAVE_ABS 1
| #define HAVE_BCOPY 1
| #define HAVE_MEMSET 1
| #define HAVE_MEMCMP 1
| #define HAVE_MEMCPY 1
| #define HAVE_MEMMOVE 1
| #define HAVE_WCSLEN 1
| /* end confdefs.h.  */
| /* Define _wcsdup to an innocuous variant, in case <limits.h> declares _wcsdup.
|    For example, HP-UX 11i <limits.h> declares gettimeofday.  */
| #define _wcsdup innocuous__wcsdup
| 
| /* System header to define __stub macros and hopefully few prototypes,
|     which can conflict with char _wcsdup (); below.
|     Prefer <limits.h> to <assert.h> if __STDC__ is defined, since
|     <limits.h> exists even on freestanding compilers.  */
| 
| #ifdef __STDC__
| # include <limits.h>
| #else
| # include <assert.h>
| #endif
| 
| #undef _wcsdup
| 
| /* Override any GCC internal prototype to avoid an error.
|    Use char because int might match the return type of a GCC
|    builtin and then its argument prototype would still apply.  */
| #ifdef __cplusplus
| extern "C"
| #endif
| char _wcsdup ();
| /* The GNU C library defines this for functions which it implements
|     to always fail with ENOSYS.  Some functions are actually named
|     something starting with __ and the normal name is an alias.  */
| #if defined __stub__wcsdup || defined __stub____wcsdup
| choke me
| #endif
| 
| int
| main ()
| {
| return _wcsdup ();
|   ;
|   return 0;
| }
configure:13624: result: no
configure:13624: checking for wcsdup
configure:13624: gcc -o conftest -g -O2 -Iinclude -I/mnt/a57a7843-7ae2-415a-9125-4c61fa4163d9/3rdLibrary/SDL2-2.30.8/include -idirafter /mnt/a57a7843-7ae2-415a-9125-4c61fa4163d9/3rdLibrary/SDL2-2.30.8/src/video/khronos   -Iinclude -I/mnt/a57a7843-7ae2-415a-9125-4c61fa4163d9/3rdLibrary/SDL2-2.30.8/include -idirafter /mnt/a57a7843-7ae2-415a-9125-4c61fa4163d9/3rdLibrary/SDL2-2.30.8/src/video/khronos   conftest.c  >&5
configure:13624: $? = 0
configure:13624: result: yes
configure:13624: checking for wcsstr
configure:13624: gcc -o conftest -g -O2 -Iinclude -I/mnt/a57a7843-7ae2-415a-9125-4c61fa4163d9/3rdLibrary/SDL2-2.30.8/include -idirafter /mnt/a57a7843-7ae2-415a-9125-4c61fa4163d9/3rdLibrary/SDL2-2.30.8/src/video/khronos   -Iinclude -I/mnt/a57a7843-7ae2-415a-9125-4c61fa4163d9/3rdLibrary/SDL2-2.30.8/include -idirafter /mnt/a57a7843-7ae2-415a-9125-4c61fa4163d9/3rdLibrary/SDL2-2.30.8/src/video/khronos   conftest.c  >&5
configure:13624: $? = 0
configure:13624: result: yes
configure:13624: checking for wcscmp
configure:13624: gcc -o conftest -g -O2 -Iinclude -I/mnt/a57a7843-7ae2-415a-9125-4c61fa4163d9/3rdLibrary/SDL2-2.30.8/include -idirafter /mnt/a57a7843-7ae2-415a-9125-4c61fa4163d9/3rdLibrary/SDL2-2.30.8/src/video/khronos   -Iinclude -I/mnt/a57a7843-7ae2-415a-9125-4c61fa4163d9/3rdLibrary/SDL2-2.30.8/include -idirafter /mnt/a57a7843-7ae2-415a-9125-4c61fa4163d9/3rdLibrary/SDL2-2.30.8/src/video/khronos   conftest.c  >&5
configure:13624: $? = 0
configure:13624: result: yes
configure:13624: checking for wcsncmp
configure:13624: gcc -o conftest -g -O2 -Iinclude -I/mnt/a57a7843-7ae2-415a-9125-4c61fa4163d9/3rdLibrary/SDL2-2.30.8/include -idirafter /mnt/a57a7843-7ae2-415a-9125-4c61fa4163d9/3rdLibrary/SDL2-2.30.8/src/video/khronos   -Iinclude -I/mnt/a57a7843-7ae2-415a-9125-4c61fa4163d9/3rdLibrary/SDL2-2.30.8/include -idirafter /mnt/a57a7843-7ae2-415a-9125-4c61fa4163d9/3rdLibrary/SDL2-2.30.8/src/video/khronos   conftest.c  >&5
configure:13624: $? = 0
configure:13624: result: yes
configure:13624: checking for wcscasecmp
configure:13624: gcc -o conftest -g -O2 -Iinclude -I/mnt/a57a7843-7ae2-415a-9125-4c61fa4163d9/3rdLibrary/SDL2-2.30.8/include -idirafter /mnt/a57a7843-7ae2-415a-9125-4c61fa4163d9/3rdLibrary/SDL2-2.30.8/src/video/khronos   -Iinclude -I/mnt/a57a7843-7ae2-415a-9125-4c61fa4163d9/3rdLibrary/SDL2-2.30.8/include -idirafter /mnt/a57a7843-7ae2-415a-9125-4c61fa4163d9/3rdLibrary/SDL2-2.30.8/src/video/khronos   conftest.c  >&5
configure:13624: $? = 0
configure:13624: result: yes
configure:13624: checking for _wcsicmp
configure:13624: gcc -o conftest -g -O2 -Iinclude -I/mnt/a57a7843-7ae2-415a-9125-4c61fa4163d9/3rdLibrary/SDL2-2.30.8/include -idirafter /mnt/a57a7843-7ae2-415a-9125-4c61fa4163d9/3rdLibrary/SDL2-2.30.8/src/video/khronos   -Iinclude -I/mnt/a57a7843-7ae2-415a-9125-4c61fa4163d9/3rdLibrary/SDL2-2.30.8/include -idirafter /mnt/a57a7843-7ae2-415a-9125-4c61fa4163d9/3rdLibrary/SDL2-2.30.8/src/video/khronos   conftest.c  >&5
/usr/bin/ld: /tmp/ccR93QmL.o: in function `main':
/mnt/a57a7843-7ae2-415a-9125-4c61fa4163d9/3rdLibrary/SDL2-2.30.8/conftest.c:101: undefined reference to `_wcsicmp'
collect2: error: ld returned 1 exit status
configure:13624: $? = 1
configure: failed program was:
| /* confdefs.h */
| #define PACKAGE_NAME ""
| #define PACKAGE_TARNAME ""
| #define PACKAGE_VERSION ""
| #define PACKAGE_STRING ""
| #define PACKAGE_BUGREPORT ""
| #define PACKAGE_URL ""
| #define STDC_HEADERS 1
| #define HAVE_SYS_TYPES_H 1
| #define HAVE_SYS_STAT_H 1
| #define HAVE_STDLIB_H 1
| #define HAVE_STRING_H 1
| #define HAVE_MEMORY_H 1
| #define HAVE_STRINGS_H 1
| #define HAVE_INTTYPES_H 1
| #define HAVE_STDINT_H 1
| #define HAVE_UNISTD_H 1
| #define HAVE_DLFCN_H 1
| #define LT_OBJDIR ".libs/"
| #define HAVE_LIBC 1
| #define STDC_HEADERS 1
| #define HAVE_SYS_TYPES_H 1
| #define HAVE_STDIO_H 1
| #define HAVE_STDLIB_H 1
| #define HAVE_STDDEF_H 1
| #define HAVE_STDARG_H 1
| #define HAVE_MALLOC_H 1
| #define HAVE_MEMORY_H 1
| #define HAVE_STRING_H 1
| #define HAVE_STRINGS_H 1
| #define HAVE_WCHAR_H 1
| #define HAVE_INTTYPES_H 1
| #define HAVE_STDINT_H 1
| #define HAVE_LIMITS_H 1
| #define HAVE_CTYPE_H 1
| #define HAVE_MATH_H 1
| #define HAVE_FLOAT_H 1
| #define HAVE_ICONV_H 1
| #define HAVE_SIGNAL_H 1
| #define HAVE_M_PI /**/
| #define HAVE_ALLOCA_H 1
| #define HAVE_ALLOCA 1
| #define HAVE_MPROTECT 1
| #define HAVE_MALLOC 1
| #define HAVE_CALLOC 1
| #define HAVE_REALLOC 1
| #define HAVE_FREE 1
| #define HAVE_GETENV 1
| #define HAVE_SETENV 1
| #define HAVE_PUTENV 1
| #define HAVE_UNSETENV 1
| #define HAVE_BSEARCH 1
| #define HAVE_QSORT 1
| #define HAVE_ABS 1
| #define HAVE_BCOPY 1
| #define HAVE_MEMSET 1
| #define HAVE_MEMCMP 1
| #define HAVE_MEMCPY 1
| #define HAVE_MEMMOVE 1
| #define HAVE_WCSLEN 1
| #define HAVE_WCSDUP 1
| #define HAVE_WCSSTR 1
| #define HAVE_WCSCMP 1
| #define HAVE_WCSNCMP 1
| #define HAVE_WCSCASECMP 1
| /* end confdefs.h.  */
| /* Define _wcsicmp to an innocuous variant, in case <limits.h> declares _wcsicmp.
|    For example, HP-UX 11i <limits.h> declares gettimeofday.  */
| #define _wcsicmp innocuous__wcsicmp
| 
| /* System header to define __stub macros and hopefully few prototypes,
|     which can conflict with char _wcsicmp (); below.
|     Prefer <limits.h> to <assert.h> if __STDC__ is defined, since
|     <limits.h> exists even on freestanding compilers.  */
| 
| #ifdef __STDC__
| # include <limits.h>
| #else
| # include <assert.h>
| #endif
| 
| #undef _wcsicmp
| 
| /* Override any GCC internal prototype to avoid an error.
|    Use char because int might match the return type of a GCC
|    builtin and then its argument prototype would still apply.  */
| #ifdef __cplusplus
| extern "C"
| #endif
| char _wcsicmp ();
| /* The GNU C library defines this for functions which it implements
|     to always fail with ENOSYS.  Some functions are actually named
|     something starting with __ and the normal name is an alias.  */
| #if defined __stub__wcsicmp || defined __stub____wcsicmp
| choke me
| #endif
| 
| int
| main ()
| {
| return _wcsicmp ();
|   ;
|   return 0;
| }
configure:13624: result: no
configure:13624: checking for wcsncasecmp
configure:13624: gcc -o conftest -g -O2 -Iinclude -I/mnt/a57a7843-7ae2-415a-9125-4c61fa4163d9/3rdLibrary/SDL2-2.30.8/include -idirafter /mnt/a57a7843-7ae2-415a-9125-4c61fa4163d9/3rdLibrary/SDL2-2.30.8/src/video/khronos   -Iinclude -I/mnt/a57a7843-7ae2-415a-9125-4c61fa4163d9/3rdLibrary/SDL2-2.30.8/include -idirafter /mnt/a57a7843-7ae2-415a-9125-4c61fa4163d9/3rdLibrary/SDL2-2.30.8/src/video/khronos   conftest.c  >&5
configure:13624: $? = 0
configure:13624: result: yes
configure:13624: checking for _wcsnicmp
configure:13624: gcc -o conftest -g -O2 -Iinclude -I/mnt/a57a7843-7ae2-415a-9125-4c61fa4163d9/3rdLibrary/SDL2-2.30.8/include -idirafter /mnt/a57a7843-7ae2-415a-9125-4c61fa4163d9/3rdLibrary/SDL2-2.30.8/src/video/khronos   -Iinclude -I/mnt/a57a7843-7ae2-415a-9125-4c61fa4163d9/3rdLibrary/SDL2-2.30.8/include -idirafter /mnt/a57a7843-7ae2-415a-9125-4c61fa4163d9/3rdLibrary/SDL2-2.30.8/src/video/khronos   conftest.c  >&5
/usr/bin/ld: /tmp/ccoz2kSz.o: in function `main':
/mnt/a57a7843-7ae2-415a-9125-4c61fa4163d9/3rdLibrary/SDL2-2.30.8/conftest.c:102: undefined reference to `_wcsnicmp'
collect2: error: ld returned 1 exit status
configure:13624: $? = 1
configure: failed program was:
| /* confdefs.h */
| #define PACKAGE_NAME ""
| #define PACKAGE_TARNAME ""
| #define PACKAGE_VERSION ""
| #define PACKAGE_STRING ""
| #define PACKAGE_BUGREPORT ""
| #define PACKAGE_URL ""
| #define STDC_HEADERS 1
| #define HAVE_SYS_TYPES_H 1
| #define HAVE_SYS_STAT_H 1
| #define HAVE_STDLIB_H 1
| #define HAVE_STRING_H 1
| #define HAVE_MEMORY_H 1
| #define HAVE_STRINGS_H 1
| #define HAVE_INTTYPES_H 1
| #define HAVE_STDINT_H 1
| #define HAVE_UNISTD_H 1
| #define HAVE_DLFCN_H 1
| #define LT_OBJDIR ".libs/"
| #define HAVE_LIBC 1
| #define STDC_HEADERS 1
| #define HAVE_SYS_TYPES_H 1
| #define HAVE_STDIO_H 1
| #define HAVE_STDLIB_H 1
| #define HAVE_STDDEF_H 1
| #define HAVE_STDARG_H 1
| #define HAVE_MALLOC_H 1
| #define HAVE_MEMORY_H 1
| #define HAVE_STRING_H 1
| #define HAVE_STRINGS_H 1
| #define HAVE_WCHAR_H 1
| #define HAVE_INTTYPES_H 1
| #define HAVE_STDINT_H 1
| #define HAVE_LIMITS_H 1
| #define HAVE_CTYPE_H 1
| #define HAVE_MATH_H 1
| #define HAVE_FLOAT_H 1
| #define HAVE_ICONV_H 1
| #define HAVE_SIGNAL_H 1
| #define HAVE_M_PI /**/
| #define HAVE_ALLOCA_H 1
| #define HAVE_ALLOCA 1
| #define HAVE_MPROTECT 1
| #define HAVE_MALLOC 1
| #define HAVE_CALLOC 1
| #define HAVE_REALLOC 1
| #define HAVE_FREE 1
| #define HAVE_GETENV 1
| #define HAVE_SETENV 1
| #define HAVE_PUTENV 1
| #define HAVE_UNSETENV 1
| #define HAVE_BSEARCH 1
| #define HAVE_QSORT 1
| #define HAVE_ABS 1
| #define HAVE_BCOPY 1
| #define HAVE_MEMSET 1
| #define HAVE_MEMCMP 1
| #define HAVE_MEMCPY 1
| #define HAVE_MEMMOVE 1
| #define HAVE_WCSLEN 1
| #define HAVE_WCSDUP 1
| #define HAVE_WCSSTR 1
| #define HAVE_WCSCMP 1
| #define HAVE_WCSNCMP 1
| #define HAVE_WCSCASECMP 1
| #define HAVE_WCSNCASECMP 1
| /* end confdefs.h.  */
| /* Define _wcsnicmp to an innocuous variant, in case <limits.h> declares _wcsnicmp.
|    For example, HP-UX 11i <limits.h> declares gettimeofday.  */
| #define _wcsnicmp innocuous__wcsnicmp
| 
| /* System header to define __stub macros and hopefully few prototypes,
|     which can conflict with char _wcsnicmp (); below.
|     Prefer <limits.h> to <assert.h> if __STDC__ is defined, since
|     <limits.h> exists even on freestanding compilers.  */
| 
| #ifdef __STDC__
| # include <limits.h>
| #else
| # include <assert.h>
| #endif
| 
| #undef _wcsnicmp
| 
| /* Override any GCC internal prototype to avoid an error.
|    Use char because int might match the return type of a GCC
|    builtin and then its argument prototype would still apply.  */
| #ifdef __cplusplus
| extern "C"
| #endif
| char _wcsnicmp ();
| /* The GNU C library defines this for functions which it implements
|     to always fail with ENOSYS.  Some functions are actually named
|     something starting with __ and the normal name is an alias.  */
| #if defined __stub__wcsnicmp || defined __stub____wcsnicmp
| choke me
| #endif
| 
| int
| main ()
| {
| return _wcsnicmp ();
|   ;
|   return 0;
| }
configure:13624: result: no
configure:13624: checking for strlen
configure:13624: gcc -o conftest -g -O2 -Iinclude -I/mnt/a57a7843-7ae2-415a-9125-4c61fa4163d9/3rdLibrary/SDL2-2.30.8/include -idirafter /mnt/a57a7843-7ae2-415a-9125-4c61fa4163d9/3rdLibrary/SDL2-2.30.8/src/video/khronos   -Iinclude -I/mnt/a57a7843-7ae2-415a-9125-4c61fa4163d9/3rdLibrary/SDL2-2.30.8/include -idirafter /mnt/a57a7843-7ae2-415a-9125-4c61fa4163d9/3rdLibrary/SDL2-2.30.8/src/video/khronos   conftest.c  >&5
conftest.c:91:6: warning: conflicting types for built-in function 'strlen'; expected 'long unsigned int(const char *)' [-Wbuiltin-declaration-mismatch]
   91 | char strlen ();
      |      ^~~~~~
conftest.c:79:1: note: 'strlen' is declared in header '<string.h>'
   78 | # include <limits.h>
   79 | #else
configure:13624: $? = 0
configure:13624: result: yes
configure:13624: checking for strlcpy
configure:13624: gcc -o conftest -g -O2 -Iinclude -I/mnt/a57a7843-7ae2-415a-9125-4c61fa4163d9/3rdLibrary/SDL2-2.30.8/include -idirafter /mnt/a57a7843-7ae2-415a-9125-4c61fa4163d9/3rdLibrary/SDL2-2.30.8/src/video/khronos   -Iinclude -I/mnt/a57a7843-7ae2-415a-9125-4c61fa4163d9/3rdLibrary/SDL2-2.30.8/include -idirafter /mnt/a57a7843-7ae2-415a-9125-4c61fa4163d9/3rdLibrary/SDL2-2.30.8/src/video/khronos   conftest.c  >&5
/usr/bin/ld: /tmp/ccjOwh0y.o: in function `main':
/mnt/a57a7843-7ae2-415a-9125-4c61fa4163d9/3rdLibrary/SDL2-2.30.8/conftest.c:103: undefined reference to `strlcpy'
collect2: error: ld returned 1 exit status
configure:13624: $? = 1
configure: failed program was:
| /* confdefs.h */
| #define PACKAGE_NAME ""
| #define PACKAGE_TARNAME ""
| #define PACKAGE_VERSION ""
| #define PACKAGE_STRING ""
| #define PACKAGE_BUGREPORT ""
| #define PACKAGE_URL ""
| #define STDC_HEADERS 1
| #define HAVE_SYS_TYPES_H 1
| #define HAVE_SYS_STAT_H 1
| #define HAVE_STDLIB_H 1
| #define HAVE_STRING_H 1
| #define HAVE_MEMORY_H 1
| #define HAVE_STRINGS_H 1
| #define HAVE_INTTYPES_H 1
| #define HAVE_STDINT_H 1
| #define HAVE_UNISTD_H 1
| #define HAVE_DLFCN_H 1
| #define LT_OBJDIR ".libs/"
| #define HAVE_LIBC 1
| #define STDC_HEADERS 1
| #define HAVE_SYS_TYPES_H 1
| #define HAVE_STDIO_H 1
| #define HAVE_STDLIB_H 1
| #define HAVE_STDDEF_H 1
| #define HAVE_STDARG_H 1
| #define HAVE_MALLOC_H 1
| #define HAVE_MEMORY_H 1
| #define HAVE_STRING_H 1
| #define HAVE_STRINGS_H 1
| #define HAVE_WCHAR_H 1
| #define HAVE_INTTYPES_H 1
| #define HAVE_STDINT_H 1
| #define HAVE_LIMITS_H 1
| #define HAVE_CTYPE_H 1
| #define HAVE_MATH_H 1
| #define HAVE_FLOAT_H 1
| #define HAVE_ICONV_H 1
| #define HAVE_SIGNAL_H 1
| #define HAVE_M_PI /**/
| #define HAVE_ALLOCA_H 1
| #define HAVE_ALLOCA 1
| #define HAVE_MPROTECT 1
| #define HAVE_MALLOC 1
| #define HAVE_CALLOC 1
| #define HAVE_REALLOC 1
| #define HAVE_FREE 1
| #define HAVE_GETENV 1
| #define HAVE_SETENV 1
| #define HAVE_PUTENV 1
| #define HAVE_UNSETENV 1
| #define HAVE_BSEARCH 1
| #define HAVE_QSORT 1
| #define HAVE_ABS 1
| #define HAVE_BCOPY 1
| #define HAVE_MEMSET 1
| #define HAVE_MEMCMP 1
| #define HAVE_MEMCPY 1
| #define HAVE_MEMMOVE 1
| #define HAVE_WCSLEN 1
| #define HAVE_WCSDUP 1
| #define HAVE_WCSSTR 1
| #define HAVE_WCSCMP 1
| #define HAVE_WCSNCMP 1
| #define HAVE_WCSCASECMP 1
| #define HAVE_WCSNCASECMP 1
| #define HAVE_STRLEN 1
| /* end confdefs.h.  */
| /* Define strlcpy to an innocuous variant, in case <limits.h> declares strlcpy.
|    For example, HP-UX 11i <limits.h> declares gettimeofday.  */
| #define strlcpy innocuous_strlcpy
| 
| /* System header to define __stub macros and hopefully few prototypes,
|     which can conflict with char strlcpy (); below.
|     Prefer <limits.h> to <assert.h> if __STDC__ is defined, since
|     <limits.h> exists even on freestanding compilers.  */
| 
| #ifdef __STDC__
| # include <limits.h>
| #else
| # include <assert.h>
| #endif
| 
| #undef strlcpy
| 
| /* Override any GCC internal prototype to avoid an error.
|    Use char because int might match the return type of a GCC
|    builtin and then its argument prototype would still apply.  */
| #ifdef __cplusplus
| extern "C"
| #endif
| char strlcpy ();
| /* The GNU C library defines this for functions which it implements
|     to always fail with ENOSYS.  Some functions are actually named
|     something starting with __ and the normal name is an alias.  */
| #if defined __stub_strlcpy || defined __stub___strlcpy
| choke me
| #endif
| 
| int
| main ()
| {
| return strlcpy ();
|   ;
|   return 0;
| }
configure:13624: result: no
configure:13624: checking for strlcat
configure:13624: gcc -o conftest -g -O2 -Iinclude -I/mnt/a57a7843-7ae2-415a-9125-4c61fa4163d9/3rdLibrary/SDL2-2.30.8/include -idirafter /mnt/a57a7843-7ae2-415a-9125-4c61fa4163d9/3rdLibrary/SDL2-2.30.8/src/video/khronos   -Iinclude -I/mnt/a57a7843-7ae2-415a-9125-4c61fa4163d9/3rdLibrary/SDL2-2.30.8/include -idirafter /mnt/a57a7843-7ae2-415a-9125-4c61fa4163d9/3rdLibrary/SDL2-2.30.8/src/video/khronos   conftest.c  >&5
/usr/bin/ld: /tmp/ccUTcFtV.o: in function `main':
/mnt/a57a7843-7ae2-415a-9125-4c61fa4163d9/3rdLibrary/SDL2-2.30.8/conftest.c:103: undefined reference to `strlcat'
collect2: error: ld returned 1 exit status
configure:13624: $? = 1
configure: failed program was:
| /* confdefs.h */
| #define PACKAGE_NAME ""
| #define PACKAGE_TARNAME ""
| #define PACKAGE_VERSION ""
| #define PACKAGE_STRING ""
| #define PACKAGE_BUGREPORT ""
| #define PACKAGE_URL ""
| #define STDC_HEADERS 1
| #define HAVE_SYS_TYPES_H 1
| #define HAVE_SYS_STAT_H 1
| #define HAVE_STDLIB_H 1
| #define HAVE_STRING_H 1
| #define HAVE_MEMORY_H 1
| #define HAVE_STRINGS_H 1
| #define HAVE_INTTYPES_H 1
| #define HAVE_STDINT_H 1
| #define HAVE_UNISTD_H 1
| #define HAVE_DLFCN_H 1
| #define LT_OBJDIR ".libs/"
| #define HAVE_LIBC 1
| #define STDC_HEADERS 1
| #define HAVE_SYS_TYPES_H 1
| #define HAVE_STDIO_H 1
| #define HAVE_STDLIB_H 1
| #define HAVE_STDDEF_H 1
| #define HAVE_STDARG_H 1
| #define HAVE_MALLOC_H 1
| #define HAVE_MEMORY_H 1
| #define HAVE_STRING_H 1
| #define HAVE_STRINGS_H 1
| #define HAVE_WCHAR_H 1
| #define HAVE_INTTYPES_H 1
| #define HAVE_STDINT_H 1
| #define HAVE_LIMITS_H 1
| #define HAVE_CTYPE_H 1
| #define HAVE_MATH_H 1
| #define HAVE_FLOAT_H 1
| #define HAVE_ICONV_H 1
| #define HAVE_SIGNAL_H 1
| #define HAVE_M_PI /**/
| #define HAVE_ALLOCA_H 1
| #define HAVE_ALLOCA 1
| #define HAVE_MPROTECT 1
| #define HAVE_MALLOC 1
| #define HAVE_CALLOC 1
| #define HAVE_REALLOC 1
| #define HAVE_FREE 1
| #define HAVE_GETENV 1
| #define HAVE_SETENV 1
| #define HAVE_PUTENV 1
| #define HAVE_UNSETENV 1
| #define HAVE_BSEARCH 1
| #define HAVE_QSORT 1
| #define HAVE_ABS 1
| #define HAVE_BCOPY 1
| #define HAVE_MEMSET 1
| #define HAVE_MEMCMP 1
| #define HAVE_MEMCPY 1
| #define HAVE_MEMMOVE 1
| #define HAVE_WCSLEN 1
| #define HAVE_WCSDUP 1
| #define HAVE_WCSSTR 1
| #define HAVE_WCSCMP 1
| #define HAVE_WCSNCMP 1
| #define HAVE_WCSCASECMP 1
| #define HAVE_WCSNCASECMP 1
| #define HAVE_STRLEN 1
| /* end confdefs.h.  */
| /* Define strlcat to an innocuous variant, in case <limits.h> declares strlcat.
|    For example, HP-UX 11i <limits.h> declares gettimeofday.  */
| #define strlcat innocuous_strlcat
| 
| /* System header to define __stub macros and hopefully few prototypes,
|     which can conflict with char strlcat (); below.
|     Prefer <limits.h> to <assert.h> if __STDC__ is defined, since
|     <limits.h> exists even on freestanding compilers.  */
| 
| #ifdef __STDC__
| # include <limits.h>
| #else
| # include <assert.h>
| #endif
| 
| #undef strlcat
| 
| /* Override any GCC internal prototype to avoid an error.
|    Use char because int might match the return type of a GCC
|    builtin and then its argument prototype would still apply.  */
| #ifdef __cplusplus
| extern "C"
| #endif
| char strlcat ();
| /* The GNU C library defines this for functions which it implements
|     to always fail with ENOSYS.  Some functions are actually named
|     something starting with __ and the normal name is an alias.  */
| #if defined __stub_strlcat || defined __stub___strlcat
| choke me
| #endif
| 
| int
| main ()
| {
| return strlcat ();
|   ;
|   return 0;
| }
configure:13624: result: no
configure:13624: checking for _strrev
configure:13624: gcc -o conftest -g -O2 -Iinclude -I/mnt/a57a7843-7ae2-415a-9125-4c61fa4163d9/3rdLibrary/SDL2-2.30.8/include -idirafter /mnt/a57a7843-7ae2-415a-9125-4c61fa4163d9/3rdLibrary/SDL2-2.30.8/src/video/khronos   -Iinclude -I/mnt/a57a7843-7ae2-415a-9125-4c61fa4163d9/3rdLibrary/SDL2-2.30.8/include -idirafter /mnt/a57a7843-7ae2-415a-9125-4c61fa4163d9/3rdLibrary/SDL2-2.30.8/src/video/khronos   conftest.c  >&5
/usr/bin/ld: /tmp/cc3pzxQi.o: in function `main':
/mnt/a57a7843-7ae2-415a-9125-4c61fa4163d9/3rdLibrary/SDL2-2.30.8/conftest.c:103: undefined reference to `_strrev'
collect2: error: ld returned 1 exit status
configure:13624: $? = 1
configure: failed program was:
| /* confdefs.h */
| #define PACKAGE_NAME ""
| #define PACKAGE_TARNAME ""
| #define PACKAGE_VERSION ""
| #define PACKAGE_STRING ""
| #define PACKAGE_BUGREPORT ""
| #define PACKAGE_URL ""
| #define STDC_HEADERS 1
| #define HAVE_SYS_TYPES_H 1
| #define HAVE_SYS_STAT_H 1
| #define HAVE_STDLIB_H 1
| #define HAVE_STRING_H 1
| #define HAVE_MEMORY_H 1
| #define HAVE_STRINGS_H 1
| #define HAVE_INTTYPES_H 1
| #define HAVE_STDINT_H 1
| #define HAVE_UNISTD_H 1
| #define HAVE_DLFCN_H 1
| #define LT_OBJDIR ".libs/"
| #define HAVE_LIBC 1
| #define STDC_HEADERS 1
| #define HAVE_SYS_TYPES_H 1
| #define HAVE_STDIO_H 1
| #define HAVE_STDLIB_H 1
| #define HAVE_STDDEF_H 1
| #define HAVE_STDARG_H 1
| #define HAVE_MALLOC_H 1
| #define HAVE_MEMORY_H 1
| #define HAVE_STRING_H 1
| #define HAVE_STRINGS_H 1
| #define HAVE_WCHAR_H 1
| #define HAVE_INTTYPES_H 1
| #define HAVE_STDINT_H 1
| #define HAVE_LIMITS_H 1
| #define HAVE_CTYPE_H 1
| #define HAVE_MATH_H 1
| #define HAVE_FLOAT_H 1
| #define HAVE_ICONV_H 1
| #define HAVE_SIGNAL_H 1
| #define HAVE_M_PI /**/
| #define HAVE_ALLOCA_H 1
| #define HAVE_ALLOCA 1
| #define HAVE_MPROTECT 1
| #define HAVE_MALLOC 1
| #define HAVE_CALLOC 1
| #define HAVE_REALLOC 1
| #define HAVE_FREE 1
| #define HAVE_GETENV 1
| #define HAVE_SETENV 1
| #define HAVE_PUTENV 1
| #define HAVE_UNSETENV 1
| #define HAVE_BSEARCH 1
| #define HAVE_QSORT 1
| #define HAVE_ABS 1
| #define HAVE_BCOPY 1
| #define HAVE_MEMSET 1
| #define HAVE_MEMCMP 1
| #define HAVE_MEMCPY 1
| #define HAVE_MEMMOVE 1
| #define HAVE_WCSLEN 1
| #define HAVE_WCSDUP 1
| #define HAVE_WCSSTR 1
| #define HAVE_WCSCMP 1
| #define HAVE_WCSNCMP 1
| #define HAVE_WCSCASECMP 1
| #define HAVE_WCSNCASECMP 1
| #define HAVE_STRLEN 1
| /* end confdefs.h.  */
| /* Define _strrev to an innocuous variant, in case <limits.h> declares _strrev.
|    For example, HP-UX 11i <limits.h> declares gettimeofday.  */
| #define _strrev innocuous__strrev
| 
| /* System header to define __stub macros and hopefully few prototypes,
|     which can conflict with char _strrev (); below.
|     Prefer <limits.h> to <assert.h> if __STDC__ is defined, since
|     <limits.h> exists even on freestanding compilers.  */
| 
| #ifdef __STDC__
| # include <limits.h>
| #else
| # include <assert.h>
| #endif
| 
| #undef _strrev
| 
| /* Override any GCC internal prototype to avoid an error.
|    Use char because int might match the return type of a GCC
|    builtin and then its argument prototype would still apply.  */
| #ifdef __cplusplus
| extern "C"
| #endif
| char _strrev ();
| /* The GNU C library defines this for functions which it implements
|     to always fail with ENOSYS.  Some functions are actually named
|     something starting with __ and the normal name is an alias.  */
| #if defined __stub__strrev || defined __stub____strrev
| choke me
| #endif
| 
| int
| main ()
| {
| return _strrev ();
|   ;
|   return 0;
| }
configure:13624: result: no
configure:13624: checking for _strupr
configure:13624: gcc -o conftest -g -O2 -Iinclude -I/mnt/a57a7843-7ae2-415a-9125-4c61fa4163d9/3rdLibrary/SDL2-2.30.8/include -idirafter /mnt/a57a7843-7ae2-415a-9125-4c61fa4163d9/3rdLibrary/SDL2-2.30.8/src/video/khronos   -Iinclude -I/mnt/a57a7843-7ae2-415a-9125-4c61fa4163d9/3rdLibrary/SDL2-2.30.8/include -idirafter /mnt/a57a7843-7ae2-415a-9125-4c61fa4163d9/3rdLibrary/SDL2-2.30.8/src/video/khronos   conftest.c  >&5
/usr/bin/ld: /tmp/ccmZ5geD.o: in function `main':
/mnt/a57a7843-7ae2-415a-9125-4c61fa4163d9/3rdLibrary/SDL2-2.30.8/conftest.c:103: undefined reference to `_strupr'
collect2: error: ld returned 1 exit status
configure:13624: $? = 1
configure: failed program was:
| /* confdefs.h */
| #define PACKAGE_NAME ""
| #define PACKAGE_TARNAME ""
| #define PACKAGE_VERSION ""
| #define PACKAGE_STRING ""
| #define PACKAGE_BUGREPORT ""
| #define PACKAGE_URL ""
| #define STDC_HEADERS 1
| #define HAVE_SYS_TYPES_H 1
| #define HAVE_SYS_STAT_H 1
| #define HAVE_STDLIB_H 1
| #define HAVE_STRING_H 1
| #define HAVE_MEMORY_H 1
| #define HAVE_STRINGS_H 1
| #define HAVE_INTTYPES_H 1
| #define HAVE_STDINT_H 1
| #define HAVE_UNISTD_H 1
| #define HAVE_DLFCN_H 1
| #define LT_OBJDIR ".libs/"
| #define HAVE_LIBC 1
| #define STDC_HEADERS 1
| #define HAVE_SYS_TYPES_H 1
| #define HAVE_STDIO_H 1
| #define HAVE_STDLIB_H 1
| #define HAVE_STDDEF_H 1
| #define HAVE_STDARG_H 1
| #define HAVE_MALLOC_H 1
| #define HAVE_MEMORY_H 1
| #define HAVE_STRING_H 1
| #define HAVE_STRINGS_H 1
| #define HAVE_WCHAR_H 1
| #define HAVE_INTTYPES_H 1
| #define HAVE_STDINT_H 1
| #define HAVE_LIMITS_H 1
| #define HAVE_CTYPE_H 1
| #define HAVE_MATH_H 1
| #define HAVE_FLOAT_H 1
| #define HAVE_ICONV_H 1
| #define HAVE_SIGNAL_H 1
| #define HAVE_M_PI /**/
| #define HAVE_ALLOCA_H 1
| #define HAVE_ALLOCA 1
| #define HAVE_MPROTECT 1
| #define HAVE_MALLOC 1
| #define HAVE_CALLOC 1
| #define HAVE_REALLOC 1
| #define HAVE_FREE 1
| #define HAVE_GETENV 1
| #define HAVE_SETENV 1
| #define HAVE_PUTENV 1
| #define HAVE_UNSETENV 1
| #define HAVE_BSEARCH 1
| #define HAVE_QSORT 1
| #define HAVE_ABS 1
| #define HAVE_BCOPY 1
| #define HAVE_MEMSET 1
| #define HAVE_MEMCMP 1
| #define HAVE_MEMCPY 1
| #define HAVE_MEMMOVE 1
| #define HAVE_WCSLEN 1
| #define HAVE_WCSDUP 1
| #define HAVE_WCSSTR 1
| #define HAVE_WCSCMP 1
| #define HAVE_WCSNCMP 1
| #define HAVE_WCSCASECMP 1
| #define HAVE_WCSNCASECMP 1
| #define HAVE_STRLEN 1
| /* end confdefs.h.  */
| /* Define _strupr to an innocuous variant, in case <limits.h> declares _strupr.
|    For example, HP-UX 11i <limits.h> declares gettimeofday.  */
| #define _strupr innocuous__strupr
| 
| /* System header to define __stub macros and hopefully few prototypes,
|     which can conflict with char _strupr (); below.
|     Prefer <limits.h> to <assert.h> if __STDC__ is defined, since
|     <limits.h> exists even on freestanding compilers.  */
| 
| #ifdef __STDC__
| # include <limits.h>
| #else
| # include <assert.h>
| #endif
| 
| #undef _strupr
| 
| /* Override any GCC internal prototype to avoid an error.
|    Use char because int might match the return type of a GCC
|    builtin and then its argument prototype would still apply.  */
| #ifdef __cplusplus
| extern "C"
| #endif
| char _strupr ();
| /* The GNU C library defines this for functions which it implements
|     to always fail with ENOSYS.  Some functions are actually named
|     something starting with __ and the normal name is an alias.  */
| #if defined __stub__strupr || defined __stub____strupr
| choke me
| #endif
| 
| int
| main ()
| {
| return _strupr ();
|   ;
|   return 0;
| }
configure:13624: result: no
configure:13624: checking for _strlwr
configure:13624: gcc -o conftest -g -O2 -Iinclude -I/mnt/a57a7843-7ae2-415a-9125-4c61fa4163d9/3rdLibrary/SDL2-2.30.8/include -idirafter /mnt/a57a7843-7ae2-415a-9125-4c61fa4163d9/3rdLibrary/SDL2-2.30.8/src/video/khronos   -Iinclude -I/mnt/a57a7843-7ae2-415a-9125-4c61fa4163d9/3rdLibrary/SDL2-2.30.8/include -idirafter /mnt/a57a7843-7ae2-415a-9125-4c61fa4163d9/3rdLibrary/SDL2-2.30.8/src/video/khronos   conftest.c  >&5
/usr/bin/ld: /tmp/cc8dtx82.o: in function `main':
/mnt/a57a7843-7ae2-415a-9125-4c61fa4163d9/3rdLibrary/SDL2-2.30.8/conftest.c:103: undefined reference to `_strlwr'
collect2: error: ld returned 1 exit status
configure:13624: $? = 1
configure: failed program was:
| /* confdefs.h */
| #define PACKAGE_NAME ""
| #define PACKAGE_TARNAME ""
| #define PACKAGE_VERSION ""
| #define PACKAGE_STRING ""
| #define PACKAGE_BUGREPORT ""
| #define PACKAGE_URL ""
| #define STDC_HEADERS 1
| #define HAVE_SYS_TYPES_H 1
| #define HAVE_SYS_STAT_H 1
| #define HAVE_STDLIB_H 1
| #define HAVE_STRING_H 1
| #define HAVE_MEMORY_H 1
| #define HAVE_STRINGS_H 1
| #define HAVE_INTTYPES_H 1
| #define HAVE_STDINT_H 1
| #define HAVE_UNISTD_H 1
| #define HAVE_DLFCN_H 1
| #define LT_OBJDIR ".libs/"
| #define HAVE_LIBC 1
| #define STDC_HEADERS 1
| #define HAVE_SYS_TYPES_H 1
| #define HAVE_STDIO_H 1
| #define HAVE_STDLIB_H 1
| #define HAVE_STDDEF_H 1
| #define HAVE_STDARG_H 1
| #define HAVE_MALLOC_H 1
| #define HAVE_MEMORY_H 1
| #define HAVE_STRING_H 1
| #define HAVE_STRINGS_H 1
| #define HAVE_WCHAR_H 1
| #define HAVE_INTTYPES_H 1
| #define HAVE_STDINT_H 1
| #define HAVE_LIMITS_H 1
| #define HAVE_CTYPE_H 1
| #define HAVE_MATH_H 1
| #define HAVE_FLOAT_H 1
| #define HAVE_ICONV_H 1
| #define HAVE_SIGNAL_H 1
| #define HAVE_M_PI /**/
| #define HAVE_ALLOCA_H 1
| #define HAVE_ALLOCA 1
| #define HAVE_MPROTECT 1
| #define HAVE_MALLOC 1
| #define HAVE_CALLOC 1
| #define HAVE_REALLOC 1
| #define HAVE_FREE 1
| #define HAVE_GETENV 1
| #define HAVE_SETENV 1
| #define HAVE_PUTENV 1
| #define HAVE_UNSETENV 1
| #define HAVE_BSEARCH 1
| #define HAVE_QSORT 1
| #define HAVE_ABS 1
| #define HAVE_BCOPY 1
| #define HAVE_MEMSET 1
| #define HAVE_MEMCMP 1
| #define HAVE_MEMCPY 1
| #define HAVE_MEMMOVE 1
| #define HAVE_WCSLEN 1
| #define HAVE_WCSDUP 1
| #define HAVE_WCSSTR 1
| #define HAVE_WCSCMP 1
| #define HAVE_WCSNCMP 1
| #define HAVE_WCSCASECMP 1
| #define HAVE_WCSNCASECMP 1
| #define HAVE_STRLEN 1
| /* end confdefs.h.  */
| /* Define _strlwr to an innocuous variant, in case <limits.h> declares _strlwr.
|    For example, HP-UX 11i <limits.h> declares gettimeofday.  */
| #define _strlwr innocuous__strlwr
| 
| /* System header to define __stub macros and hopefully few prototypes,
|     which can conflict with char _strlwr (); below.
|     Prefer <limits.h> to <assert.h> if __STDC__ is defined, since
|     <limits.h> exists even on freestanding compilers.  */
| 
| #ifdef __STDC__
| # include <limits.h>
| #else
| # include <assert.h>
| #endif
| 
| #undef _strlwr
| 
| /* Override any GCC internal prototype to avoid an error.
|    Use char because int might match the return type of a GCC
|    builtin and then its argument prototype would still apply.  */
| #ifdef __cplusplus
| extern "C"
| #endif
| char _strlwr ();
| /* The GNU C library defines this for functions which it implements
|     to always fail with ENOSYS.  Some functions are actually named
|     something starting with __ and the normal name is an alias.  */
| #if defined __stub__strlwr || defined __stub____strlwr
| choke me
| #endif
| 
| int
| main ()
| {
| return _strlwr ();
|   ;
|   return 0;
| }
configure:13624: result: no
configure:13624: checking for index
configure:13624: gcc -o conftest -g -O2 -Iinclude -I/mnt/a57a7843-7ae2-415a-9125-4c61fa4163d9/3rdLibrary/SDL2-2.30.8/include -idirafter /mnt/a57a7843-7ae2-415a-9125-4c61fa4163d9/3rdLibrary/SDL2-2.30.8/src/video/khronos   -Iinclude -I/mnt/a57a7843-7ae2-415a-9125-4c61fa4163d9/3rdLibrary/SDL2-2.30.8/include -idirafter /mnt/a57a7843-7ae2-415a-9125-4c61fa4163d9/3rdLibrary/SDL2-2.30.8/src/video/khronos   conftest.c  >&5
conftest.c:92:6: warning: conflicting types for built-in function 'index'; expected 'char *(const char *, int)' [-Wbuiltin-declaration-mismatch]
   92 | char index ();
      |      ^~~~~
configure:13624: $? = 0
configure:13624: result: yes
configure:13624: checking for rindex
configure:13624: gcc -o conftest -g -O2 -Iinclude -I/mnt/a57a7843-7ae2-415a-9125-4c61fa4163d9/3rdLibrary/SDL2-2.30.8/include -idirafter /mnt/a57a7843-7ae2-415a-9125-4c61fa4163d9/3rdLibrary/SDL2-2.30.8/src/video/khronos   -Iinclude -I/mnt/a57a7843-7ae2-415a-9125-4c61fa4163d9/3rdLibrary/SDL2-2.30.8/include -idirafter /mnt/a57a7843-7ae2-415a-9125-4c61fa4163d9/3rdLibrary/SDL2-2.30.8/src/video/khronos   conftest.c  >&5
conftest.c:93:6: warning: conflicting types for built-in function 'rindex'; expected 'char *(const char *, int)' [-Wbuiltin-declaration-mismatch]
   93 | char rindex ();
      |      ^~~~~~
configure:13624: $? = 0
configure:13624: result: yes
configure:13624: checking for strchr
configure:13624: gcc -o conftest -g -O2 -Iinclude -I/mnt/a57a7843-7ae2-415a-9125-4c61fa4163d9/3rdLibrary/SDL2-2.30.8/include -idirafter /mnt/a57a7843-7ae2-415a-9125-4c61fa4163d9/3rdLibrary/SDL2-2.30.8/src/video/khronos   -Iinclude -I/mnt/a57a7843-7ae2-415a-9125-4c61fa4163d9/3rdLibrary/SDL2-2.30.8/include -idirafter /mnt/a57a7843-7ae2-415a-9125-4c61fa4163d9/3rdLibrary/SDL2-2.30.8/src/video/khronos   conftest.c  >&5
conftest.c:94:6: warning: conflicting types for built-in function 'strchr'; expected 'char *(const char *, int)' [-Wbuiltin-declaration-mismatch]
   94 | char strchr ();
      |      ^~~~~~
conftest.c:82:1: note: 'strchr' is declared in header '<string.h>'
   81 | # include <limits.h>
   82 | #else
configure:13624: $? = 0
configure:13624: result: yes
configure:13624: checking for strrchr
configure:13624: gcc -o conftest -g -O2 -Iinclude -I/mnt/a57a7843-7ae2-415a-9125-4c61fa4163d9/3rdLibrary/SDL2-2.30.8/include -idirafter /mnt/a57a7843-7ae2-415a-9125-4c61fa4163d9/3rdLibrary/SDL2-2.30.8/src/video/khronos   -Iinclude -I/mnt/a57a7843-7ae2-415a-9125-4c61fa4163d9/3rdLibrary/SDL2-2.30.8/include -idirafter /mnt/a57a7843-7ae2-415a-9125-4c61fa4163d9/3rdLibrary/SDL2-2.30.8/src/video/khronos   conftest.c  >&5
conftest.c:95:6: warning: conflicting types for built-in function 'strrchr'; expected 'char *(const char *, int)' [-Wbuiltin-declaration-mismatch]
   95 | char strrchr ();
      |      ^~~~~~~
conftest.c:83:1: note: 'strrchr' is declared in header '<string.h>'
   82 | # include <limits.h>
   83 | #else
configure:13624: $? = 0
configure:13624: result: yes
configure:13624: checking for strstr
configure:13624: gcc -o conftest -g -O2 -Iinclude -I/mnt/a57a7843-7ae2-415a-9125-4c61fa4163d9/3rdLibrary/SDL2-2.30.8/include -idirafter /mnt/a57a7843-7ae2-415a-9125-4c61fa4163d9/3rdLibrary/SDL2-2.30.8/src/video/khronos   -Iinclude -I/mnt/a57a7843-7ae2-415a-9125-4c61fa4163d9/3rdLibrary/SDL2-2.30.8/include -idirafter /mnt/a57a7843-7ae2-415a-9125-4c61fa4163d9/3rdLibrary/SDL2-2.30.8/src/video/khronos   conftest.c  >&5
conftest.c:96:6: warning: conflicting types for built-in function 'strstr'; expected 'char *(const char *, const char *)' [-Wbuiltin-declaration-mismatch]
   96 | char strstr ();
      |      ^~~~~~
conftest.c:84:1: note: 'strstr' is declared in header '<string.h>'
   83 | # include <limits.h>
   84 | #else
configure:13624: $? = 0
configure:13624: result: yes
configure:13624: checking for strtok_r
configure:13624: gcc -o conftest -g -O2 -Iinclude -I/mnt/a57a7843-7ae2-415a-9125-4c61fa4163d9/3rdLibrary/SDL2-2.30.8/include -idirafter /mnt/a57a7843-7ae2-415a-9125-4c61fa4163d9/3rdLibrary/SDL2-2.30.8/src/video/khronos   -Iinclude -I/mnt/a57a7843-7ae2-415a-9125-4c61fa4163d9/3rdLibrary/SDL2-2.30.8/include -idirafter /mnt/a57a7843-7ae2-415a-9125-4c61fa4163d9/3rdLibrary/SDL2-2.30.8/src/video/khronos   conftest.c  >&5
configure:13624: $? = 0
configure:13624: result: yes
configure:13624: checking for itoa
configure:13624: gcc -o conftest -g -O2 -Iinclude -I/mnt/a57a7843-7ae2-415a-9125-4c61fa4163d9/3rdLibrary/SDL2-2.30.8/include -idirafter /mnt/a57a7843-7ae2-415a-9125-4c61fa4163d9/3rdLibrary/SDL2-2.30.8/src/video/khronos   -Iinclude -I/mnt/a57a7843-7ae2-415a-9125-4c61fa4163d9/3rdLibrary/SDL2-2.30.8/include -idirafter /mnt/a57a7843-7ae2-415a-9125-4c61fa4163d9/3rdLibrary/SDL2-2.30.8/src/video/khronos   conftest.c  >&5
/usr/bin/ld: /tmp/cckqvm29.o: in function `main':
/mnt/a57a7843-7ae2-415a-9125-4c61fa4163d9/3rdLibrary/SDL2-2.30.8/conftest.c:109: undefined reference to `itoa'
collect2: error: ld returned 1 exit status
configure:13624: $? = 1
configure: failed program was:
| /* confdefs.h */
| #define PACKAGE_NAME ""
| #define PACKAGE_TARNAME ""
| #define PACKAGE_VERSION ""
| #define PACKAGE_STRING ""
| #define PACKAGE_BUGREPORT ""
| #define PACKAGE_URL ""
| #define STDC_HEADERS 1
| #define HAVE_SYS_TYPES_H 1
| #define HAVE_SYS_STAT_H 1
| #define HAVE_STDLIB_H 1
| #define HAVE_STRING_H 1
| #define HAVE_MEMORY_H 1
| #define HAVE_STRINGS_H 1
| #define HAVE_INTTYPES_H 1
| #define HAVE_STDINT_H 1
| #define HAVE_UNISTD_H 1
| #define HAVE_DLFCN_H 1
| #define LT_OBJDIR ".libs/"
| #define HAVE_LIBC 1
| #define STDC_HEADERS 1
| #define HAVE_SYS_TYPES_H 1
| #define HAVE_STDIO_H 1
| #define HAVE_STDLIB_H 1
| #define HAVE_STDDEF_H 1
| #define HAVE_STDARG_H 1
| #define HAVE_MALLOC_H 1
| #define HAVE_MEMORY_H 1
| #define HAVE_STRING_H 1
| #define HAVE_STRINGS_H 1
| #define HAVE_WCHAR_H 1
| #define HAVE_INTTYPES_H 1
| #define HAVE_STDINT_H 1
| #define HAVE_LIMITS_H 1
| #define HAVE_CTYPE_H 1
| #define HAVE_MATH_H 1
| #define HAVE_FLOAT_H 1
| #define HAVE_ICONV_H 1
| #define HAVE_SIGNAL_H 1
| #define HAVE_M_PI /**/
| #define HAVE_ALLOCA_H 1
| #define HAVE_ALLOCA 1
| #define HAVE_MPROTECT 1
| #define HAVE_MALLOC 1
| #define HAVE_CALLOC 1
| #define HAVE_REALLOC 1
| #define HAVE_FREE 1
| #define HAVE_GETENV 1
| #define HAVE_SETENV 1
| #define HAVE_PUTENV 1
| #define HAVE_UNSETENV 1
| #define HAVE_BSEARCH 1
| #define HAVE_QSORT 1
| #define HAVE_ABS 1
| #define HAVE_BCOPY 1
| #define HAVE_MEMSET 1
| #define HAVE_MEMCMP 1
| #define HAVE_MEMCPY 1
| #define HAVE_MEMMOVE 1
| #define HAVE_WCSLEN 1
| #define HAVE_WCSDUP 1
| #define HAVE_WCSSTR 1
| #define HAVE_WCSCMP 1
| #define HAVE_WCSNCMP 1
| #define HAVE_WCSCASECMP 1
| #define HAVE_WCSNCASECMP 1
| #define HAVE_STRLEN 1
| #define HAVE_INDEX 1
| #define HAVE_RINDEX 1
| #define HAVE_STRCHR 1
| #define HAVE_STRRCHR 1
| #define HAVE_STRSTR 1
| #define HAVE_STRTOK_R 1
| /* end confdefs.h.  */
| /* Define itoa to an innocuous variant, in case <limits.h> declares itoa.
|    For example, HP-UX 11i <limits.h> declares gettimeofday.  */
| #define itoa innocuous_itoa
| 
| /* System header to define __stub macros and hopefully few prototypes,
|     which can conflict with char itoa (); below.
|     Prefer <limits.h> to <assert.h> if __STDC__ is defined, since
|     <limits.h> exists even on freestanding compilers.  */
| 
| #ifdef __STDC__
| # include <limits.h>
| #else
| # include <assert.h>
| #endif
| 
| #undef itoa
| 
| /* Override any GCC internal prototype to avoid an error.
|    Use char because int might match the return type of a GCC
|    builtin and then its argument prototype would still apply.  */
| #ifdef __cplusplus
| extern "C"
| #endif
| char itoa ();
| /* The GNU C library defines this for functions which it implements
|     to always fail with ENOSYS.  Some functions are actually named
|     something starting with __ and the normal name is an alias.  */
| #if defined __stub_itoa || defined __stub___itoa
| choke me
| #endif
| 
| int
| main ()
| {
| return itoa ();
|   ;
|   return 0;
| }
configure:13624: result: no
configure:13624: checking for _ltoa
configure:13624: gcc -o conftest -g -O2 -Iinclude -I/mnt/a57a7843-7ae2-415a-9125-4c61fa4163d9/3rdLibrary/SDL2-2.30.8/include -idirafter /mnt/a57a7843-7ae2-415a-9125-4c61fa4163d9/3rdLibrary/SDL2-2.30.8/src/video/khronos   -Iinclude -I/mnt/a57a7843-7ae2-415a-9125-4c61fa4163d9/3rdLibrary/SDL2-2.30.8/include -idirafter /mnt/a57a7843-7ae2-415a-9125-4c61fa4163d9/3rdLibrary/SDL2-2.30.8/src/video/khronos   conftest.c  >&5
/usr/bin/ld: /tmp/cc1vWjaw.o: in function `main':
/mnt/a57a7843-7ae2-415a-9125-4c61fa4163d9/3rdLibrary/SDL2-2.30.8/conftest.c:109: undefined reference to `_ltoa'
collect2: error: ld returned 1 exit status
configure:13624: $? = 1
configure: failed program was:
| /* confdefs.h */
| #define PACKAGE_NAME ""
| #define PACKAGE_TARNAME ""
| #define PACKAGE_VERSION ""
| #define PACKAGE_STRING ""
| #define PACKAGE_BUGREPORT ""
| #define PACKAGE_URL ""
| #define STDC_HEADERS 1
| #define HAVE_SYS_TYPES_H 1
| #define HAVE_SYS_STAT_H 1
| #define HAVE_STDLIB_H 1
| #define HAVE_STRING_H 1
| #define HAVE_MEMORY_H 1
| #define HAVE_STRINGS_H 1
| #define HAVE_INTTYPES_H 1
| #define HAVE_STDINT_H 1
| #define HAVE_UNISTD_H 1
| #define HAVE_DLFCN_H 1
| #define LT_OBJDIR ".libs/"
| #define HAVE_LIBC 1
| #define STDC_HEADERS 1
| #define HAVE_SYS_TYPES_H 1
| #define HAVE_STDIO_H 1
| #define HAVE_STDLIB_H 1
| #define HAVE_STDDEF_H 1
| #define HAVE_STDARG_H 1
| #define HAVE_MALLOC_H 1
| #define HAVE_MEMORY_H 1
| #define HAVE_STRING_H 1
| #define HAVE_STRINGS_H 1
| #define HAVE_WCHAR_H 1
| #define HAVE_INTTYPES_H 1
| #define HAVE_STDINT_H 1
| #define HAVE_LIMITS_H 1
| #define HAVE_CTYPE_H 1
| #define HAVE_MATH_H 1
| #define HAVE_FLOAT_H 1
| #define HAVE_ICONV_H 1
| #define HAVE_SIGNAL_H 1
| #define HAVE_M_PI /**/
| #define HAVE_ALLOCA_H 1
| #define HAVE_ALLOCA 1
| #define HAVE_MPROTECT 1
| #define HAVE_MALLOC 1
| #define HAVE_CALLOC 1
| #define HAVE_REALLOC 1
| #define HAVE_FREE 1
| #define HAVE_GETENV 1
| #define HAVE_SETENV 1
| #define HAVE_PUTENV 1
| #define HAVE_UNSETENV 1
| #define HAVE_BSEARCH 1
| #define HAVE_QSORT 1
| #define HAVE_ABS 1
| #define HAVE_BCOPY 1
| #define HAVE_MEMSET 1
| #define HAVE_MEMCMP 1
| #define HAVE_MEMCPY 1
| #define HAVE_MEMMOVE 1
| #define HAVE_WCSLEN 1
| #define HAVE_WCSDUP 1
| #define HAVE_WCSSTR 1
| #define HAVE_WCSCMP 1
| #define HAVE_WCSNCMP 1
| #define HAVE_WCSCASECMP 1
| #define HAVE_WCSNCASECMP 1
| #define HAVE_STRLEN 1
| #define HAVE_INDEX 1
| #define HAVE_RINDEX 1
| #define HAVE_STRCHR 1
| #define HAVE_STRRCHR 1
| #define HAVE_STRSTR 1
| #define HAVE_STRTOK_R 1
| /* end confdefs.h.  */
| /* Define _ltoa to an innocuous variant, in case <limits.h> declares _ltoa.
|    For example, HP-UX 11i <limits.h> declares gettimeofday.  */
| #define _ltoa innocuous__ltoa
| 
| /* System header to define __stub macros and hopefully few prototypes,
|     which can conflict with char _ltoa (); below.
|     Prefer <limits.h> to <assert.h> if __STDC__ is defined, since
|     <limits.h> exists even on freestanding compilers.  */
| 
| #ifdef __STDC__
| # include <limits.h>
| #else
| # include <assert.h>
| #endif
| 
| #undef _ltoa
| 
| /* Override any GCC internal prototype to avoid an error.
|    Use char because int might match the return type of a GCC
|    builtin and then its argument prototype would still apply.  */
| #ifdef __cplusplus
| extern "C"
| #endif
| char _ltoa ();
| /* The GNU C library defines this for functions which it implements
|     to always fail with ENOSYS.  Some functions are actually named
|     something starting with __ and the normal name is an alias.  */
| #if defined __stub__ltoa || defined __stub____ltoa
| choke me
| #endif
| 
| int
| main ()
| {
| return _ltoa ();
|   ;
|   return 0;
| }
configure:13624: result: no
configure:13624: checking for _uitoa
configure:13624: gcc -o conftest -g -O2 -Iinclude -I/mnt/a57a7843-7ae2-415a-9125-4c61fa4163d9/3rdLibrary/SDL2-2.30.8/include -idirafter /mnt/a57a7843-7ae2-415a-9125-4c61fa4163d9/3rdLibrary/SDL2-2.30.8/src/video/khronos   -Iinclude -I/mnt/a57a7843-7ae2-415a-9125-4c61fa4163d9/3rdLibrary/SDL2-2.30.8/include -idirafter /mnt/a57a7843-7ae2-415a-9125-4c61fa4163d9/3rdLibrary/SDL2-2.30.8/src/video/khronos   conftest.c  >&5
/usr/bin/ld: /tmp/ccIHfpvT.o: in function `main':
/mnt/a57a7843-7ae2-415a-9125-4c61fa4163d9/3rdLibrary/SDL2-2.30.8/conftest.c:109: undefined reference to `_uitoa'
collect2: error: ld returned 1 exit status
configure:13624: $? = 1
configure: failed program was:
| /* confdefs.h */
| #define PACKAGE_NAME ""
| #define PACKAGE_TARNAME ""
| #define PACKAGE_VERSION ""
| #define PACKAGE_STRING ""
| #define PACKAGE_BUGREPORT ""
| #define PACKAGE_URL ""
| #define STDC_HEADERS 1
| #define HAVE_SYS_TYPES_H 1
| #define HAVE_SYS_STAT_H 1
| #define HAVE_STDLIB_H 1
| #define HAVE_STRING_H 1
| #define HAVE_MEMORY_H 1
| #define HAVE_STRINGS_H 1
| #define HAVE_INTTYPES_H 1
| #define HAVE_STDINT_H 1
| #define HAVE_UNISTD_H 1
| #define HAVE_DLFCN_H 1
| #define LT_OBJDIR ".libs/"
| #define HAVE_LIBC 1
| #define STDC_HEADERS 1
| #define HAVE_SYS_TYPES_H 1
| #define HAVE_STDIO_H 1
| #define HAVE_STDLIB_H 1
| #define HAVE_STDDEF_H 1
| #define HAVE_STDARG_H 1
| #define HAVE_MALLOC_H 1
| #define HAVE_MEMORY_H 1
| #define HAVE_STRING_H 1
| #define HAVE_STRINGS_H 1
| #define HAVE_WCHAR_H 1
| #define HAVE_INTTYPES_H 1
| #define HAVE_STDINT_H 1
| #define HAVE_LIMITS_H 1
| #define HAVE_CTYPE_H 1
| #define HAVE_MATH_H 1
| #define HAVE_FLOAT_H 1
| #define HAVE_ICONV_H 1
| #define HAVE_SIGNAL_H 1
| #define HAVE_M_PI /**/
| #define HAVE_ALLOCA_H 1
| #define HAVE_ALLOCA 1
| #define HAVE_MPROTECT 1
| #define HAVE_MALLOC 1
| #define HAVE_CALLOC 1
| #define HAVE_REALLOC 1
| #define HAVE_FREE 1
| #define HAVE_GETENV 1
| #define HAVE_SETENV 1
| #define HAVE_PUTENV 1
| #define HAVE_UNSETENV 1
| #define HAVE_BSEARCH 1
| #define HAVE_QSORT 1
| #define HAVE_ABS 1
| #define HAVE_BCOPY 1
| #define HAVE_MEMSET 1
| #define HAVE_MEMCMP 1
| #define HAVE_MEMCPY 1
| #define HAVE_MEMMOVE 1
| #define HAVE_WCSLEN 1
| #define HAVE_WCSDUP 1
| #define HAVE_WCSSTR 1
| #define HAVE_WCSCMP 1
| #define HAVE_WCSNCMP 1
| #define HAVE_WCSCASECMP 1
| #define HAVE_WCSNCASECMP 1
| #define HAVE_STRLEN 1
| #define HAVE_INDEX 1
| #define HAVE_RINDEX 1
| #define HAVE_STRCHR 1
| #define HAVE_STRRCHR 1
| #define HAVE_STRSTR 1
| #define HAVE_STRTOK_R 1
| /* end confdefs.h.  */
| /* Define _uitoa to an innocuous variant, in case <limits.h> declares _uitoa.
|    For example, HP-UX 11i <limits.h> declares gettimeofday.  */
| #define _uitoa innocuous__uitoa
| 
| /* System header to define __stub macros and hopefully few prototypes,
|     which can conflict with char _uitoa (); below.
|     Prefer <limits.h> to <assert.h> if __STDC__ is defined, since
|     <limits.h> exists even on freestanding compilers.  */
| 
| #ifdef __STDC__
| # include <limits.h>
| #else
| # include <assert.h>
| #endif
| 
| #undef _uitoa
| 
| /* Override any GCC internal prototype to avoid an error.
|    Use char because int might match the return type of a GCC
|    builtin and then its argument prototype would still apply.  */
| #ifdef __cplusplus
| extern "C"
| #endif
| char _uitoa ();
| /* The GNU C library defines this for functions which it implements
|     to always fail with ENOSYS.  Some functions are actually named
|     something starting with __ and the normal name is an alias.  */
| #if defined __stub__uitoa || defined __stub____uitoa
| choke me
| #endif
| 
| int
| main ()
| {
| return _uitoa ();
|   ;
|   return 0;
| }
configure:13624: result: no
configure:13624: checking for _ultoa
configure:13624: gcc -o conftest -g -O2 -Iinclude -I/mnt/a57a7843-7ae2-415a-9125-4c61fa4163d9/3rdLibrary/SDL2-2.30.8/include -idirafter /mnt/a57a7843-7ae2-415a-9125-4c61fa4163d9/3rdLibrary/SDL2-2.30.8/src/video/khronos   -Iinclude -I/mnt/a57a7843-7ae2-415a-9125-4c61fa4163d9/3rdLibrary/SDL2-2.30.8/include -idirafter /mnt/a57a7843-7ae2-415a-9125-4c61fa4163d9/3rdLibrary/SDL2-2.30.8/src/video/khronos   conftest.c  >&5
/usr/bin/ld: /tmp/ccUv0wbg.o: in function `main':
/mnt/a57a7843-7ae2-415a-9125-4c61fa4163d9/3rdLibrary/SDL2-2.30.8/conftest.c:109: undefined reference to `_ultoa'
collect2: error: ld returned 1 exit status
configure:13624: $? = 1
configure: failed program was:
| /* confdefs.h */
| #define PACKAGE_NAME ""
| #define PACKAGE_TARNAME ""
| #define PACKAGE_VERSION ""
| #define PACKAGE_STRING ""
| #define PACKAGE_BUGREPORT ""
| #define PACKAGE_URL ""
| #define STDC_HEADERS 1
| #define HAVE_SYS_TYPES_H 1
| #define HAVE_SYS_STAT_H 1
| #define HAVE_STDLIB_H 1
| #define HAVE_STRING_H 1
| #define HAVE_MEMORY_H 1
| #define HAVE_STRINGS_H 1
| #define HAVE_INTTYPES_H 1
| #define HAVE_STDINT_H 1
| #define HAVE_UNISTD_H 1
| #define HAVE_DLFCN_H 1
| #define LT_OBJDIR ".libs/"
| #define HAVE_LIBC 1
| #define STDC_HEADERS 1
| #define HAVE_SYS_TYPES_H 1
| #define HAVE_STDIO_H 1
| #define HAVE_STDLIB_H 1
| #define HAVE_STDDEF_H 1
| #define HAVE_STDARG_H 1
| #define HAVE_MALLOC_H 1
| #define HAVE_MEMORY_H 1
| #define HAVE_STRING_H 1
| #define HAVE_STRINGS_H 1
| #define HAVE_WCHAR_H 1
| #define HAVE_INTTYPES_H 1
| #define HAVE_STDINT_H 1
| #define HAVE_LIMITS_H 1
| #define HAVE_CTYPE_H 1
| #define HAVE_MATH_H 1
| #define HAVE_FLOAT_H 1
| #define HAVE_ICONV_H 1
| #define HAVE_SIGNAL_H 1
| #define HAVE_M_PI /**/
| #define HAVE_ALLOCA_H 1
| #define HAVE_ALLOCA 1
| #define HAVE_MPROTECT 1
| #define HAVE_MALLOC 1
| #define HAVE_CALLOC 1
| #define HAVE_REALLOC 1
| #define HAVE_FREE 1
| #define HAVE_GETENV 1
| #define HAVE_SETENV 1
| #define HAVE_PUTENV 1
| #define HAVE_UNSETENV 1
| #define HAVE_BSEARCH 1
| #define HAVE_QSORT 1
| #define HAVE_ABS 1
| #define HAVE_BCOPY 1
| #define HAVE_MEMSET 1
| #define HAVE_MEMCMP 1
| #define HAVE_MEMCPY 1
| #define HAVE_MEMMOVE 1
| #define HAVE_WCSLEN 1
| #define HAVE_WCSDUP 1
| #define HAVE_WCSSTR 1
| #define HAVE_WCSCMP 1
| #define HAVE_WCSNCMP 1
| #define HAVE_WCSCASECMP 1
| #define HAVE_WCSNCASECMP 1
| #define HAVE_STRLEN 1
| #define HAVE_INDEX 1
| #define HAVE_RINDEX 1
| #define HAVE_STRCHR 1
| #define HAVE_STRRCHR 1
| #define HAVE_STRSTR 1
| #define HAVE_STRTOK_R 1
| /* end confdefs.h.  */
| /* Define _ultoa to an innocuous variant, in case <limits.h> declares _ultoa.
|    For example, HP-UX 11i <limits.h> declares gettimeofday.  */
| #define _ultoa innocuous__ultoa
| 
| /* System header to define __stub macros and hopefully few prototypes,
|     which can conflict with char _ultoa (); below.
|     Prefer <limits.h> to <assert.h> if __STDC__ is defined, since
|     <limits.h> exists even on freestanding compilers.  */
| 
| #ifdef __STDC__
| # include <limits.h>
| #else
| # include <assert.h>
| #endif
| 
| #undef _ultoa
| 
| /* Override any GCC internal prototype to avoid an error.
|    Use char because int might match the return type of a GCC
|    builtin and then its argument prototype would still apply.  */
| #ifdef __cplusplus
| extern "C"
| #endif
| char _ultoa ();
| /* The GNU C library defines this for functions which it implements
|     to always fail with ENOSYS.  Some functions are actually named
|     something starting with __ and the normal name is an alias.  */
| #if defined __stub__ultoa || defined __stub____ultoa
| choke me
| #endif
| 
| int
| main ()
| {
| return _ultoa ();
|   ;
|   return 0;
| }
configure:13624: result: no
configure:13624: checking for strtod
configure:13624: gcc -o conftest -g -O2 -Iinclude -I/mnt/a57a7843-7ae2-415a-9125-4c61fa4163d9/3rdLibrary/SDL2-2.30.8/include -idirafter /mnt/a57a7843-7ae2-415a-9125-4c61fa4163d9/3rdLibrary/SDL2-2.30.8/src/video/khronos   -Iinclude -I/mnt/a57a7843-7ae2-415a-9125-4c61fa4163d9/3rdLibrary/SDL2-2.30.8/include -idirafter /mnt/a57a7843-7ae2-415a-9125-4c61fa4163d9/3rdLibrary/SDL2-2.30.8/src/video/khronos   conftest.c  >&5
configure:13624: $? = 0
configure:13624: result: yes
configure:13624: checking for strtol
configure:13624: gcc -o conftest -g -O2 -Iinclude -I/mnt/a57a7843-7ae2-415a-9125-4c61fa4163d9/3rdLibrary/SDL2-2.30.8/include -idirafter /mnt/a57a7843-7ae2-415a-9125-4c61fa4163d9/3rdLibrary/SDL2-2.30.8/src/video/khronos   -Iinclude -I/mnt/a57a7843-7ae2-415a-9125-4c61fa4163d9/3rdLibrary/SDL2-2.30.8/include -idirafter /mnt/a57a7843-7ae2-415a-9125-4c61fa4163d9/3rdLibrary/SDL2-2.30.8/src/video/khronos   conftest.c  >&5
configure:13624: $? = 0
configure:13624: result: yes
configure:13624: checking for strtoul
configure:13624: gcc -o conftest -g -O2 -Iinclude -I/mnt/a57a7843-7ae2-415a-9125-4c61fa4163d9/3rdLibrary/SDL2-2.30.8/include -idirafter /mnt/a57a7843-7ae2-415a-9125-4c61fa4163d9/3rdLibrary/SDL2-2.30.8/src/video/khronos   -Iinclude -I/mnt/a57a7843-7ae2-415a-9125-4c61fa4163d9/3rdLibrary/SDL2-2.30.8/include -idirafter /mnt/a57a7843-7ae2-415a-9125-4c61fa4163d9/3rdLibrary/SDL2-2.30.8/src/video/khronos   conftest.c  >&5
configure:13624: $? = 0
configure:13624: result: yes
configure:13624: checking for _i64toa
configure:13624: gcc -o conftest -g -O2 -Iinclude -I/mnt/a57a7843-7ae2-415a-9125-4c61fa4163d9/3rdLibrary/SDL2-2.30.8/include -idirafter /mnt/a57a7843-7ae2-415a-9125-4c61fa4163d9/3rdLibrary/SDL2-2.30.8/src/video/khronos   -Iinclude -I/mnt/a57a7843-7ae2-415a-9125-4c61fa4163d9/3rdLibrary/SDL2-2.30.8/include -idirafter /mnt/a57a7843-7ae2-415a-9125-4c61fa4163d9/3rdLibrary/SDL2-2.30.8/src/video/khronos   conftest.c  >&5
/usr/bin/ld: /tmp/ccywY8qU.o: in function `main':
/mnt/a57a7843-7ae2-415a-9125-4c61fa4163d9/3rdLibrary/SDL2-2.30.8/conftest.c:112: undefined reference to `_i64toa'
collect2: error: ld returned 1 exit status
configure:13624: $? = 1
configure: failed program was:
| /* confdefs.h */
| #define PACKAGE_NAME ""
| #define PACKAGE_TARNAME ""
| #define PACKAGE_VERSION ""
| #define PACKAGE_STRING ""
| #define PACKAGE_BUGREPORT ""
| #define PACKAGE_URL ""
| #define STDC_HEADERS 1
| #define HAVE_SYS_TYPES_H 1
| #define HAVE_SYS_STAT_H 1
| #define HAVE_STDLIB_H 1
| #define HAVE_STRING_H 1
| #define HAVE_MEMORY_H 1
| #define HAVE_STRINGS_H 1
| #define HAVE_INTTYPES_H 1
| #define HAVE_STDINT_H 1
| #define HAVE_UNISTD_H 1
| #define HAVE_DLFCN_H 1
| #define LT_OBJDIR ".libs/"
| #define HAVE_LIBC 1
| #define STDC_HEADERS 1
| #define HAVE_SYS_TYPES_H 1
| #define HAVE_STDIO_H 1
| #define HAVE_STDLIB_H 1
| #define HAVE_STDDEF_H 1
| #define HAVE_STDARG_H 1
| #define HAVE_MALLOC_H 1
| #define HAVE_MEMORY_H 1
| #define HAVE_STRING_H 1
| #define HAVE_STRINGS_H 1
| #define HAVE_WCHAR_H 1
| #define HAVE_INTTYPES_H 1
| #define HAVE_STDINT_H 1
| #define HAVE_LIMITS_H 1
| #define HAVE_CTYPE_H 1
| #define HAVE_MATH_H 1
| #define HAVE_FLOAT_H 1
| #define HAVE_ICONV_H 1
| #define HAVE_SIGNAL_H 1
| #define HAVE_M_PI /**/
| #define HAVE_ALLOCA_H 1
| #define HAVE_ALLOCA 1
| #define HAVE_MPROTECT 1
| #define HAVE_MALLOC 1
| #define HAVE_CALLOC 1
| #define HAVE_REALLOC 1
| #define HAVE_FREE 1
| #define HAVE_GETENV 1
| #define HAVE_SETENV 1
| #define HAVE_PUTENV 1
| #define HAVE_UNSETENV 1
| #define HAVE_BSEARCH 1
| #define HAVE_QSORT 1
| #define HAVE_ABS 1
| #define HAVE_BCOPY 1
| #define HAVE_MEMSET 1
| #define HAVE_MEMCMP 1
| #define HAVE_MEMCPY 1
| #define HAVE_MEMMOVE 1
| #define HAVE_WCSLEN 1
| #define HAVE_WCSDUP 1
| #define HAVE_WCSSTR 1
| #define HAVE_WCSCMP 1
| #define HAVE_WCSNCMP 1
| #define HAVE_WCSCASECMP 1
| #define HAVE_WCSNCASECMP 1
| #define HAVE_STRLEN 1
| #define HAVE_INDEX 1
| #define HAVE_RINDEX 1
| #define HAVE_STRCHR 1
| #define HAVE_STRRCHR 1
| #define HAVE_STRSTR 1
| #define HAVE_STRTOK_R 1
| #define HAVE_STRTOD 1
| #define HAVE_STRTOL 1
| #define HAVE_STRTOUL 1
| /* end confdefs.h.  */
| /* Define _i64toa to an innocuous variant, in case <limits.h> declares _i64toa.
|    For example, HP-UX 11i <limits.h> declares gettimeofday.  */
| #define _i64toa innocuous__i64toa
| 
| /* System header to define __stub macros and hopefully few prototypes,
|     which can conflict with char _i64toa (); below.
|     Prefer <limits.h> to <assert.h> if __STDC__ is defined, since
|     <limits.h> exists even on freestanding compilers.  */
| 
| #ifdef __STDC__
| # include <limits.h>
| #else
| # include <assert.h>
| #endif
| 
| #undef _i64toa
| 
| /* Override any GCC internal prototype to avoid an error.
|    Use char because int might match the return type of a GCC
|    builtin and then its argument prototype would still apply.  */
| #ifdef __cplusplus
| extern "C"
| #endif
| char _i64toa ();
| /* The GNU C library defines this for functions which it implements
|     to always fail with ENOSYS.  Some functions are actually named
|     something starting with __ and the normal name is an alias.  */
| #if defined __stub__i64toa || defined __stub____i64toa
| choke me
| #endif
| 
| int
| main ()
| {
| return _i64toa ();
|   ;
|   return 0;
| }
configure:13624: result: no
configure:13624: checking for _ui64toa
configure:13624: gcc -o conftest -g -O2 -Iinclude -I/mnt/a57a7843-7ae2-415a-9125-4c61fa4163d9/3rdLibrary/SDL2-2.30.8/include -idirafter /mnt/a57a7843-7ae2-415a-9125-4c61fa4163d9/3rdLibrary/SDL2-2.30.8/src/video/khronos   -Iinclude -I/mnt/a57a7843-7ae2-415a-9125-4c61fa4163d9/3rdLibrary/SDL2-2.30.8/include -idirafter /mnt/a57a7843-7ae2-415a-9125-4c61fa4163d9/3rdLibrary/SDL2-2.30.8/src/video/khronos   conftest.c  >&5
/usr/bin/ld: /tmp/ccxQqt7f.o: in function `main':
/mnt/a57a7843-7ae2-415a-9125-4c61fa4163d9/3rdLibrary/SDL2-2.30.8/conftest.c:112: undefined reference to `_ui64toa'
collect2: error: ld returned 1 exit status
configure:13624: $? = 1
configure: failed program was:
| /* confdefs.h */
| #define PACKAGE_NAME ""
| #define PACKAGE_TARNAME ""
| #define PACKAGE_VERSION ""
| #define PACKAGE_STRING ""
| #define PACKAGE_BUGREPORT ""
| #define PACKAGE_URL ""
| #define STDC_HEADERS 1
| #define HAVE_SYS_TYPES_H 1
| #define HAVE_SYS_STAT_H 1
| #define HAVE_STDLIB_H 1
| #define HAVE_STRING_H 1
| #define HAVE_MEMORY_H 1
| #define HAVE_STRINGS_H 1
| #define HAVE_INTTYPES_H 1
| #define HAVE_STDINT_H 1
| #define HAVE_UNISTD_H 1
| #define HAVE_DLFCN_H 1
| #define LT_OBJDIR ".libs/"
| #define HAVE_LIBC 1
| #define STDC_HEADERS 1
| #define HAVE_SYS_TYPES_H 1
| #define HAVE_STDIO_H 1
| #define HAVE_STDLIB_H 1
| #define HAVE_STDDEF_H 1
| #define HAVE_STDARG_H 1
| #define HAVE_MALLOC_H 1
| #define HAVE_MEMORY_H 1
| #define HAVE_STRING_H 1
| #define HAVE_STRINGS_H 1
| #define HAVE_WCHAR_H 1
| #define HAVE_INTTYPES_H 1
| #define HAVE_STDINT_H 1
| #define HAVE_LIMITS_H 1
| #define HAVE_CTYPE_H 1
| #define HAVE_MATH_H 1
| #define HAVE_FLOAT_H 1
| #define HAVE_ICONV_H 1
| #define HAVE_SIGNAL_H 1
| #define HAVE_M_PI /**/
| #define HAVE_ALLOCA_H 1
| #define HAVE_ALLOCA 1
| #define HAVE_MPROTECT 1
| #define HAVE_MALLOC 1
| #define HAVE_CALLOC 1
| #define HAVE_REALLOC 1
| #define HAVE_FREE 1
| #define HAVE_GETENV 1
| #define HAVE_SETENV 1
| #define HAVE_PUTENV 1
| #define HAVE_UNSETENV 1
| #define HAVE_BSEARCH 1
| #define HAVE_QSORT 1
| #define HAVE_ABS 1
| #define HAVE_BCOPY 1
| #define HAVE_MEMSET 1
| #define HAVE_MEMCMP 1
| #define HAVE_MEMCPY 1
| #define HAVE_MEMMOVE 1
| #define HAVE_WCSLEN 1
| #define HAVE_WCSDUP 1
| #define HAVE_WCSSTR 1
| #define HAVE_WCSCMP 1
| #define HAVE_WCSNCMP 1
| #define HAVE_WCSCASECMP 1
| #define HAVE_WCSNCASECMP 1
| #define HAVE_STRLEN 1
| #define HAVE_INDEX 1
| #define HAVE_RINDEX 1
| #define HAVE_STRCHR 1
| #define HAVE_STRRCHR 1
| #define HAVE_STRSTR 1
| #define HAVE_STRTOK_R 1
| #define HAVE_STRTOD 1
| #define HAVE_STRTOL 1
| #define HAVE_STRTOUL 1
| /* end confdefs.h.  */
| /* Define _ui64toa to an innocuous variant, in case <limits.h> declares _ui64toa.
|    For example, HP-UX 11i <limits.h> declares gettimeofday.  */
| #define _ui64toa innocuous__ui64toa
| 
| /* System header to define __stub macros and hopefully few prototypes,
|     which can conflict with char _ui64toa (); below.
|     Prefer <limits.h> to <assert.h> if __STDC__ is defined, since
|     <limits.h> exists even on freestanding compilers.  */
| 
| #ifdef __STDC__
| # include <limits.h>
| #else
| # include <assert.h>
| #endif
| 
| #undef _ui64toa
| 
| /* Override any GCC internal prototype to avoid an error.
|    Use char because int might match the return type of a GCC
|    builtin and then its argument prototype would still apply.  */
| #ifdef __cplusplus
| extern "C"
| #endif
| char _ui64toa ();
| /* The GNU C library defines this for functions which it implements
|     to always fail with ENOSYS.  Some functions are actually named
|     something starting with __ and the normal name is an alias.  */
| #if defined __stub__ui64toa || defined __stub____ui64toa
| choke me
| #endif
| 
| int
| main ()
| {
| return _ui64toa ();
|   ;
|   return 0;
| }
configure:13624: result: no
configure:13624: checking for strtoll
configure:13624: gcc -o conftest -g -O2 -Iinclude -I/mnt/a57a7843-7ae2-415a-9125-4c61fa4163d9/3rdLibrary/SDL2-2.30.8/include -idirafter /mnt/a57a7843-7ae2-415a-9125-4c61fa4163d9/3rdLibrary/SDL2-2.30.8/src/video/khronos   -Iinclude -I/mnt/a57a7843-7ae2-415a-9125-4c61fa4163d9/3rdLibrary/SDL2-2.30.8/include -idirafter /mnt/a57a7843-7ae2-415a-9125-4c61fa4163d9/3rdLibrary/SDL2-2.30.8/src/video/khronos   conftest.c  >&5
configure:13624: $? = 0
configure:13624: result: yes
configure:13624: checking for strtoull
configure:13624: gcc -o conftest -g -O2 -Iinclude -I/mnt/a57a7843-7ae2-415a-9125-4c61fa4163d9/3rdLibrary/SDL2-2.30.8/include -idirafter /mnt/a57a7843-7ae2-415a-9125-4c61fa4163d9/3rdLibrary/SDL2-2.30.8/src/video/khronos   -Iinclude -I/mnt/a57a7843-7ae2-415a-9125-4c61fa4163d9/3rdLibrary/SDL2-2.30.8/include -idirafter /mnt/a57a7843-7ae2-415a-9125-4c61fa4163d9/3rdLibrary/SDL2-2.30.8/src/video/khronos   conftest.c  >&5
configure:13624: $? = 0
configure:13624: result: yes
configure:13624: checking for atoi
configure:13624: gcc -o conftest -g -O2 -Iinclude -I/mnt/a57a7843-7ae2-415a-9125-4c61fa4163d9/3rdLibrary/SDL2-2.30.8/include -idirafter /mnt/a57a7843-7ae2-415a-9125-4c61fa4163d9/3rdLibrary/SDL2-2.30.8/src/video/khronos   -Iinclude -I/mnt/a57a7843-7ae2-415a-9125-4c61fa4163d9/3rdLibrary/SDL2-2.30.8/include -idirafter /mnt/a57a7843-7ae2-415a-9125-4c61fa4163d9/3rdLibrary/SDL2-2.30.8/src/video/khronos   conftest.c  >&5
configure:13624: $? = 0
configure:13624: result: yes
configure:13624: checking for atof
configure:13624: gcc -o conftest -g -O2 -Iinclude -I/mnt/a57a7843-7ae2-415a-9125-4c61fa4163d9/3rdLibrary/SDL2-2.30.8/include -idirafter /mnt/a57a7843-7ae2-415a-9125-4c61fa4163d9/3rdLibrary/SDL2-2.30.8/src/video/khronos   -Iinclude -I/mnt/a57a7843-7ae2-415a-9125-4c61fa4163d9/3rdLibrary/SDL2-2.30.8/include -idirafter /mnt/a57a7843-7ae2-415a-9125-4c61fa4163d9/3rdLibrary/SDL2-2.30.8/src/video/khronos   conftest.c  >&5
configure:13624: $? = 0
configure:13624: result: yes
configure:13624: checking for strcmp
configure:13624: gcc -o conftest -g -O2 -Iinclude -I/mnt/a57a7843-7ae2-415a-9125-4c61fa4163d9/3rdLibrary/SDL2-2.30.8/include -idirafter /mnt/a57a7843-7ae2-415a-9125-4c61fa4163d9/3rdLibrary/SDL2-2.30.8/src/video/khronos   -Iinclude -I/mnt/a57a7843-7ae2-415a-9125-4c61fa4163d9/3rdLibrary/SDL2-2.30.8/include -idirafter /mnt/a57a7843-7ae2-415a-9125-4c61fa4163d9/3rdLibrary/SDL2-2.30.8/src/video/khronos   conftest.c  >&5
conftest.c:105:6: warning: conflicting types for built-in function 'strcmp'; expected 'int(const char *, const char *)' [-Wbuiltin-declaration-mismatch]
  105 | char strcmp ();
      |      ^~~~~~
conftest.c:93:1: note: 'strcmp' is declared in header '<string.h>'
   92 | # include <limits.h>
   93 | #else
configure:13624: $? = 0
configure:13624: result: yes
configure:13624: checking for strncmp
configure:13624: gcc -o conftest -g -O2 -Iinclude -I/mnt/a57a7843-7ae2-415a-9125-4c61fa4163d9/3rdLibrary/SDL2-2.30.8/include -idirafter /mnt/a57a7843-7ae2-415a-9125-4c61fa4163d9/3rdLibrary/SDL2-2.30.8/src/video/khronos   -Iinclude -I/mnt/a57a7843-7ae2-415a-9125-4c61fa4163d9/3rdLibrary/SDL2-2.30.8/include -idirafter /mnt/a57a7843-7ae2-415a-9125-4c61fa4163d9/3rdLibrary/SDL2-2.30.8/src/video/khronos   conftest.c  >&5
conftest.c:106:6: warning: conflicting types for built-in function 'strncmp'; expected 'int(const char *, const char *, long unsigned int)' [-Wbuiltin-declaration-mismatch]
  106 | char strncmp ();
      |      ^~~~~~~
conftest.c:94:1: note: 'strncmp' is declared in header '<string.h>'
   93 | # include <limits.h>
   94 | #else
configure:13624: $? = 0
configure:13624: result: yes
configure:13624: checking for _stricmp
configure:13624: gcc -o conftest -g -O2 -Iinclude -I/mnt/a57a7843-7ae2-415a-9125-4c61fa4163d9/3rdLibrary/SDL2-2.30.8/include -idirafter /mnt/a57a7843-7ae2-415a-9125-4c61fa4163d9/3rdLibrary/SDL2-2.30.8/src/video/khronos   -Iinclude -I/mnt/a57a7843-7ae2-415a-9125-4c61fa4163d9/3rdLibrary/SDL2-2.30.8/include -idirafter /mnt/a57a7843-7ae2-415a-9125-4c61fa4163d9/3rdLibrary/SDL2-2.30.8/src/video/khronos   conftest.c  >&5
/usr/bin/ld: /tmp/ccW3Tlrq.o: in function `main':
/mnt/a57a7843-7ae2-415a-9125-4c61fa4163d9/3rdLibrary/SDL2-2.30.8/conftest.c:118: undefined reference to `_stricmp'
collect2: error: ld returned 1 exit status
configure:13624: $? = 1
configure: failed program was:
| /* confdefs.h */
| #define PACKAGE_NAME ""
| #define PACKAGE_TARNAME ""
| #define PACKAGE_VERSION ""
| #define PACKAGE_STRING ""
| #define PACKAGE_BUGREPORT ""
| #define PACKAGE_URL ""
| #define STDC_HEADERS 1
| #define HAVE_SYS_TYPES_H 1
| #define HAVE_SYS_STAT_H 1
| #define HAVE_STDLIB_H 1
| #define HAVE_STRING_H 1
| #define HAVE_MEMORY_H 1
| #define HAVE_STRINGS_H 1
| #define HAVE_INTTYPES_H 1
| #define HAVE_STDINT_H 1
| #define HAVE_UNISTD_H 1
| #define HAVE_DLFCN_H 1
| #define LT_OBJDIR ".libs/"
| #define HAVE_LIBC 1
| #define STDC_HEADERS 1
| #define HAVE_SYS_TYPES_H 1
| #define HAVE_STDIO_H 1
| #define HAVE_STDLIB_H 1
| #define HAVE_STDDEF_H 1
| #define HAVE_STDARG_H 1
| #define HAVE_MALLOC_H 1
| #define HAVE_MEMORY_H 1
| #define HAVE_STRING_H 1
| #define HAVE_STRINGS_H 1
| #define HAVE_WCHAR_H 1
| #define HAVE_INTTYPES_H 1
| #define HAVE_STDINT_H 1
| #define HAVE_LIMITS_H 1
| #define HAVE_CTYPE_H 1
| #define HAVE_MATH_H 1
| #define HAVE_FLOAT_H 1
| #define HAVE_ICONV_H 1
| #define HAVE_SIGNAL_H 1
| #define HAVE_M_PI /**/
| #define HAVE_ALLOCA_H 1
| #define HAVE_ALLOCA 1
| #define HAVE_MPROTECT 1
| #define HAVE_MALLOC 1
| #define HAVE_CALLOC 1
| #define HAVE_REALLOC 1
| #define HAVE_FREE 1
| #define HAVE_GETENV 1
| #define HAVE_SETENV 1
| #define HAVE_PUTENV 1
| #define HAVE_UNSETENV 1
| #define HAVE_BSEARCH 1
| #define HAVE_QSORT 1
| #define HAVE_ABS 1
| #define HAVE_BCOPY 1
| #define HAVE_MEMSET 1
| #define HAVE_MEMCMP 1
| #define HAVE_MEMCPY 1
| #define HAVE_MEMMOVE 1
| #define HAVE_WCSLEN 1
| #define HAVE_WCSDUP 1
| #define HAVE_WCSSTR 1
| #define HAVE_WCSCMP 1
| #define HAVE_WCSNCMP 1
| #define HAVE_WCSCASECMP 1
| #define HAVE_WCSNCASECMP 1
| #define HAVE_STRLEN 1
| #define HAVE_INDEX 1
| #define HAVE_RINDEX 1
| #define HAVE_STRCHR 1
| #define HAVE_STRRCHR 1
| #define HAVE_STRSTR 1
| #define HAVE_STRTOK_R 1
| #define HAVE_STRTOD 1
| #define HAVE_STRTOL 1
| #define HAVE_STRTOUL 1
| #define HAVE_STRTOLL 1
| #define HAVE_STRTOULL 1
| #define HAVE_ATOI 1
| #define HAVE_ATOF 1
| #define HAVE_STRCMP 1
| #define HAVE_STRNCMP 1
| /* end confdefs.h.  */
| /* Define _stricmp to an innocuous variant, in case <limits.h> declares _stricmp.
|    For example, HP-UX 11i <limits.h> declares gettimeofday.  */
| #define _stricmp innocuous__stricmp
| 
| /* System header to define __stub macros and hopefully few prototypes,
|     which can conflict with char _stricmp (); below.
|     Prefer <limits.h> to <assert.h> if __STDC__ is defined, since
|     <limits.h> exists even on freestanding compilers.  */
| 
| #ifdef __STDC__
| # include <limits.h>
| #else
| # include <assert.h>
| #endif
| 
| #undef _stricmp
| 
| /* Override any GCC internal prototype to avoid an error.
|    Use char because int might match the return type of a GCC
|    builtin and then its argument prototype would still apply.  */
| #ifdef __cplusplus
| extern "C"
| #endif
| char _stricmp ();
| /* The GNU C library defines this for functions which it implements
|     to always fail with ENOSYS.  Some functions are actually named
|     something starting with __ and the normal name is an alias.  */
| #if defined __stub__stricmp || defined __stub____stricmp
| choke me
| #endif
| 
| int
| main ()
| {
| return _stricmp ();
|   ;
|   return 0;
| }
configure:13624: result: no
configure:13624: checking for strcasecmp
configure:13624: gcc -o conftest -g -O2 -Iinclude -I/mnt/a57a7843-7ae2-415a-9125-4c61fa4163d9/3rdLibrary/SDL2-2.30.8/include -idirafter /mnt/a57a7843-7ae2-415a-9125-4c61fa4163d9/3rdLibrary/SDL2-2.30.8/src/video/khronos   -Iinclude -I/mnt/a57a7843-7ae2-415a-9125-4c61fa4163d9/3rdLibrary/SDL2-2.30.8/include -idirafter /mnt/a57a7843-7ae2-415a-9125-4c61fa4163d9/3rdLibrary/SDL2-2.30.8/src/video/khronos   conftest.c  >&5
conftest.c:107:6: warning: conflicting types for built-in function 'strcasecmp'; expected 'int(const char *, const char *)' [-Wbuiltin-declaration-mismatch]
  107 | char strcasecmp ();
      |      ^~~~~~~~~~
configure:13624: $? = 0
configure:13624: result: yes
configure:13624: checking for _strnicmp
configure:13624: gcc -o conftest -g -O2 -Iinclude -I/mnt/a57a7843-7ae2-415a-9125-4c61fa4163d9/3rdLibrary/SDL2-2.30.8/include -idirafter /mnt/a57a7843-7ae2-415a-9125-4c61fa4163d9/3rdLibrary/SDL2-2.30.8/src/video/khronos   -Iinclude -I/mnt/a57a7843-7ae2-415a-9125-4c61fa4163d9/3rdLibrary/SDL2-2.30.8/include -idirafter /mnt/a57a7843-7ae2-415a-9125-4c61fa4163d9/3rdLibrary/SDL2-2.30.8/src/video/khronos   conftest.c  >&5
/usr/bin/ld: /tmp/ccjByN0t.o: in function `main':
/mnt/a57a7843-7ae2-415a-9125-4c61fa4163d9/3rdLibrary/SDL2-2.30.8/conftest.c:119: undefined reference to `_strnicmp'
collect2: error: ld returned 1 exit status
configure:13624: $? = 1
configure: failed program was:
| /* confdefs.h */
| #define PACKAGE_NAME ""
| #define PACKAGE_TARNAME ""
| #define PACKAGE_VERSION ""
| #define PACKAGE_STRING ""
| #define PACKAGE_BUGREPORT ""
| #define PACKAGE_URL ""
| #define STDC_HEADERS 1
| #define HAVE_SYS_TYPES_H 1
| #define HAVE_SYS_STAT_H 1
| #define HAVE_STDLIB_H 1
| #define HAVE_STRING_H 1
| #define HAVE_MEMORY_H 1
| #define HAVE_STRINGS_H 1
| #define HAVE_INTTYPES_H 1
| #define HAVE_STDINT_H 1
| #define HAVE_UNISTD_H 1
| #define HAVE_DLFCN_H 1
| #define LT_OBJDIR ".libs/"
| #define HAVE_LIBC 1
| #define STDC_HEADERS 1
| #define HAVE_SYS_TYPES_H 1
| #define HAVE_STDIO_H 1
| #define HAVE_STDLIB_H 1
| #define HAVE_STDDEF_H 1
| #define HAVE_STDARG_H 1
| #define HAVE_MALLOC_H 1
| #define HAVE_MEMORY_H 1
| #define HAVE_STRING_H 1
| #define HAVE_STRINGS_H 1
| #define HAVE_WCHAR_H 1
| #define HAVE_INTTYPES_H 1
| #define HAVE_STDINT_H 1
| #define HAVE_LIMITS_H 1
| #define HAVE_CTYPE_H 1
| #define HAVE_MATH_H 1
| #define HAVE_FLOAT_H 1
| #define HAVE_ICONV_H 1
| #define HAVE_SIGNAL_H 1
| #define HAVE_M_PI /**/
| #define HAVE_ALLOCA_H 1
| #define HAVE_ALLOCA 1
| #define HAVE_MPROTECT 1
| #define HAVE_MALLOC 1
| #define HAVE_CALLOC 1
| #define HAVE_REALLOC 1
| #define HAVE_FREE 1
| #define HAVE_GETENV 1
| #define HAVE_SETENV 1
| #define HAVE_PUTENV 1
| #define HAVE_UNSETENV 1
| #define HAVE_BSEARCH 1
| #define HAVE_QSORT 1
| #define HAVE_ABS 1
| #define HAVE_BCOPY 1
| #define HAVE_MEMSET 1
| #define HAVE_MEMCMP 1
| #define HAVE_MEMCPY 1
| #define HAVE_MEMMOVE 1
| #define HAVE_WCSLEN 1
| #define HAVE_WCSDUP 1
| #define HAVE_WCSSTR 1
| #define HAVE_WCSCMP 1
| #define HAVE_WCSNCMP 1
| #define HAVE_WCSCASECMP 1
| #define HAVE_WCSNCASECMP 1
| #define HAVE_STRLEN 1
| #define HAVE_INDEX 1
| #define HAVE_RINDEX 1
| #define HAVE_STRCHR 1
| #define HAVE_STRRCHR 1
| #define HAVE_STRSTR 1
| #define HAVE_STRTOK_R 1
| #define HAVE_STRTOD 1
| #define HAVE_STRTOL 1
| #define HAVE_STRTOUL 1
| #define HAVE_STRTOLL 1
| #define HAVE_STRTOULL 1
| #define HAVE_ATOI 1
| #define HAVE_ATOF 1
| #define HAVE_STRCMP 1
| #define HAVE_STRNCMP 1
| #define HAVE_STRCASECMP 1
| /* end confdefs.h.  */
| /* Define _strnicmp to an innocuous variant, in case <limits.h> declares _strnicmp.
|    For example, HP-UX 11i <limits.h> declares gettimeofday.  */
| #define _strnicmp innocuous__strnicmp
| 
| /* System header to define __stub macros and hopefully few prototypes,
|     which can conflict with char _strnicmp (); below.
|     Prefer <limits.h> to <assert.h> if __STDC__ is defined, since
|     <limits.h> exists even on freestanding compilers.  */
| 
| #ifdef __STDC__
| # include <limits.h>
| #else
| # include <assert.h>
| #endif
| 
| #undef _strnicmp
| 
| /* Override any GCC internal prototype to avoid an error.
|    Use char because int might match the return type of a GCC
|    builtin and then its argument prototype would still apply.  */
| #ifdef __cplusplus
| extern "C"
| #endif
| char _strnicmp ();
| /* The GNU C library defines this for functions which it implements
|     to always fail with ENOSYS.  Some functions are actually named
|     something starting with __ and the normal name is an alias.  */
| #if defined __stub__strnicmp || defined __stub____strnicmp
| choke me
| #endif
| 
| int
| main ()
| {
| return _strnicmp ();
|   ;
|   return 0;
| }
configure:13624: result: no
configure:13624: checking for strncasecmp
configure:13624: gcc -o conftest -g -O2 -Iinclude -I/mnt/a57a7843-7ae2-415a-9125-4c61fa4163d9/3rdLibrary/SDL2-2.30.8/include -idirafter /mnt/a57a7843-7ae2-415a-9125-4c61fa4163d9/3rdLibrary/SDL2-2.30.8/src/video/khronos   -Iinclude -I/mnt/a57a7843-7ae2-415a-9125-4c61fa4163d9/3rdLibrary/SDL2-2.30.8/include -idirafter /mnt/a57a7843-7ae2-415a-9125-4c61fa4163d9/3rdLibrary/SDL2-2.30.8/src/video/khronos   conftest.c  >&5
conftest.c:108:6: warning: conflicting types for built-in function 'strncasecmp'; expected 'int(const char *, const char *, long unsigned int)' [-Wbuiltin-declaration-mismatch]
  108 | char strncasecmp ();
      |      ^~~~~~~~~~~
configure:13624: $? = 0
configure:13624: result: yes
configure:13624: checking for strcasestr
configure:13624: gcc -o conftest -g -O2 -Iinclude -I/mnt/a57a7843-7ae2-415a-9125-4c61fa4163d9/3rdLibrary/SDL2-2.30.8/include -idirafter /mnt/a57a7843-7ae2-415a-9125-4c61fa4163d9/3rdLibrary/SDL2-2.30.8/src/video/khronos   -Iinclude -I/mnt/a57a7843-7ae2-415a-9125-4c61fa4163d9/3rdLibrary/SDL2-2.30.8/include -idirafter /mnt/a57a7843-7ae2-415a-9125-4c61fa4163d9/3rdLibrary/SDL2-2.30.8/src/video/khronos   conftest.c  >&5
configure:13624: $? = 0
configure:13624: result: yes
configure:13624: checking for vsscanf
configure:13624: gcc -o conftest -g -O2 -Iinclude -I/mnt/a57a7843-7ae2-415a-9125-4c61fa4163d9/3rdLibrary/SDL2-2.30.8/include -idirafter /mnt/a57a7843-7ae2-415a-9125-4c61fa4163d9/3rdLibrary/SDL2-2.30.8/src/video/khronos   -Iinclude -I/mnt/a57a7843-7ae2-415a-9125-4c61fa4163d9/3rdLibrary/SDL2-2.30.8/include -idirafter /mnt/a57a7843-7ae2-415a-9125-4c61fa4163d9/3rdLibrary/SDL2-2.30.8/src/video/khronos   conftest.c  >&5
conftest.c:110:6: warning: conflicting types for built-in function 'vsscanf'; expected 'int(const char *, const char *, __va_list_tag *)' [-Wbuiltin-declaration-mismatch]
  110 | char vsscanf ();
      |      ^~~~~~~
conftest.c:98:1: note: 'vsscanf' is declared in header '<stdio.h>'
   97 | # include <limits.h>
   98 | #else
configure:13624: $? = 0
configure:13624: result: yes
configure:13624: checking for vsnprintf
configure:13624: gcc -o conftest -g -O2 -Iinclude -I/mnt/a57a7843-7ae2-415a-9125-4c61fa4163d9/3rdLibrary/SDL2-2.30.8/include -idirafter /mnt/a57a7843-7ae2-415a-9125-4c61fa4163d9/3rdLibrary/SDL2-2.30.8/src/video/khronos   -Iinclude -I/mnt/a57a7843-7ae2-415a-9125-4c61fa4163d9/3rdLibrary/SDL2-2.30.8/include -idirafter /mnt/a57a7843-7ae2-415a-9125-4c61fa4163d9/3rdLibrary/SDL2-2.30.8/src/video/khronos   conftest.c  >&5
conftest.c:111:6: warning: conflicting types for built-in function 'vsnprintf'; expected 'int(char *, long unsigned int,  const char *, __va_list_tag *)' [-Wbuiltin-declaration-mismatch]
  111 | char vsnprintf ();
      |      ^~~~~~~~~
conftest.c:99:1: note: 'vsnprintf' is declared in header '<stdio.h>'
   98 | # include <limits.h>
   99 | #else
configure:13624: $? = 0
configure:13624: result: yes
configure:13624: checking for fopen64
configure:13624: gcc -o conftest -g -O2 -Iinclude -I/mnt/a57a7843-7ae2-415a-9125-4c61fa4163d9/3rdLibrary/SDL2-2.30.8/include -idirafter /mnt/a57a7843-7ae2-415a-9125-4c61fa4163d9/3rdLibrary/SDL2-2.30.8/src/video/khronos   -Iinclude -I/mnt/a57a7843-7ae2-415a-9125-4c61fa4163d9/3rdLibrary/SDL2-2.30.8/include -idirafter /mnt/a57a7843-7ae2-415a-9125-4c61fa4163d9/3rdLibrary/SDL2-2.30.8/src/video/khronos   conftest.c  >&5
configure:13624: $? = 0
configure:13624: result: yes
configure:13624: checking for fseeko
configure:13624: gcc -o conftest -g -O2 -Iinclude -I/mnt/a57a7843-7ae2-415a-9125-4c61fa4163d9/3rdLibrary/SDL2-2.30.8/include -idirafter /mnt/a57a7843-7ae2-415a-9125-4c61fa4163d9/3rdLibrary/SDL2-2.30.8/src/video/khronos   -Iinclude -I/mnt/a57a7843-7ae2-415a-9125-4c61fa4163d9/3rdLibrary/SDL2-2.30.8/include -idirafter /mnt/a57a7843-7ae2-415a-9125-4c61fa4163d9/3rdLibrary/SDL2-2.30.8/src/video/khronos   conftest.c  >&5
configure:13624: $? = 0
configure:13624: result: yes
configure:13624: checking for fseeko64
configure:13624: gcc -o conftest -g -O2 -Iinclude -I/mnt/a57a7843-7ae2-415a-9125-4c61fa4163d9/3rdLibrary/SDL2-2.30.8/include -idirafter /mnt/a57a7843-7ae2-415a-9125-4c61fa4163d9/3rdLibrary/SDL2-2.30.8/src/video/khronos   -Iinclude -I/mnt/a57a7843-7ae2-415a-9125-4c61fa4163d9/3rdLibrary/SDL2-2.30.8/include -idirafter /mnt/a57a7843-7ae2-415a-9125-4c61fa4163d9/3rdLibrary/SDL2-2.30.8/src/video/khronos   conftest.c  >&5
configure:13624: $? = 0
configure:13624: result: yes
configure:13624: checking for sigaction
configure:13624: gcc -o conftest -g -O2 -Iinclude -I/mnt/a57a7843-7ae2-415a-9125-4c61fa4163d9/3rdLibrary/SDL2-2.30.8/include -idirafter /mnt/a57a7843-7ae2-415a-9125-4c61fa4163d9/3rdLibrary/SDL2-2.30.8/src/video/khronos   -Iinclude -I/mnt/a57a7843-7ae2-415a-9125-4c61fa4163d9/3rdLibrary/SDL2-2.30.8/include -idirafter /mnt/a57a7843-7ae2-415a-9125-4c61fa4163d9/3rdLibrary/SDL2-2.30.8/src/video/khronos   conftest.c  >&5
configure:13624: $? = 0
configure:13624: result: yes
configure:13624: checking for setjmp
configure:13624: gcc -o conftest -g -O2 -Iinclude -I/mnt/a57a7843-7ae2-415a-9125-4c61fa4163d9/3rdLibrary/SDL2-2.30.8/include -idirafter /mnt/a57a7843-7ae2-415a-9125-4c61fa4163d9/3rdLibrary/SDL2-2.30.8/src/video/khronos   -Iinclude -I/mnt/a57a7843-7ae2-415a-9125-4c61fa4163d9/3rdLibrary/SDL2-2.30.8/include -idirafter /mnt/a57a7843-7ae2-415a-9125-4c61fa4163d9/3rdLibrary/SDL2-2.30.8/src/video/khronos   conftest.c  >&5
configure:13624: $? = 0
configure:13624: result: yes
configure:13624: checking for nanosleep
configure:13624: gcc -o conftest -g -O2 -Iinclude -I/mnt/a57a7843-7ae2-415a-9125-4c61fa4163d9/3rdLibrary/SDL2-2.30.8/include -idirafter /mnt/a57a7843-7ae2-415a-9125-4c61fa4163d9/3rdLibrary/SDL2-2.30.8/src/video/khronos   -Iinclude -I/mnt/a57a7843-7ae2-415a-9125-4c61fa4163d9/3rdLibrary/SDL2-2.30.8/include -idirafter /mnt/a57a7843-7ae2-415a-9125-4c61fa4163d9/3rdLibrary/SDL2-2.30.8/src/video/khronos   conftest.c  >&5
configure:13624: $? = 0
configure:13624: result: yes
configure:13624: checking for sysconf
configure:13624: gcc -o conftest -g -O2 -Iinclude -I/mnt/a57a7843-7ae2-415a-9125-4c61fa4163d9/3rdLibrary/SDL2-2.30.8/include -idirafter /mnt/a57a7843-7ae2-415a-9125-4c61fa4163d9/3rdLibrary/SDL2-2.30.8/src/video/khronos   -Iinclude -I/mnt/a57a7843-7ae2-415a-9125-4c61fa4163d9/3rdLibrary/SDL2-2.30.8/include -idirafter /mnt/a57a7843-7ae2-415a-9125-4c61fa4163d9/3rdLibrary/SDL2-2.30.8/src/video/khronos   conftest.c  >&5
configure:13624: $? = 0
configure:13624: result: yes
configure:13624: checking for sysctlbyname
configure:13624: gcc -o conftest -g -O2 -Iinclude -I/mnt/a57a7843-7ae2-415a-9125-4c61fa4163d9/3rdLibrary/SDL2-2.30.8/include -idirafter /mnt/a57a7843-7ae2-415a-9125-4c61fa4163d9/3rdLibrary/SDL2-2.30.8/src/video/khronos   -Iinclude -I/mnt/a57a7843-7ae2-415a-9125-4c61fa4163d9/3rdLibrary/SDL2-2.30.8/include -idirafter /mnt/a57a7843-7ae2-415a-9125-4c61fa4163d9/3rdLibrary/SDL2-2.30.8/src/video/khronos   conftest.c  >&5
/usr/bin/ld: /tmp/ccYbrUjm.o: in function `main':
/mnt/a57a7843-7ae2-415a-9125-4c61fa4163d9/3rdLibrary/SDL2-2.30.8/conftest.c:130: undefined reference to `sysctlbyname'
collect2: error: ld returned 1 exit status
configure:13624: $? = 1
configure: failed program was:
| /* confdefs.h */
| #define PACKAGE_NAME ""
| #define PACKAGE_TARNAME ""
| #define PACKAGE_VERSION ""
| #define PACKAGE_STRING ""
| #define PACKAGE_BUGREPORT ""
| #define PACKAGE_URL ""
| #define STDC_HEADERS 1
| #define HAVE_SYS_TYPES_H 1
| #define HAVE_SYS_STAT_H 1
| #define HAVE_STDLIB_H 1
| #define HAVE_STRING_H 1
| #define HAVE_MEMORY_H 1
| #define HAVE_STRINGS_H 1
| #define HAVE_INTTYPES_H 1
| #define HAVE_STDINT_H 1
| #define HAVE_UNISTD_H 1
| #define HAVE_DLFCN_H 1
| #define LT_OBJDIR ".libs/"
| #define HAVE_LIBC 1
| #define STDC_HEADERS 1
| #define HAVE_SYS_TYPES_H 1
| #define HAVE_STDIO_H 1
| #define HAVE_STDLIB_H 1
| #define HAVE_STDDEF_H 1
| #define HAVE_STDARG_H 1
| #define HAVE_MALLOC_H 1
| #define HAVE_MEMORY_H 1
| #define HAVE_STRING_H 1
| #define HAVE_STRINGS_H 1
| #define HAVE_WCHAR_H 1
| #define HAVE_INTTYPES_H 1
| #define HAVE_STDINT_H 1
| #define HAVE_LIMITS_H 1
| #define HAVE_CTYPE_H 1
| #define HAVE_MATH_H 1
| #define HAVE_FLOAT_H 1
| #define HAVE_ICONV_H 1
| #define HAVE_SIGNAL_H 1
| #define HAVE_M_PI /**/
| #define HAVE_ALLOCA_H 1
| #define HAVE_ALLOCA 1
| #define HAVE_MPROTECT 1
| #define HAVE_MALLOC 1
| #define HAVE_CALLOC 1
| #define HAVE_REALLOC 1
| #define HAVE_FREE 1
| #define HAVE_GETENV 1
| #define HAVE_SETENV 1
| #define HAVE_PUTENV 1
| #define HAVE_UNSETENV 1
| #define HAVE_BSEARCH 1
| #define HAVE_QSORT 1
| #define HAVE_ABS 1
| #define HAVE_BCOPY 1
| #define HAVE_MEMSET 1
| #define HAVE_MEMCMP 1
| #define HAVE_MEMCPY 1
| #define HAVE_MEMMOVE 1
| #define HAVE_WCSLEN 1
| #define HAVE_WCSDUP 1
| #define HAVE_WCSSTR 1
| #define HAVE_WCSCMP 1
| #define HAVE_WCSNCMP 1
| #define HAVE_WCSCASECMP 1
| #define HAVE_WCSNCASECMP 1
| #define HAVE_STRLEN 1
| #define HAVE_INDEX 1
| #define HAVE_RINDEX 1
| #define HAVE_STRCHR 1
| #define HAVE_STRRCHR 1
| #define HAVE_STRSTR 1
| #define HAVE_STRTOK_R 1
| #define HAVE_STRTOD 1
| #define HAVE_STRTOL 1
| #define HAVE_STRTOUL 1
| #define HAVE_STRTOLL 1
| #define HAVE_STRTOULL 1
| #define HAVE_ATOI 1
| #define HAVE_ATOF 1
| #define HAVE_STRCMP 1
| #define HAVE_STRNCMP 1
| #define HAVE_STRCASECMP 1
| #define HAVE_STRNCASECMP 1
| #define HAVE_STRCASESTR 1
| #define HAVE_VSSCANF 1
| #define HAVE_VSNPRINTF 1
| #define HAVE_FOPEN64 1
| #define HAVE_FSEEKO 1
| #define HAVE_FSEEKO64 1
| #define HAVE_SIGACTION 1
| #define HAVE_SETJMP 1
| #define HAVE_NANOSLEEP 1
| #define HAVE_SYSCONF 1
| /* end confdefs.h.  */
| /* Define sysctlbyname to an innocuous variant, in case <limits.h> declares sysctlbyname.
|    For example, HP-UX 11i <limits.h> declares gettimeofday.  */
| #define sysctlbyname innocuous_sysctlbyname
| 
| /* System header to define __stub macros and hopefully few prototypes,
|     which can conflict with char sysctlbyname (); below.
|     Prefer <limits.h> to <assert.h> if __STDC__ is defined, since
|     <limits.h> exists even on freestanding compilers.  */
| 
| #ifdef __STDC__
| # include <limits.h>
| #else
| # include <assert.h>
| #endif
| 
| #undef sysctlbyname
| 
| /* Override any GCC internal prototype to avoid an error.
|    Use char because int might match the return type of a GCC
|    builtin and then its argument prototype would still apply.  */
| #ifdef __cplusplus
| extern "C"
| #endif
| char sysctlbyname ();
| /* The GNU C library defines this for functions which it implements
|     to always fail with ENOSYS.  Some functions are actually named
|     something starting with __ and the normal name is an alias.  */
| #if defined __stub_sysctlbyname || defined __stub___sysctlbyname
| choke me
| #endif
| 
| int
| main ()
| {
| return sysctlbyname ();
|   ;
|   return 0;
| }
configure:13624: result: no
configure:13624: checking for getauxval
configure:13624: gcc -o conftest -g -O2 -Iinclude -I/mnt/a57a7843-7ae2-415a-9125-4c61fa4163d9/3rdLibrary/SDL2-2.30.8/include -idirafter /mnt/a57a7843-7ae2-415a-9125-4c61fa4163d9/3rdLibrary/SDL2-2.30.8/src/video/khronos   -Iinclude -I/mnt/a57a7843-7ae2-415a-9125-4c61fa4163d9/3rdLibrary/SDL2-2.30.8/include -idirafter /mnt/a57a7843-7ae2-415a-9125-4c61fa4163d9/3rdLibrary/SDL2-2.30.8/src/video/khronos   conftest.c  >&5
configure:13624: $? = 0
configure:13624: result: yes
configure:13624: checking for elf_aux_info
configure:13624: gcc -o conftest -g -O2 -Iinclude -I/mnt/a57a7843-7ae2-415a-9125-4c61fa4163d9/3rdLibrary/SDL2-2.30.8/include -idirafter /mnt/a57a7843-7ae2-415a-9125-4c61fa4163d9/3rdLibrary/SDL2-2.30.8/src/video/khronos   -Iinclude -I/mnt/a57a7843-7ae2-415a-9125-4c61fa4163d9/3rdLibrary/SDL2-2.30.8/include -idirafter /mnt/a57a7843-7ae2-415a-9125-4c61fa4163d9/3rdLibrary/SDL2-2.30.8/src/video/khronos   conftest.c  >&5
/usr/bin/ld: /tmp/ccXPyJD5.o: in function `main':
/mnt/a57a7843-7ae2-415a-9125-4c61fa4163d9/3rdLibrary/SDL2-2.30.8/conftest.c:131: undefined reference to `elf_aux_info'
collect2: error: ld returned 1 exit status
configure:13624: $? = 1
configure: failed program was:
| /* confdefs.h */
| #define PACKAGE_NAME ""
| #define PACKAGE_TARNAME ""
| #define PACKAGE_VERSION ""
| #define PACKAGE_STRING ""
| #define PACKAGE_BUGREPORT ""
| #define PACKAGE_URL ""
| #define STDC_HEADERS 1
| #define HAVE_SYS_TYPES_H 1
| #define HAVE_SYS_STAT_H 1
| #define HAVE_STDLIB_H 1
| #define HAVE_STRING_H 1
| #define HAVE_MEMORY_H 1
| #define HAVE_STRINGS_H 1
| #define HAVE_INTTYPES_H 1
| #define HAVE_STDINT_H 1
| #define HAVE_UNISTD_H 1
| #define HAVE_DLFCN_H 1
| #define LT_OBJDIR ".libs/"
| #define HAVE_LIBC 1
| #define STDC_HEADERS 1
| #define HAVE_SYS_TYPES_H 1
| #define HAVE_STDIO_H 1
| #define HAVE_STDLIB_H 1
| #define HAVE_STDDEF_H 1
| #define HAVE_STDARG_H 1
| #define HAVE_MALLOC_H 1
| #define HAVE_MEMORY_H 1
| #define HAVE_STRING_H 1
| #define HAVE_STRINGS_H 1
| #define HAVE_WCHAR_H 1
| #define HAVE_INTTYPES_H 1
| #define HAVE_STDINT_H 1
| #define HAVE_LIMITS_H 1
| #define HAVE_CTYPE_H 1
| #define HAVE_MATH_H 1
| #define HAVE_FLOAT_H 1
| #define HAVE_ICONV_H 1
| #define HAVE_SIGNAL_H 1
| #define HAVE_M_PI /**/
| #define HAVE_ALLOCA_H 1
| #define HAVE_ALLOCA 1
| #define HAVE_MPROTECT 1
| #define HAVE_MALLOC 1
| #define HAVE_CALLOC 1
| #define HAVE_REALLOC 1
| #define HAVE_FREE 1
| #define HAVE_GETENV 1
| #define HAVE_SETENV 1
| #define HAVE_PUTENV 1
| #define HAVE_UNSETENV 1
| #define HAVE_BSEARCH 1
| #define HAVE_QSORT 1
| #define HAVE_ABS 1
| #define HAVE_BCOPY 1
| #define HAVE_MEMSET 1
| #define HAVE_MEMCMP 1
| #define HAVE_MEMCPY 1
| #define HAVE_MEMMOVE 1
| #define HAVE_WCSLEN 1
| #define HAVE_WCSDUP 1
| #define HAVE_WCSSTR 1
| #define HAVE_WCSCMP 1
| #define HAVE_WCSNCMP 1
| #define HAVE_WCSCASECMP 1
| #define HAVE_WCSNCASECMP 1
| #define HAVE_STRLEN 1
| #define HAVE_INDEX 1
| #define HAVE_RINDEX 1
| #define HAVE_STRCHR 1
| #define HAVE_STRRCHR 1
| #define HAVE_STRSTR 1
| #define HAVE_STRTOK_R 1
| #define HAVE_STRTOD 1
| #define HAVE_STRTOL 1
| #define HAVE_STRTOUL 1
| #define HAVE_STRTOLL 1
| #define HAVE_STRTOULL 1
| #define HAVE_ATOI 1
| #define HAVE_ATOF 1
| #define HAVE_STRCMP 1
| #define HAVE_STRNCMP 1
| #define HAVE_STRCASECMP 1
| #define HAVE_STRNCASECMP 1
| #define HAVE_STRCASESTR 1
| #define HAVE_VSSCANF 1
| #define HAVE_VSNPRINTF 1
| #define HAVE_FOPEN64 1
| #define HAVE_FSEEKO 1
| #define HAVE_FSEEKO64 1
| #define HAVE_SIGACTION 1
| #define HAVE_SETJMP 1
| #define HAVE_NANOSLEEP 1
| #define HAVE_SYSCONF 1
| #define HAVE_GETAUXVAL 1
| /* end confdefs.h.  */
| /* Define elf_aux_info to an innocuous variant, in case <limits.h> declares elf_aux_info.
|    For example, HP-UX 11i <limits.h> declares gettimeofday.  */
| #define elf_aux_info innocuous_elf_aux_info
| 
| /* System header to define __stub macros and hopefully few prototypes,
|     which can conflict with char elf_aux_info (); below.
|     Prefer <limits.h> to <assert.h> if __STDC__ is defined, since
|     <limits.h> exists even on freestanding compilers.  */
| 
| #ifdef __STDC__
| # include <limits.h>
| #else
| # include <assert.h>
| #endif
| 
| #undef elf_aux_info
| 
| /* Override any GCC internal prototype to avoid an error.
|    Use char because int might match the return type of a GCC
|    builtin and then its argument prototype would still apply.  */
| #ifdef __cplusplus
| extern "C"
| #endif
| char elf_aux_info ();
| /* The GNU C library defines this for functions which it implements
|     to always fail with ENOSYS.  Some functions are actually named
|     something starting with __ and the normal name is an alias.  */
| #if defined __stub_elf_aux_info || defined __stub___elf_aux_info
| choke me
| #endif
| 
| int
| main ()
| {
| return elf_aux_info ();
|   ;
|   return 0;
| }
configure:13624: result: no
configure:13624: checking for poll
configure:13624: gcc -o conftest -g -O2 -Iinclude -I/mnt/a57a7843-7ae2-415a-9125-4c61fa4163d9/3rdLibrary/SDL2-2.30.8/include -idirafter /mnt/a57a7843-7ae2-415a-9125-4c61fa4163d9/3rdLibrary/SDL2-2.30.8/src/video/khronos   -Iinclude -I/mnt/a57a7843-7ae2-415a-9125-4c61fa4163d9/3rdLibrary/SDL2-2.30.8/include -idirafter /mnt/a57a7843-7ae2-415a-9125-4c61fa4163d9/3rdLibrary/SDL2-2.30.8/src/video/khronos   conftest.c  >&5
configure:13624: $? = 0
configure:13624: result: yes
configure:13624: checking for memfd_create
configure:13624: gcc -o conftest -g -O2 -Iinclude -I/mnt/a57a7843-7ae2-415a-9125-4c61fa4163d9/3rdLibrary/SDL2-2.30.8/include -idirafter /mnt/a57a7843-7ae2-415a-9125-4c61fa4163d9/3rdLibrary/SDL2-2.30.8/src/video/khronos   -Iinclude -I/mnt/a57a7843-7ae2-415a-9125-4c61fa4163d9/3rdLibrary/SDL2-2.30.8/include -idirafter /mnt/a57a7843-7ae2-415a-9125-4c61fa4163d9/3rdLibrary/SDL2-2.30.8/src/video/khronos   conftest.c  >&5
configure:13624: $? = 0
configure:13624: result: yes
configure:13624: checking for posix_fallocate
configure:13624: gcc -o conftest -g -O2 -Iinclude -I/mnt/a57a7843-7ae2-415a-9125-4c61fa4163d9/3rdLibrary/SDL2-2.30.8/include -idirafter /mnt/a57a7843-7ae2-415a-9125-4c61fa4163d9/3rdLibrary/SDL2-2.30.8/src/video/khronos   -Iinclude -I/mnt/a57a7843-7ae2-415a-9125-4c61fa4163d9/3rdLibrary/SDL2-2.30.8/include -idirafter /mnt/a57a7843-7ae2-415a-9125-4c61fa4163d9/3rdLibrary/SDL2-2.30.8/src/video/khronos   conftest.c  >&5
configure:13624: $? = 0
configure:13624: result: yes
configure:13624: checking for _Exit
configure:13624: gcc -o conftest -g -O2 -Iinclude -I/mnt/a57a7843-7ae2-415a-9125-4c61fa4163d9/3rdLibrary/SDL2-2.30.8/include -idirafter /mnt/a57a7843-7ae2-415a-9125-4c61fa4163d9/3rdLibrary/SDL2-2.30.8/src/video/khronos   -Iinclude -I/mnt/a57a7843-7ae2-415a-9125-4c61fa4163d9/3rdLibrary/SDL2-2.30.8/include -idirafter /mnt/a57a7843-7ae2-415a-9125-4c61fa4163d9/3rdLibrary/SDL2-2.30.8/src/video/khronos   conftest.c  >&5
conftest.c:123:6: warning: conflicting types for built-in function '_Exit'; expected 'void(int)' [-Wbuiltin-declaration-mismatch]
  123 | char _Exit ();
      |      ^~~~~
conftest.c:111:1: note: '_Exit' is declared in header '<stdlib.h>'
  110 | # include <limits.h>
  111 | #else
configure:13624: $? = 0
configure:13624: result: yes
configure:13634: checking for pow in -lm
configure:13659: gcc -o conftest -g -O2 -Iinclude -I/mnt/a57a7843-7ae2-415a-9125-4c61fa4163d9/3rdLibrary/SDL2-2.30.8/include -idirafter /mnt/a57a7843-7ae2-415a-9125-4c61fa4163d9/3rdLibrary/SDL2-2.30.8/src/video/khronos   -Iinclude -I/mnt/a57a7843-7ae2-415a-9125-4c61fa4163d9/3rdLibrary/SDL2-2.30.8/include -idirafter /mnt/a57a7843-7ae2-415a-9125-4c61fa4163d9/3rdLibrary/SDL2-2.30.8/src/video/khronos   conftest.c -lm   >&5
conftest.c:108:6: warning: conflicting types for built-in function 'pow'; expected 'double(double,  double)' [-Wbuiltin-declaration-mismatch]
  108 | char pow ();
      |      ^~~
conftest.c:1:1: note: 'pow' is declared in header '<math.h>'
    1 | /* confdefs.h */
configure:13659: $? = 0
configure:13668: result: yes
configure:13677: checking for acos
configure:13677: gcc -o conftest -g -O2 -Iinclude -I/mnt/a57a7843-7ae2-415a-9125-4c61fa4163d9/3rdLibrary/SDL2-2.30.8/include -idirafter /mnt/a57a7843-7ae2-415a-9125-4c61fa4163d9/3rdLibrary/SDL2-2.30.8/src/video/khronos   -Iinclude -I/mnt/a57a7843-7ae2-415a-9125-4c61fa4163d9/3rdLibrary/SDL2-2.30.8/include -idirafter /mnt/a57a7843-7ae2-415a-9125-4c61fa4163d9/3rdLibrary/SDL2-2.30.8/src/video/khronos   conftest.c  -lm >&5
conftest.c:124:6: warning: conflicting types for built-in function 'acos'; expected 'double(double)' [-Wbuiltin-declaration-mismatch]
  124 | char acos ();
      |      ^~~~
conftest.c:112:1: note: 'acos' is declared in header '<math.h>'
  111 | # include <limits.h>
  112 | #else
configure:13677: $? = 0
configure:13677: result: yes
configure:13677: checking for acosf
configure:13677: gcc -o conftest -g -O2 -Iinclude -I/mnt/a57a7843-7ae2-415a-9125-4c61fa4163d9/3rdLibrary/SDL2-2.30.8/include -idirafter /mnt/a57a7843-7ae2-415a-9125-4c61fa4163d9/3rdLibrary/SDL2-2.30.8/src/video/khronos   -Iinclude -I/mnt/a57a7843-7ae2-415a-9125-4c61fa4163d9/3rdLibrary/SDL2-2.30.8/include -idirafter /mnt/a57a7843-7ae2-415a-9125-4c61fa4163d9/3rdLibrary/SDL2-2.30.8/src/video/khronos   conftest.c  -lm >&5
conftest.c:125:6: warning: conflicting types for built-in function 'acosf'; expected 'float(float)' [-Wbuiltin-declaration-mismatch]
  125 | char acosf ();
      |      ^~~~~
conftest.c:113:1: note: 'acosf' is declared in header '<math.h>'
  112 | # include <limits.h>
  113 | #else
configure:13677: $? = 0
configure:13677: result: yes
configure:13677: checking for asin
configure:13677: gcc -o conftest -g -O2 -Iinclude -I/mnt/a57a7843-7ae2-415a-9125-4c61fa4163d9/3rdLibrary/SDL2-2.30.8/include -idirafter /mnt/a57a7843-7ae2-415a-9125-4c61fa4163d9/3rdLibrary/SDL2-2.30.8/src/video/khronos   -Iinclude -I/mnt/a57a7843-7ae2-415a-9125-4c61fa4163d9/3rdLibrary/SDL2-2.30.8/include -idirafter /mnt/a57a7843-7ae2-415a-9125-4c61fa4163d9/3rdLibrary/SDL2-2.30.8/src/video/khronos   conftest.c  -lm >&5
conftest.c:126:6: warning: conflicting types for built-in function 'asin'; expected 'double(double)' [-Wbuiltin-declaration-mismatch]
  126 | char asin ();
      |      ^~~~
conftest.c:114:1: note: 'asin' is declared in header '<math.h>'
  113 | # include <limits.h>
  114 | #else
configure:13677: $? = 0
configure:13677: result: yes
configure:13677: checking for asinf
configure:13677: gcc -o conftest -g -O2 -Iinclude -I/mnt/a57a7843-7ae2-415a-9125-4c61fa4163d9/3rdLibrary/SDL2-2.30.8/include -idirafter /mnt/a57a7843-7ae2-415a-9125-4c61fa4163d9/3rdLibrary/SDL2-2.30.8/src/video/khronos   -Iinclude -I/mnt/a57a7843-7ae2-415a-9125-4c61fa4163d9/3rdLibrary/SDL2-2.30.8/include -idirafter /mnt/a57a7843-7ae2-415a-9125-4c61fa4163d9/3rdLibrary/SDL2-2.30.8/src/video/khronos   conftest.c  -lm >&5
conftest.c:127:6: warning: conflicting types for built-in function 'asinf'; expected 'float(float)' [-Wbuiltin-declaration-mismatch]
  127 | char asinf ();
      |      ^~~~~
conftest.c:115:1: note: 'asinf' is declared in header '<math.h>'
  114 | # include <limits.h>
  115 | #else
configure:13677: $? = 0
configure:13677: result: yes
configure:13677: checking for atan
configure:13677: gcc -o conftest -g -O2 -Iinclude -I/mnt/a57a7843-7ae2-415a-9125-4c61fa4163d9/3rdLibrary/SDL2-2.30.8/include -idirafter /mnt/a57a7843-7ae2-415a-9125-4c61fa4163d9/3rdLibrary/SDL2-2.30.8/src/video/khronos   -Iinclude -I/mnt/a57a7843-7ae2-415a-9125-4c61fa4163d9/3rdLibrary/SDL2-2.30.8/include -idirafter /mnt/a57a7843-7ae2-415a-9125-4c61fa4163d9/3rdLibrary/SDL2-2.30.8/src/video/khronos   conftest.c  -lm >&5
conftest.c:128:6: warning: conflicting types for built-in function 'atan'; expected 'double(double)' [-Wbuiltin-declaration-mismatch]
  128 | char atan ();
      |      ^~~~
conftest.c:116:1: note: 'atan' is declared in header '<math.h>'
  115 | # include <limits.h>
  116 | #else
configure:13677: $? = 0
configure:13677: result: yes
configure:13677: checking for atanf
configure:13677: gcc -o conftest -g -O2 -Iinclude -I/mnt/a57a7843-7ae2-415a-9125-4c61fa4163d9/3rdLibrary/SDL2-2.30.8/include -idirafter /mnt/a57a7843-7ae2-415a-9125-4c61fa4163d9/3rdLibrary/SDL2-2.30.8/src/video/khronos   -Iinclude -I/mnt/a57a7843-7ae2-415a-9125-4c61fa4163d9/3rdLibrary/SDL2-2.30.8/include -idirafter /mnt/a57a7843-7ae2-415a-9125-4c61fa4163d9/3rdLibrary/SDL2-2.30.8/src/video/khronos   conftest.c  -lm >&5
conftest.c:129:6: warning: conflicting types for built-in function 'atanf'; expected 'float(float)' [-Wbuiltin-declaration-mismatch]
  129 | char atanf ();
      |      ^~~~~
conftest.c:117:1: note: 'atanf' is declared in header '<math.h>'
  116 | # include <limits.h>
  117 | #else
configure:13677: $? = 0
configure:13677: result: yes
configure:13677: checking for atan2
configure:13677: gcc -o conftest -g -O2 -Iinclude -I/mnt/a57a7843-7ae2-415a-9125-4c61fa4163d9/3rdLibrary/SDL2-2.30.8/include -idirafter /mnt/a57a7843-7ae2-415a-9125-4c61fa4163d9/3rdLibrary/SDL2-2.30.8/src/video/khronos   -Iinclude -I/mnt/a57a7843-7ae2-415a-9125-4c61fa4163d9/3rdLibrary/SDL2-2.30.8/include -idirafter /mnt/a57a7843-7ae2-415a-9125-4c61fa4163d9/3rdLibrary/SDL2-2.30.8/src/video/khronos   conftest.c  -lm >&5
conftest.c:130:6: warning: conflicting types for built-in function 'atan2'; expected 'double(double,  double)' [-Wbuiltin-declaration-mismatch]
  130 | char atan2 ();
      |      ^~~~~
conftest.c:118:1: note: 'atan2' is declared in header '<math.h>'
  117 | # include <limits.h>
  118 | #else
configure:13677: $? = 0
configure:13677: result: yes
configure:13677: checking for atan2f
configure:13677: gcc -o conftest -g -O2 -Iinclude -I/mnt/a57a7843-7ae2-415a-9125-4c61fa4163d9/3rdLibrary/SDL2-2.30.8/include -idirafter /mnt/a57a7843-7ae2-415a-9125-4c61fa4163d9/3rdLibrary/SDL2-2.30.8/src/video/khronos   -Iinclude -I/mnt/a57a7843-7ae2-415a-9125-4c61fa4163d9/3rdLibrary/SDL2-2.30.8/include -idirafter /mnt/a57a7843-7ae2-415a-9125-4c61fa4163d9/3rdLibrary/SDL2-2.30.8/src/video/khronos   conftest.c  -lm >&5
conftest.c:131:6: warning: conflicting types for built-in function 'atan2f'; expected 'float(float,  float)' [-Wbuiltin-declaration-mismatch]
  131 | char atan2f ();
      |      ^~~~~~
conftest.c:119:1: note: 'atan2f' is declared in header '<math.h>'
  118 | # include <limits.h>
  119 | #else
configure:13677: $? = 0
configure:13677: result: yes
configure:13677: checking for ceil
configure:13677: gcc -o conftest -g -O2 -Iinclude -I/mnt/a57a7843-7ae2-415a-9125-4c61fa4163d9/3rdLibrary/SDL2-2.30.8/include -idirafter /mnt/a57a7843-7ae2-415a-9125-4c61fa4163d9/3rdLibrary/SDL2-2.30.8/src/video/khronos   -Iinclude -I/mnt/a57a7843-7ae2-415a-9125-4c61fa4163d9/3rdLibrary/SDL2-2.30.8/include -idirafter /mnt/a57a7843-7ae2-415a-9125-4c61fa4163d9/3rdLibrary/SDL2-2.30.8/src/video/khronos   conftest.c  -lm >&5
conftest.c:132:6: warning: conflicting types for built-in function 'ceil'; expected 'double(double)' [-Wbuiltin-declaration-mismatch]
  132 | char ceil ();
      |      ^~~~
conftest.c:120:1: note: 'ceil' is declared in header '<math.h>'
  119 | # include <limits.h>
  120 | #else
configure:13677: $? = 0
configure:13677: result: yes
configure:13677: checking for ceilf
configure:13677: gcc -o conftest -g -O2 -Iinclude -I/mnt/a57a7843-7ae2-415a-9125-4c61fa4163d9/3rdLibrary/SDL2-2.30.8/include -idirafter /mnt/a57a7843-7ae2-415a-9125-4c61fa4163d9/3rdLibrary/SDL2-2.30.8/src/video/khronos   -Iinclude -I/mnt/a57a7843-7ae2-415a-9125-4c61fa4163d9/3rdLibrary/SDL2-2.30.8/include -idirafter /mnt/a57a7843-7ae2-415a-9125-4c61fa4163d9/3rdLibrary/SDL2-2.30.8/src/video/khronos   conftest.c  -lm >&5
conftest.c:133:6: warning: conflicting types for built-in function 'ceilf'; expected 'float(float)' [-Wbuiltin-declaration-mismatch]
  133 | char ceilf ();
      |      ^~~~~
conftest.c:121:1: note: 'ceilf' is declared in header '<math.h>'
  120 | # include <limits.h>
  121 | #else
configure:13677: $? = 0
configure:13677: result: yes
configure:13677: checking for copysign
configure:13677: gcc -o conftest -g -O2 -Iinclude -I/mnt/a57a7843-7ae2-415a-9125-4c61fa4163d9/3rdLibrary/SDL2-2.30.8/include -idirafter /mnt/a57a7843-7ae2-415a-9125-4c61fa4163d9/3rdLibrary/SDL2-2.30.8/src/video/khronos   -Iinclude -I/mnt/a57a7843-7ae2-415a-9125-4c61fa4163d9/3rdLibrary/SDL2-2.30.8/include -idirafter /mnt/a57a7843-7ae2-415a-9125-4c61fa4163d9/3rdLibrary/SDL2-2.30.8/src/video/khronos   conftest.c  -lm >&5
conftest.c:134:6: warning: conflicting types for built-in function 'copysign'; expected 'double(double,  double)' [-Wbuiltin-declaration-mismatch]
  134 | char copysign ();
      |      ^~~~~~~~
conftest.c:122:1: note: 'copysign' is declared in header '<math.h>'
  121 | # include <limits.h>
  122 | #else
configure:13677: $? = 0
configure:13677: result: yes
configure:13677: checking for copysignf
configure:13677: gcc -o conftest -g -O2 -Iinclude -I/mnt/a57a7843-7ae2-415a-9125-4c61fa4163d9/3rdLibrary/SDL2-2.30.8/include -idirafter /mnt/a57a7843-7ae2-415a-9125-4c61fa4163d9/3rdLibrary/SDL2-2.30.8/src/video/khronos   -Iinclude -I/mnt/a57a7843-7ae2-415a-9125-4c61fa4163d9/3rdLibrary/SDL2-2.30.8/include -idirafter /mnt/a57a7843-7ae2-415a-9125-4c61fa4163d9/3rdLibrary/SDL2-2.30.8/src/video/khronos   conftest.c  -lm >&5
conftest.c:135:6: warning: conflicting types for built-in function 'copysignf'; expected 'float(float,  float)' [-Wbuiltin-declaration-mismatch]
  135 | char copysignf ();
      |      ^~~~~~~~~
conftest.c:123:1: note: 'copysignf' is declared in header '<math.h>'
  122 | # include <limits.h>
  123 | #else
configure:13677: $? = 0
configure:13677: result: yes
configure:13677: checking for cos
configure:13677: gcc -o conftest -g -O2 -Iinclude -I/mnt/a57a7843-7ae2-415a-9125-4c61fa4163d9/3rdLibrary/SDL2-2.30.8/include -idirafter /mnt/a57a7843-7ae2-415a-9125-4c61fa4163d9/3rdLibrary/SDL2-2.30.8/src/video/khronos   -Iinclude -I/mnt/a57a7843-7ae2-415a-9125-4c61fa4163d9/3rdLibrary/SDL2-2.30.8/include -idirafter /mnt/a57a7843-7ae2-415a-9125-4c61fa4163d9/3rdLibrary/SDL2-2.30.8/src/video/khronos   conftest.c  -lm >&5
conftest.c:136:6: warning: conflicting types for built-in function 'cos'; expected 'double(double)' [-Wbuiltin-declaration-mismatch]
  136 | char cos ();
      |      ^~~
conftest.c:124:1: note: 'cos' is declared in header '<math.h>'
  123 | # include <limits.h>
  124 | #else
configure:13677: $? = 0
configure:13677: result: yes
configure:13677: checking for cosf
configure:13677: gcc -o conftest -g -O2 -Iinclude -I/mnt/a57a7843-7ae2-415a-9125-4c61fa4163d9/3rdLibrary/SDL2-2.30.8/include -idirafter /mnt/a57a7843-7ae2-415a-9125-4c61fa4163d9/3rdLibrary/SDL2-2.30.8/src/video/khronos   -Iinclude -I/mnt/a57a7843-7ae2-415a-9125-4c61fa4163d9/3rdLibrary/SDL2-2.30.8/include -idirafter /mnt/a57a7843-7ae2-415a-9125-4c61fa4163d9/3rdLibrary/SDL2-2.30.8/src/video/khronos   conftest.c  -lm >&5
conftest.c:137:6: warning: conflicting types for built-in function 'cosf'; expected 'float(float)' [-Wbuiltin-declaration-mismatch]
  137 | char cosf ();
      |      ^~~~
conftest.c:125:1: note: 'cosf' is declared in header '<math.h>'
  124 | # include <limits.h>
  125 | #else
configure:13677: $? = 0
configure:13677: result: yes
configure:13677: checking for exp
configure:13677: gcc -o conftest -g -O2 -Iinclude -I/mnt/a57a7843-7ae2-415a-9125-4c61fa4163d9/3rdLibrary/SDL2-2.30.8/include -idirafter /mnt/a57a7843-7ae2-415a-9125-4c61fa4163d9/3rdLibrary/SDL2-2.30.8/src/video/khronos   -Iinclude -I/mnt/a57a7843-7ae2-415a-9125-4c61fa4163d9/3rdLibrary/SDL2-2.30.8/include -idirafter /mnt/a57a7843-7ae2-415a-9125-4c61fa4163d9/3rdLibrary/SDL2-2.30.8/src/video/khronos   conftest.c  -lm >&5
conftest.c:138:6: warning: conflicting types for built-in function 'exp'; expected 'double(double)' [-Wbuiltin-declaration-mismatch]
  138 | char exp ();
      |      ^~~
conftest.c:126:1: note: 'exp' is declared in header '<math.h>'
  125 | # include <limits.h>
  126 | #else
configure:13677: $? = 0
configure:13677: result: yes
configure:13677: checking for expf
configure:13677: gcc -o conftest -g -O2 -Iinclude -I/mnt/a57a7843-7ae2-415a-9125-4c61fa4163d9/3rdLibrary/SDL2-2.30.8/include -idirafter /mnt/a57a7843-7ae2-415a-9125-4c61fa4163d9/3rdLibrary/SDL2-2.30.8/src/video/khronos   -Iinclude -I/mnt/a57a7843-7ae2-415a-9125-4c61fa4163d9/3rdLibrary/SDL2-2.30.8/include -idirafter /mnt/a57a7843-7ae2-415a-9125-4c61fa4163d9/3rdLibrary/SDL2-2.30.8/src/video/khronos   conftest.c  -lm >&5
conftest.c:139:6: warning: conflicting types for built-in function 'expf'; expected 'float(float)' [-Wbuiltin-declaration-mismatch]
  139 | char expf ();
      |      ^~~~
conftest.c:127:1: note: 'expf' is declared in header '<math.h>'
  126 | # include <limits.h>
  127 | #else
configure:13677: $? = 0
configure:13677: result: yes
configure:13677: checking for fabs
configure:13677: gcc -o conftest -g -O2 -Iinclude -I/mnt/a57a7843-7ae2-415a-9125-4c61fa4163d9/3rdLibrary/SDL2-2.30.8/include -idirafter /mnt/a57a7843-7ae2-415a-9125-4c61fa4163d9/3rdLibrary/SDL2-2.30.8/src/video/khronos   -Iinclude -I/mnt/a57a7843-7ae2-415a-9125-4c61fa4163d9/3rdLibrary/SDL2-2.30.8/include -idirafter /mnt/a57a7843-7ae2-415a-9125-4c61fa4163d9/3rdLibrary/SDL2-2.30.8/src/video/khronos   conftest.c  -lm >&5
conftest.c:140:6: warning: conflicting types for built-in function 'fabs'; expected 'double(double)' [-Wbuiltin-declaration-mismatch]
  140 | char fabs ();
      |      ^~~~
conftest.c:128:1: note: 'fabs' is declared in header '<math.h>'
  127 | # include <limits.h>
  128 | #else
configure:13677: $? = 0
configure:13677: result: yes
configure:13677: checking for fabsf
configure:13677: gcc -o conftest -g -O2 -Iinclude -I/mnt/a57a7843-7ae2-415a-9125-4c61fa4163d9/3rdLibrary/SDL2-2.30.8/include -idirafter /mnt/a57a7843-7ae2-415a-9125-4c61fa4163d9/3rdLibrary/SDL2-2.30.8/src/video/khronos   -Iinclude -I/mnt/a57a7843-7ae2-415a-9125-4c61fa4163d9/3rdLibrary/SDL2-2.30.8/include -idirafter /mnt/a57a7843-7ae2-415a-9125-4c61fa4163d9/3rdLibrary/SDL2-2.30.8/src/video/khronos   conftest.c  -lm >&5
conftest.c:141:6: warning: conflicting types for built-in function 'fabsf'; expected 'float(float)' [-Wbuiltin-declaration-mismatch]
  141 | char fabsf ();
      |      ^~~~~
conftest.c:129:1: note: 'fabsf' is declared in header '<math.h>'
  128 | # include <limits.h>
  129 | #else
configure:13677: $? = 0
configure:13677: result: yes
configure:13677: checking for floor
configure:13677: gcc -o conftest -g -O2 -Iinclude -I/mnt/a57a7843-7ae2-415a-9125-4c61fa4163d9/3rdLibrary/SDL2-2.30.8/include -idirafter /mnt/a57a7843-7ae2-415a-9125-4c61fa4163d9/3rdLibrary/SDL2-2.30.8/src/video/khronos   -Iinclude -I/mnt/a57a7843-7ae2-415a-9125-4c61fa4163d9/3rdLibrary/SDL2-2.30.8/include -idirafter /mnt/a57a7843-7ae2-415a-9125-4c61fa4163d9/3rdLibrary/SDL2-2.30.8/src/video/khronos   conftest.c  -lm >&5
conftest.c:142:6: warning: conflicting types for built-in function 'floor'; expected 'double(double)' [-Wbuiltin-declaration-mismatch]
  142 | char floor ();
      |      ^~~~~
conftest.c:130:1: note: 'floor' is declared in header '<math.h>'
  129 | # include <limits.h>
  130 | #else
configure:13677: $? = 0
configure:13677: result: yes
configure:13677: checking for floorf
configure:13677: gcc -o conftest -g -O2 -Iinclude -I/mnt/a57a7843-7ae2-415a-9125-4c61fa4163d9/3rdLibrary/SDL2-2.30.8/include -idirafter /mnt/a57a7843-7ae2-415a-9125-4c61fa4163d9/3rdLibrary/SDL2-2.30.8/src/video/khronos   -Iinclude -I/mnt/a57a7843-7ae2-415a-9125-4c61fa4163d9/3rdLibrary/SDL2-2.30.8/include -idirafter /mnt/a57a7843-7ae2-415a-9125-4c61fa4163d9/3rdLibrary/SDL2-2.30.8/src/video/khronos   conftest.c  -lm >&5
conftest.c:143:6: warning: conflicting types for built-in function 'floorf'; expected 'float(float)' [-Wbuiltin-declaration-mismatch]
  143 | char floorf ();
      |      ^~~~~~
conftest.c:131:1: note: 'floorf' is declared in header '<math.h>'
  130 | # include <limits.h>
  131 | #else
configure:13677: $? = 0
configure:13677: result: yes
configure:13677: checking for trunc
configure:13677: gcc -o conftest -g -O2 -Iinclude -I/mnt/a57a7843-7ae2-415a-9125-4c61fa4163d9/3rdLibrary/SDL2-2.30.8/include -idirafter /mnt/a57a7843-7ae2-415a-9125-4c61fa4163d9/3rdLibrary/SDL2-2.30.8/src/video/khronos   -Iinclude -I/mnt/a57a7843-7ae2-415a-9125-4c61fa4163d9/3rdLibrary/SDL2-2.30.8/include -idirafter /mnt/a57a7843-7ae2-415a-9125-4c61fa4163d9/3rdLibrary/SDL2-2.30.8/src/video/khronos   conftest.c  -lm >&5
conftest.c:144:6: warning: conflicting types for built-in function 'trunc'; expected 'double(double)' [-Wbuiltin-declaration-mismatch]
  144 | char trunc ();
      |      ^~~~~
conftest.c:132:1: note: 'trunc' is declared in header '<math.h>'
  131 | # include <limits.h>
  132 | #else
configure:13677: $? = 0
configure:13677: result: yes
configure:13677: checking for truncf
configure:13677: gcc -o conftest -g -O2 -Iinclude -I/mnt/a57a7843-7ae2-415a-9125-4c61fa4163d9/3rdLibrary/SDL2-2.30.8/include -idirafter /mnt/a57a7843-7ae2-415a-9125-4c61fa4163d9/3rdLibrary/SDL2-2.30.8/src/video/khronos   -Iinclude -I/mnt/a57a7843-7ae2-415a-9125-4c61fa4163d9/3rdLibrary/SDL2-2.30.8/include -idirafter /mnt/a57a7843-7ae2-415a-9125-4c61fa4163d9/3rdLibrary/SDL2-2.30.8/src/video/khronos   conftest.c  -lm >&5
conftest.c:145:6: warning: conflicting types for built-in function 'truncf'; expected 'float(float)' [-Wbuiltin-declaration-mismatch]
  145 | char truncf ();
      |      ^~~~~~
conftest.c:133:1: note: 'truncf' is declared in header '<math.h>'
  132 | # include <limits.h>
  133 | #else
configure:13677: $? = 0
configure:13677: result: yes
configure:13677: checking for fmod
configure:13677: gcc -o conftest -g -O2 -Iinclude -I/mnt/a57a7843-7ae2-415a-9125-4c61fa4163d9/3rdLibrary/SDL2-2.30.8/include -idirafter /mnt/a57a7843-7ae2-415a-9125-4c61fa4163d9/3rdLibrary/SDL2-2.30.8/src/video/khronos   -Iinclude -I/mnt/a57a7843-7ae2-415a-9125-4c61fa4163d9/3rdLibrary/SDL2-2.30.8/include -idirafter /mnt/a57a7843-7ae2-415a-9125-4c61fa4163d9/3rdLibrary/SDL2-2.30.8/src/video/khronos   conftest.c  -lm >&5
conftest.c:146:6: warning: conflicting types for built-in function 'fmod'; expected 'double(double,  double)' [-Wbuiltin-declaration-mismatch]
  146 | char fmod ();
      |      ^~~~
conftest.c:134:1: note: 'fmod' is declared in header '<math.h>'
  133 | # include <limits.h>
  134 | #else
configure:13677: $? = 0
configure:13677: result: yes
configure:13677: checking for fmodf
configure:13677: gcc -o conftest -g -O2 -Iinclude -I/mnt/a57a7843-7ae2-415a-9125-4c61fa4163d9/3rdLibrary/SDL2-2.30.8/include -idirafter /mnt/a57a7843-7ae2-415a-9125-4c61fa4163d9/3rdLibrary/SDL2-2.30.8/src/video/khronos   -Iinclude -I/mnt/a57a7843-7ae2-415a-9125-4c61fa4163d9/3rdLibrary/SDL2-2.30.8/include -idirafter /mnt/a57a7843-7ae2-415a-9125-4c61fa4163d9/3rdLibrary/SDL2-2.30.8/src/video/khronos   conftest.c  -lm >&5
conftest.c:147:6: warning: conflicting types for built-in function 'fmodf'; expected 'float(float,  float)' [-Wbuiltin-declaration-mismatch]
  147 | char fmodf ();
      |      ^~~~~
conftest.c:135:1: note: 'fmodf' is declared in header '<math.h>'
  134 | # include <limits.h>
  135 | #else
configure:13677: $? = 0
configure:13677: result: yes
configure:13677: checking for log
configure:13677: gcc -o conftest -g -O2 -Iinclude -I/mnt/a57a7843-7ae2-415a-9125-4c61fa4163d9/3rdLibrary/SDL2-2.30.8/include -idirafter /mnt/a57a7843-7ae2-415a-9125-4c61fa4163d9/3rdLibrary/SDL2-2.30.8/src/video/khronos   -Iinclude -I/mnt/a57a7843-7ae2-415a-9125-4c61fa4163d9/3rdLibrary/SDL2-2.30.8/include -idirafter /mnt/a57a7843-7ae2-415a-9125-4c61fa4163d9/3rdLibrary/SDL2-2.30.8/src/video/khronos   conftest.c  -lm >&5
conftest.c:148:6: warning: conflicting types for built-in function 'log'; expected 'double(double)' [-Wbuiltin-declaration-mismatch]
  148 | char log ();
      |      ^~~
conftest.c:136:1: note: 'log' is declared in header '<math.h>'
  135 | # include <limits.h>
  136 | #else
configure:13677: $? = 0
configure:13677: result: yes
configure:13677: checking for logf
configure:13677: gcc -o conftest -g -O2 -Iinclude -I/mnt/a57a7843-7ae2-415a-9125-4c61fa4163d9/3rdLibrary/SDL2-2.30.8/include -idirafter /mnt/a57a7843-7ae2-415a-9125-4c61fa4163d9/3rdLibrary/SDL2-2.30.8/src/video/khronos   -Iinclude -I/mnt/a57a7843-7ae2-415a-9125-4c61fa4163d9/3rdLibrary/SDL2-2.30.8/include -idirafter /mnt/a57a7843-7ae2-415a-9125-4c61fa4163d9/3rdLibrary/SDL2-2.30.8/src/video/khronos   conftest.c  -lm >&5
conftest.c:149:6: warning: conflicting types for built-in function 'logf'; expected 'float(float)' [-Wbuiltin-declaration-mismatch]
  149 | char logf ();
      |      ^~~~
conftest.c:137:1: note: 'logf' is declared in header '<math.h>'
  136 | # include <limits.h>
  137 | #else
configure:13677: $? = 0
configure:13677: result: yes
configure:13677: checking for log10
configure:13677: gcc -o conftest -g -O2 -Iinclude -I/mnt/a57a7843-7ae2-415a-9125-4c61fa4163d9/3rdLibrary/SDL2-2.30.8/include -idirafter /mnt/a57a7843-7ae2-415a-9125-4c61fa4163d9/3rdLibrary/SDL2-2.30.8/src/video/khronos   -Iinclude -I/mnt/a57a7843-7ae2-415a-9125-4c61fa4163d9/3rdLibrary/SDL2-2.30.8/include -idirafter /mnt/a57a7843-7ae2-415a-9125-4c61fa4163d9/3rdLibrary/SDL2-2.30.8/src/video/khronos   conftest.c  -lm >&5
conftest.c:150:6: warning: conflicting types for built-in function 'log10'; expected 'double(double)' [-Wbuiltin-declaration-mismatch]
  150 | char log10 ();
      |      ^~~~~
conftest.c:138:1: note: 'log10' is declared in header '<math.h>'
  137 | # include <limits.h>
  138 | #else
configure:13677: $? = 0
configure:13677: result: yes
configure:13677: checking for log10f
configure:13677: gcc -o conftest -g -O2 -Iinclude -I/mnt/a57a7843-7ae2-415a-9125-4c61fa4163d9/3rdLibrary/SDL2-2.30.8/include -idirafter /mnt/a57a7843-7ae2-415a-9125-4c61fa4163d9/3rdLibrary/SDL2-2.30.8/src/video/khronos   -Iinclude -I/mnt/a57a7843-7ae2-415a-9125-4c61fa4163d9/3rdLibrary/SDL2-2.30.8/include -idirafter /mnt/a57a7843-7ae2-415a-9125-4c61fa4163d9/3rdLibrary/SDL2-2.30.8/src/video/khronos   conftest.c  -lm >&5
conftest.c:151:6: warning: conflicting types for built-in function 'log10f'; expected 'float(float)' [-Wbuiltin-declaration-mismatch]
  151 | char log10f ();
      |      ^~~~~~
conftest.c:139:1: note: 'log10f' is declared in header '<math.h>'
  138 | # include <limits.h>
  139 | #else
configure:13677: $? = 0
configure:13677: result: yes
configure:13677: checking for lround
configure:13677: gcc -o conftest -g -O2 -Iinclude -I/mnt/a57a7843-7ae2-415a-9125-4c61fa4163d9/3rdLibrary/SDL2-2.30.8/include -idirafter /mnt/a57a7843-7ae2-415a-9125-4c61fa4163d9/3rdLibrary/SDL2-2.30.8/src/video/khronos   -Iinclude -I/mnt/a57a7843-7ae2-415a-9125-4c61fa4163d9/3rdLibrary/SDL2-2.30.8/include -idirafter /mnt/a57a7843-7ae2-415a-9125-4c61fa4163d9/3rdLibrary/SDL2-2.30.8/src/video/khronos   conftest.c  -lm >&5
conftest.c:152:6: warning: conflicting types for built-in function 'lround'; expected 'long int(double)' [-Wbuiltin-declaration-mismatch]
  152 | char lround ();
      |      ^~~~~~
conftest.c:140:1: note: 'lround' is declared in header '<math.h>'
  139 | # include <limits.h>
  140 | #else
configure:13677: $? = 0
configure:13677: result: yes
configure:13677: checking for lroundf
configure:13677: gcc -o conftest -g -O2 -Iinclude -I/mnt/a57a7843-7ae2-415a-9125-4c61fa4163d9/3rdLibrary/SDL2-2.30.8/include -idirafter /mnt/a57a7843-7ae2-415a-9125-4c61fa4163d9/3rdLibrary/SDL2-2.30.8/src/video/khronos   -Iinclude -I/mnt/a57a7843-7ae2-415a-9125-4c61fa4163d9/3rdLibrary/SDL2-2.30.8/include -idirafter /mnt/a57a7843-7ae2-415a-9125-4c61fa4163d9/3rdLibrary/SDL2-2.30.8/src/video/khronos   conftest.c  -lm >&5
conftest.c:153:6: warning: conflicting types for built-in function 'lroundf'; expected 'long int(float)' [-Wbuiltin-declaration-mismatch]
  153 | char lroundf ();
      |      ^~~~~~~
conftest.c:141:1: note: 'lroundf' is declared in header '<math.h>'
  140 | # include <limits.h>
  141 | #else
configure:13677: $? = 0
configure:13677: result: yes
configure:13677: checking for pow
configure:13677: gcc -o conftest -g -O2 -Iinclude -I/mnt/a57a7843-7ae2-415a-9125-4c61fa4163d9/3rdLibrary/SDL2-2.30.8/include -idirafter /mnt/a57a7843-7ae2-415a-9125-4c61fa4163d9/3rdLibrary/SDL2-2.30.8/src/video/khronos   -Iinclude -I/mnt/a57a7843-7ae2-415a-9125-4c61fa4163d9/3rdLibrary/SDL2-2.30.8/include -idirafter /mnt/a57a7843-7ae2-415a-9125-4c61fa4163d9/3rdLibrary/SDL2-2.30.8/src/video/khronos   conftest.c  -lm >&5
conftest.c:154:6: warning: conflicting types for built-in function 'pow'; expected 'double(double,  double)' [-Wbuiltin-declaration-mismatch]
  154 | char pow ();
      |      ^~~
conftest.c:142:1: note: 'pow' is declared in header '<math.h>'
  141 | # include <limits.h>
  142 | #else
configure:13677: $? = 0
configure:13677: result: yes
configure:13677: checking for powf
configure:13677: gcc -o conftest -g -O2 -Iinclude -I/mnt/a57a7843-7ae2-415a-9125-4c61fa4163d9/3rdLibrary/SDL2-2.30.8/include -idirafter /mnt/a57a7843-7ae2-415a-9125-4c61fa4163d9/3rdLibrary/SDL2-2.30.8/src/video/khronos   -Iinclude -I/mnt/a57a7843-7ae2-415a-9125-4c61fa4163d9/3rdLibrary/SDL2-2.30.8/include -idirafter /mnt/a57a7843-7ae2-415a-9125-4c61fa4163d9/3rdLibrary/SDL2-2.30.8/src/video/khronos   conftest.c  -lm >&5
conftest.c:155:6: warning: conflicting types for built-in function 'powf'; expected 'float(float,  float)' [-Wbuiltin-declaration-mismatch]
  155 | char powf ();
      |      ^~~~
conftest.c:143:1: note: 'powf' is declared in header '<math.h>'
  142 | # include <limits.h>
  143 | #else
configure:13677: $? = 0
configure:13677: result: yes
configure:13677: checking for round
configure:13677: gcc -o conftest -g -O2 -Iinclude -I/mnt/a57a7843-7ae2-415a-9125-4c61fa4163d9/3rdLibrary/SDL2-2.30.8/include -idirafter /mnt/a57a7843-7ae2-415a-9125-4c61fa4163d9/3rdLibrary/SDL2-2.30.8/src/video/khronos   -Iinclude -I/mnt/a57a7843-7ae2-415a-9125-4c61fa4163d9/3rdLibrary/SDL2-2.30.8/include -idirafter /mnt/a57a7843-7ae2-415a-9125-4c61fa4163d9/3rdLibrary/SDL2-2.30.8/src/video/khronos   conftest.c  -lm >&5
conftest.c:156:6: warning: conflicting types for built-in function 'round'; expected 'double(double)' [-Wbuiltin-declaration-mismatch]
  156 | char round ();
      |      ^~~~~
conftest.c:144:1: note: 'round' is declared in header '<math.h>'
  143 | # include <limits.h>
  144 | #else
configure:13677: $? = 0
configure:13677: result: yes
configure:13677: checking for roundf
configure:13677: gcc -o conftest -g -O2 -Iinclude -I/mnt/a57a7843-7ae2-415a-9125-4c61fa4163d9/3rdLibrary/SDL2-2.30.8/include -idirafter /mnt/a57a7843-7ae2-415a-9125-4c61fa4163d9/3rdLibrary/SDL2-2.30.8/src/video/khronos   -Iinclude -I/mnt/a57a7843-7ae2-415a-9125-4c61fa4163d9/3rdLibrary/SDL2-2.30.8/include -idirafter /mnt/a57a7843-7ae2-415a-9125-4c61fa4163d9/3rdLibrary/SDL2-2.30.8/src/video/khronos   conftest.c  -lm >&5
conftest.c:157:6: warning: conflicting types for built-in function 'roundf'; expected 'float(float)' [-Wbuiltin-declaration-mismatch]
  157 | char roundf ();
      |      ^~~~~~
conftest.c:145:1: note: 'roundf' is declared in header '<math.h>'
  144 | # include <limits.h>
  145 | #else
configure:13677: $? = 0
configure:13677: result: yes
configure:13677: checking for scalbn
configure:13677: gcc -o conftest -g -O2 -Iinclude -I/mnt/a57a7843-7ae2-415a-9125-4c61fa4163d9/3rdLibrary/SDL2-2.30.8/include -idirafter /mnt/a57a7843-7ae2-415a-9125-4c61fa4163d9/3rdLibrary/SDL2-2.30.8/src/video/khronos   -Iinclude -I/mnt/a57a7843-7ae2-415a-9125-4c61fa4163d9/3rdLibrary/SDL2-2.30.8/include -idirafter /mnt/a57a7843-7ae2-415a-9125-4c61fa4163d9/3rdLibrary/SDL2-2.30.8/src/video/khronos   conftest.c  -lm >&5
conftest.c:158:6: warning: conflicting types for built-in function 'scalbn'; expected 'double(double,  int)' [-Wbuiltin-declaration-mismatch]
  158 | char scalbn ();
      |      ^~~~~~
conftest.c:146:1: note: 'scalbn' is declared in header '<math.h>'
  145 | # include <limits.h>
  146 | #else
configure:13677: $? = 0
configure:13677: result: yes
configure:13677: checking for scalbnf
configure:13677: gcc -o conftest -g -O2 -Iinclude -I/mnt/a57a7843-7ae2-415a-9125-4c61fa4163d9/3rdLibrary/SDL2-2.30.8/include -idirafter /mnt/a57a7843-7ae2-415a-9125-4c61fa4163d9/3rdLibrary/SDL2-2.30.8/src/video/khronos   -Iinclude -I/mnt/a57a7843-7ae2-415a-9125-4c61fa4163d9/3rdLibrary/SDL2-2.30.8/include -idirafter /mnt/a57a7843-7ae2-415a-9125-4c61fa4163d9/3rdLibrary/SDL2-2.30.8/src/video/khronos   conftest.c  -lm >&5
conftest.c:159:6: warning: conflicting types for built-in function 'scalbnf'; expected 'float(float,  int)' [-Wbuiltin-declaration-mismatch]
  159 | char scalbnf ();
      |      ^~~~~~~
conftest.c:147:1: note: 'scalbnf' is declared in header '<math.h>'
  146 | # include <limits.h>
  147 | #else
configure:13677: $? = 0
configure:13677: result: yes
configure:13677: checking for sin
configure:13677: gcc -o conftest -g -O2 -Iinclude -I/mnt/a57a7843-7ae2-415a-9125-4c61fa4163d9/3rdLibrary/SDL2-2.30.8/include -idirafter /mnt/a57a7843-7ae2-415a-9125-4c61fa4163d9/3rdLibrary/SDL2-2.30.8/src/video/khronos   -Iinclude -I/mnt/a57a7843-7ae2-415a-9125-4c61fa4163d9/3rdLibrary/SDL2-2.30.8/include -idirafter /mnt/a57a7843-7ae2-415a-9125-4c61fa4163d9/3rdLibrary/SDL2-2.30.8/src/video/khronos   conftest.c  -lm >&5
conftest.c:160:6: warning: conflicting types for built-in function 'sin'; expected 'double(double)' [-Wbuiltin-declaration-mismatch]
  160 | char sin ();
      |      ^~~
conftest.c:148:1: note: 'sin' is declared in header '<math.h>'
  147 | # include <limits.h>
  148 | #else
configure:13677: $? = 0
configure:13677: result: yes
configure:13677: checking for sinf
configure:13677: gcc -o conftest -g -O2 -Iinclude -I/mnt/a57a7843-7ae2-415a-9125-4c61fa4163d9/3rdLibrary/SDL2-2.30.8/include -idirafter /mnt/a57a7843-7ae2-415a-9125-4c61fa4163d9/3rdLibrary/SDL2-2.30.8/src/video/khronos   -Iinclude -I/mnt/a57a7843-7ae2-415a-9125-4c61fa4163d9/3rdLibrary/SDL2-2.30.8/include -idirafter /mnt/a57a7843-7ae2-415a-9125-4c61fa4163d9/3rdLibrary/SDL2-2.30.8/src/video/khronos   conftest.c  -lm >&5
conftest.c:161:6: warning: conflicting types for built-in function 'sinf'; expected 'float(float)' [-Wbuiltin-declaration-mismatch]
  161 | char sinf ();
      |      ^~~~
conftest.c:149:1: note: 'sinf' is declared in header '<math.h>'
  148 | # include <limits.h>
  149 | #else
configure:13677: $? = 0
configure:13677: result: yes
configure:13677: checking for sqrt
configure:13677: gcc -o conftest -g -O2 -Iinclude -I/mnt/a57a7843-7ae2-415a-9125-4c61fa4163d9/3rdLibrary/SDL2-2.30.8/include -idirafter /mnt/a57a7843-7ae2-415a-9125-4c61fa4163d9/3rdLibrary/SDL2-2.30.8/src/video/khronos   -Iinclude -I/mnt/a57a7843-7ae2-415a-9125-4c61fa4163d9/3rdLibrary/SDL2-2.30.8/include -idirafter /mnt/a57a7843-7ae2-415a-9125-4c61fa4163d9/3rdLibrary/SDL2-2.30.8/src/video/khronos   conftest.c  -lm >&5
conftest.c:162:6: warning: conflicting types for built-in function 'sqrt'; expected 'double(double)' [-Wbuiltin-declaration-mismatch]
  162 | char sqrt ();
      |      ^~~~
conftest.c:150:1: note: 'sqrt' is declared in header '<math.h>'
  149 | # include <limits.h>
  150 | #else
configure:13677: $? = 0
configure:13677: result: yes
configure:13677: checking for sqrtf
configure:13677: gcc -o conftest -g -O2 -Iinclude -I/mnt/a57a7843-7ae2-415a-9125-4c61fa4163d9/3rdLibrary/SDL2-2.30.8/include -idirafter /mnt/a57a7843-7ae2-415a-9125-4c61fa4163d9/3rdLibrary/SDL2-2.30.8/src/video/khronos   -Iinclude -I/mnt/a57a7843-7ae2-415a-9125-4c61fa4163d9/3rdLibrary/SDL2-2.30.8/include -idirafter /mnt/a57a7843-7ae2-415a-9125-4c61fa4163d9/3rdLibrary/SDL2-2.30.8/src/video/khronos   conftest.c  -lm >&5
conftest.c:163:6: warning: conflicting types for built-in function 'sqrtf'; expected 'float(float)' [-Wbuiltin-declaration-mismatch]
  163 | char sqrtf ();
      |      ^~~~~
conftest.c:151:1: note: 'sqrtf' is declared in header '<math.h>'
  150 | # include <limits.h>
  151 | #else
configure:13677: $? = 0
configure:13677: result: yes
configure:13677: checking for tan
configure:13677: gcc -o conftest -g -O2 -Iinclude -I/mnt/a57a7843-7ae2-415a-9125-4c61fa4163d9/3rdLibrary/SDL2-2.30.8/include -idirafter /mnt/a57a7843-7ae2-415a-9125-4c61fa4163d9/3rdLibrary/SDL2-2.30.8/src/video/khronos   -Iinclude -I/mnt/a57a7843-7ae2-415a-9125-4c61fa4163d9/3rdLibrary/SDL2-2.30.8/include -idirafter /mnt/a57a7843-7ae2-415a-9125-4c61fa4163d9/3rdLibrary/SDL2-2.30.8/src/video/khronos   conftest.c  -lm >&5
conftest.c:164:6: warning: conflicting types for built-in function 'tan'; expected 'double(double)' [-Wbuiltin-declaration-mismatch]
  164 | char tan ();
      |      ^~~
conftest.c:152:1: note: 'tan' is declared in header '<math.h>'
  151 | # include <limits.h>
  152 | #else
configure:13677: $? = 0
configure:13677: result: yes
configure:13677: checking for tanf
configure:13677: gcc -o conftest -g -O2 -Iinclude -I/mnt/a57a7843-7ae2-415a-9125-4c61fa4163d9/3rdLibrary/SDL2-2.30.8/include -idirafter /mnt/a57a7843-7ae2-415a-9125-4c61fa4163d9/3rdLibrary/SDL2-2.30.8/src/video/khronos   -Iinclude -I/mnt/a57a7843-7ae2-415a-9125-4c61fa4163d9/3rdLibrary/SDL2-2.30.8/include -idirafter /mnt/a57a7843-7ae2-415a-9125-4c61fa4163d9/3rdLibrary/SDL2-2.30.8/src/video/khronos   conftest.c  -lm >&5
conftest.c:165:6: warning: conflicting types for built-in function 'tanf'; expected 'float(float)' [-Wbuiltin-declaration-mismatch]
  165 | char tanf ();
      |      ^~~~
conftest.c:153:1: note: 'tanf' is declared in header '<math.h>'
  152 | # include <limits.h>
  153 | #else
configure:13677: $? = 0
configure:13677: result: yes
configure:13688: checking for iconv in libc
configure:13707: gcc -o conftest -g -O2 -Iinclude -I/mnt/a57a7843-7ae2-415a-9125-4c61fa4163d9/3rdLibrary/SDL2-2.30.8/include -idirafter /mnt/a57a7843-7ae2-415a-9125-4c61fa4163d9/3rdLibrary/SDL2-2.30.8/src/video/khronos   -Iinclude -I/mnt/a57a7843-7ae2-415a-9125-4c61fa4163d9/3rdLibrary/SDL2-2.30.8/include -idirafter /mnt/a57a7843-7ae2-415a-9125-4c61fa4163d9/3rdLibrary/SDL2-2.30.8/src/video/khronos   conftest.c  -lm >&5
configure:13707: $? = 0
configure:13714: result: yes
configure:13717: checking for iconv in libiconv
configure:13737: gcc -o conftest -g -O2 -Iinclude -I/mnt/a57a7843-7ae2-415a-9125-4c61fa4163d9/3rdLibrary/SDL2-2.30.8/include -idirafter /mnt/a57a7843-7ae2-415a-9125-4c61fa4163d9/3rdLibrary/SDL2-2.30.8/src/video/khronos   -Iinclude -I/mnt/a57a7843-7ae2-415a-9125-4c61fa4163d9/3rdLibrary/SDL2-2.30.8/include -idirafter /mnt/a57a7843-7ae2-415a-9125-4c61fa4163d9/3rdLibrary/SDL2-2.30.8/src/video/khronos   conftest.c  -lm -liconv >&5
/usr/bin/ld: cannot find -liconv
collect2: error: ld returned 1 exit status
configure:13737: $? = 1
configure: failed program was:
| /* confdefs.h */
| #define PACKAGE_NAME ""
| #define PACKAGE_TARNAME ""
| #define PACKAGE_VERSION ""
| #define PACKAGE_STRING ""
| #define PACKAGE_BUGREPORT ""
| #define PACKAGE_URL ""
| #define STDC_HEADERS 1
| #define HAVE_SYS_TYPES_H 1
| #define HAVE_SYS_STAT_H 1
| #define HAVE_STDLIB_H 1
| #define HAVE_STRING_H 1
| #define HAVE_MEMORY_H 1
| #define HAVE_STRINGS_H 1
| #define HAVE_INTTYPES_H 1
| #define HAVE_STDINT_H 1
| #define HAVE_UNISTD_H 1
| #define HAVE_DLFCN_H 1
| #define LT_OBJDIR ".libs/"
| #define HAVE_LIBC 1
| #define STDC_HEADERS 1
| #define HAVE_SYS_TYPES_H 1
| #define HAVE_STDIO_H 1
| #define HAVE_STDLIB_H 1
| #define HAVE_STDDEF_H 1
| #define HAVE_STDARG_H 1
| #define HAVE_MALLOC_H 1
| #define HAVE_MEMORY_H 1
| #define HAVE_STRING_H 1
| #define HAVE_STRINGS_H 1
| #define HAVE_WCHAR_H 1
| #define HAVE_INTTYPES_H 1
| #define HAVE_STDINT_H 1
| #define HAVE_LIMITS_H 1
| #define HAVE_CTYPE_H 1
| #define HAVE_MATH_H 1
| #define HAVE_FLOAT_H 1
| #define HAVE_ICONV_H 1
| #define HAVE_SIGNAL_H 1
| #define HAVE_M_PI /**/
| #define HAVE_ALLOCA_H 1
| #define HAVE_ALLOCA 1
| #define HAVE_MPROTECT 1
| #define HAVE_MALLOC 1
| #define HAVE_CALLOC 1
| #define HAVE_REALLOC 1
| #define HAVE_FREE 1
| #define HAVE_GETENV 1
| #define HAVE_SETENV 1
| #define HAVE_PUTENV 1
| #define HAVE_UNSETENV 1
| #define HAVE_BSEARCH 1
| #define HAVE_QSORT 1
| #define HAVE_ABS 1
| #define HAVE_BCOPY 1
| #define HAVE_MEMSET 1
| #define HAVE_MEMCMP 1
| #define HAVE_MEMCPY 1
| #define HAVE_MEMMOVE 1
| #define HAVE_WCSLEN 1
| #define HAVE_WCSDUP 1
| #define HAVE_WCSSTR 1
| #define HAVE_WCSCMP 1
| #define HAVE_WCSNCMP 1
| #define HAVE_WCSCASECMP 1
| #define HAVE_WCSNCASECMP 1
| #define HAVE_STRLEN 1
| #define HAVE_INDEX 1
| #define HAVE_RINDEX 1
| #define HAVE_STRCHR 1
| #define HAVE_STRRCHR 1
| #define HAVE_STRSTR 1
| #define HAVE_STRTOK_R 1
| #define HAVE_STRTOD 1
| #define HAVE_STRTOL 1
| #define HAVE_STRTOUL 1
| #define HAVE_STRTOLL 1
| #define HAVE_STRTOULL 1
| #define HAVE_ATOI 1
| #define HAVE_ATOF 1
| #define HAVE_STRCMP 1
| #define HAVE_STRNCMP 1
| #define HAVE_STRCASECMP 1
| #define HAVE_STRNCASECMP 1
| #define HAVE_STRCASESTR 1
| #define HAVE_VSSCANF 1
| #define HAVE_VSNPRINTF 1
| #define HAVE_FOPEN64 1
| #define HAVE_FSEEKO 1
| #define HAVE_FSEEKO64 1
| #define HAVE_SIGACTION 1
| #define HAVE_SETJMP 1
| #define HAVE_NANOSLEEP 1
| #define HAVE_SYSCONF 1
| #define HAVE_GETAUXVAL 1
| #define HAVE_POLL 1
| #define HAVE_MEMFD_CREATE 1
| #define HAVE_POSIX_FALLOCATE 1
| #define HAVE__EXIT 1
| #define HAVE_ACOS 1
| #define HAVE_ACOSF 1
| #define HAVE_ASIN 1
| #define HAVE_ASINF 1
| #define HAVE_ATAN 1
| #define HAVE_ATANF 1
| #define HAVE_ATAN2 1
| #define HAVE_ATAN2F 1
| #define HAVE_CEIL 1
| #define HAVE_CEILF 1
| #define HAVE_COPYSIGN 1
| #define HAVE_COPYSIGNF 1
| #define HAVE_COS 1
| #define HAVE_COSF 1
| #define HAVE_EXP 1
| #define HAVE_EXPF 1
| #define HAVE_FABS 1
| #define HAVE_FABSF 1
| #define HAVE_FLOOR 1
| #define HAVE_FLOORF 1
| #define HAVE_TRUNC 1
| #define HAVE_TRUNCF 1
| #define HAVE_FMOD 1
| #define HAVE_FMODF 1
| #define HAVE_LOG 1
| #define HAVE_LOGF 1
| #define HAVE_LOG10 1
| #define HAVE_LOG10F 1
| #define HAVE_LROUND 1
| #define HAVE_LROUNDF 1
| #define HAVE_POW 1
| #define HAVE_POWF 1
| #define HAVE_ROUND 1
| #define HAVE_ROUNDF 1
| #define HAVE_SCALBN 1
| #define HAVE_SCALBNF 1
| #define HAVE_SIN 1
| #define HAVE_SINF 1
| #define HAVE_SQRT 1
| #define HAVE_SQRTF 1
| #define HAVE_TAN 1
| #define HAVE_TANF 1
| /* end confdefs.h.  */
| 
|          #include <stddef.h>
|          #include <iconv.h>
| 
| int
| main ()
| {
| 
|          iconv_open(NULL,NULL);
| 
|   ;
|   return 0;
| }
configure:13745: result: no
configure:13772: checking for struct sigaction.sa_sigaction
configure:13772: gcc -c -g -O2 -Iinclude -I/mnt/a57a7843-7ae2-415a-9125-4c61fa4163d9/3rdLibrary/SDL2-2.30.8/include -idirafter /mnt/a57a7843-7ae2-415a-9125-4c61fa4163d9/3rdLibrary/SDL2-2.30.8/src/video/khronos   -Iinclude -I/mnt/a57a7843-7ae2-415a-9125-4c61fa4163d9/3rdLibrary/SDL2-2.30.8/include -idirafter /mnt/a57a7843-7ae2-415a-9125-4c61fa4163d9/3rdLibrary/SDL2-2.30.8/src/video/khronos  conftest.c >&5
configure:13772: $? = 0
configure:13772: result: yes
configure:13783: checking libunwind.h usability
configure:13783: gcc -c -g -O2 -Iinclude -I/mnt/a57a7843-7ae2-415a-9125-4c61fa4163d9/3rdLibrary/SDL2-2.30.8/include -idirafter /mnt/a57a7843-7ae2-415a-9125-4c61fa4163d9/3rdLibrary/SDL2-2.30.8/src/video/khronos   -Iinclude -I/mnt/a57a7843-7ae2-415a-9125-4c61fa4163d9/3rdLibrary/SDL2-2.30.8/include -idirafter /mnt/a57a7843-7ae2-415a-9125-4c61fa4163d9/3rdLibrary/SDL2-2.30.8/src/video/khronos  conftest.c >&5
conftest.c:178:10: fatal error: libunwind.h: No such file or directory
  178 | #include <libunwind.h>
      |          ^~~~~~~~~~~~~
compilation terminated.
configure:13783: $? = 1
configure: failed program was:
| /* confdefs.h */
| #define PACKAGE_NAME ""
| #define PACKAGE_TARNAME ""
| #define PACKAGE_VERSION ""
| #define PACKAGE_STRING ""
| #define PACKAGE_BUGREPORT ""
| #define PACKAGE_URL ""
| #define STDC_HEADERS 1
| #define HAVE_SYS_TYPES_H 1
| #define HAVE_SYS_STAT_H 1
| #define HAVE_STDLIB_H 1
| #define HAVE_STRING_H 1
| #define HAVE_MEMORY_H 1
| #define HAVE_STRINGS_H 1
| #define HAVE_INTTYPES_H 1
| #define HAVE_STDINT_H 1
| #define HAVE_UNISTD_H 1
| #define HAVE_DLFCN_H 1
| #define LT_OBJDIR ".libs/"
| #define HAVE_LIBC 1
| #define STDC_HEADERS 1
| #define HAVE_SYS_TYPES_H 1
| #define HAVE_STDIO_H 1
| #define HAVE_STDLIB_H 1
| #define HAVE_STDDEF_H 1
| #define HAVE_STDARG_H 1
| #define HAVE_MALLOC_H 1
| #define HAVE_MEMORY_H 1
| #define HAVE_STRING_H 1
| #define HAVE_STRINGS_H 1
| #define HAVE_WCHAR_H 1
| #define HAVE_INTTYPES_H 1
| #define HAVE_STDINT_H 1
| #define HAVE_LIMITS_H 1
| #define HAVE_CTYPE_H 1
| #define HAVE_MATH_H 1
| #define HAVE_FLOAT_H 1
| #define HAVE_ICONV_H 1
| #define HAVE_SIGNAL_H 1
| #define HAVE_M_PI /**/
| #define HAVE_ALLOCA_H 1
| #define HAVE_ALLOCA 1
| #define HAVE_MPROTECT 1
| #define HAVE_MALLOC 1
| #define HAVE_CALLOC 1
| #define HAVE_REALLOC 1
| #define HAVE_FREE 1
| #define HAVE_GETENV 1
| #define HAVE_SETENV 1
| #define HAVE_PUTENV 1
| #define HAVE_UNSETENV 1
| #define HAVE_BSEARCH 1
| #define HAVE_QSORT 1
| #define HAVE_ABS 1
| #define HAVE_BCOPY 1
| #define HAVE_MEMSET 1
| #define HAVE_MEMCMP 1
| #define HAVE_MEMCPY 1
| #define HAVE_MEMMOVE 1
| #define HAVE_WCSLEN 1
| #define HAVE_WCSDUP 1
| #define HAVE_WCSSTR 1
| #define HAVE_WCSCMP 1
| #define HAVE_WCSNCMP 1
| #define HAVE_WCSCASECMP 1
| #define HAVE_WCSNCASECMP 1
| #define HAVE_STRLEN 1
| #define HAVE_INDEX 1
| #define HAVE_RINDEX 1
| #define HAVE_STRCHR 1
| #define HAVE_STRRCHR 1
| #define HAVE_STRSTR 1
| #define HAVE_STRTOK_R 1
| #define HAVE_STRTOD 1
| #define HAVE_STRTOL 1
| #define HAVE_STRTOUL 1
| #define HAVE_STRTOLL 1
| #define HAVE_STRTOULL 1
| #define HAVE_ATOI 1
| #define HAVE_ATOF 1
| #define HAVE_STRCMP 1
| #define HAVE_STRNCMP 1
| #define HAVE_STRCASECMP 1
| #define HAVE_STRNCASECMP 1
| #define HAVE_STRCASESTR 1
| #define HAVE_VSSCANF 1
| #define HAVE_VSNPRINTF 1
| #define HAVE_FOPEN64 1
| #define HAVE_FSEEKO 1
| #define HAVE_FSEEKO64 1
| #define HAVE_SIGACTION 1
| #define HAVE_SETJMP 1
| #define HAVE_NANOSLEEP 1
| #define HAVE_SYSCONF 1
| #define HAVE_GETAUXVAL 1
| #define HAVE_POLL 1
| #define HAVE_MEMFD_CREATE 1
| #define HAVE_POSIX_FALLOCATE 1
| #define HAVE__EXIT 1
| #define HAVE_ACOS 1
| #define HAVE_ACOSF 1
| #define HAVE_ASIN 1
| #define HAVE_ASINF 1
| #define HAVE_ATAN 1
| #define HAVE_ATANF 1
| #define HAVE_ATAN2 1
| #define HAVE_ATAN2F 1
| #define HAVE_CEIL 1
| #define HAVE_CEILF 1
| #define HAVE_COPYSIGN 1
| #define HAVE_COPYSIGNF 1
| #define HAVE_COS 1
| #define HAVE_COSF 1
| #define HAVE_EXP 1
| #define HAVE_EXPF 1
| #define HAVE_FABS 1
| #define HAVE_FABSF 1
| #define HAVE_FLOOR 1
| #define HAVE_FLOORF 1
| #define HAVE_TRUNC 1
| #define HAVE_TRUNCF 1
| #define HAVE_FMOD 1
| #define HAVE_FMODF 1
| #define HAVE_LOG 1
| #define HAVE_LOGF 1
| #define HAVE_LOG10 1
| #define HAVE_LOG10F 1
| #define HAVE_LROUND 1
| #define HAVE_LROUNDF 1
| #define HAVE_POW 1
| #define HAVE_POWF 1
| #define HAVE_ROUND 1
| #define HAVE_ROUNDF 1
| #define HAVE_SCALBN 1
| #define HAVE_SCALBNF 1
| #define HAVE_SIN 1
| #define HAVE_SINF 1
| #define HAVE_SQRT 1
| #define HAVE_SQRTF 1
| #define HAVE_TAN 1
| #define HAVE_TANF 1
| #define HAVE_ICONV 1
| #define HAVE_SA_SIGACTION 1
| /* end confdefs.h.  */
| #include <stdio.h>
| #ifdef HAVE_SYS_TYPES_H
| # include <sys/types.h>
| #endif
| #ifdef HAVE_SYS_STAT_H
| # include <sys/stat.h>
| #endif
| #ifdef STDC_HEADERS
| # include <stdlib.h>
| # include <stddef.h>
| #else
| # ifdef HAVE_STDLIB_H
| #  include <stdlib.h>
| # endif
| #endif
| #ifdef HAVE_STRING_H
| # if !defined STDC_HEADERS && defined HAVE_MEMORY_H
| #  include <memory.h>
| # endif
| # include <string.h>
| #endif
| #ifdef HAVE_STRINGS_H
| # include <strings.h>
| #endif
| #ifdef HAVE_INTTYPES_H
| # include <inttypes.h>
| #endif
| #ifdef HAVE_STDINT_H
| # include <stdint.h>
| #endif
| #ifdef HAVE_UNISTD_H
| # include <unistd.h>
| #endif
| #include <libunwind.h>
configure:13783: result: no
configure:13783: checking libunwind.h presence
configure:13783: gcc -E  -Iinclude -I/mnt/a57a7843-7ae2-415a-9125-4c61fa4163d9/3rdLibrary/SDL2-2.30.8/include -idirafter /mnt/a57a7843-7ae2-415a-9125-4c61fa4163d9/3rdLibrary/SDL2-2.30.8/src/video/khronos  conftest.c
conftest.c:145:10: fatal error: libunwind.h: No such file or directory
  145 | #include <libunwind.h>
      |          ^~~~~~~~~~~~~
compilation terminated.
configure:13783: $? = 1
configure: failed program was:
| /* confdefs.h */
| #define PACKAGE_NAME ""
| #define PACKAGE_TARNAME ""
| #define PACKAGE_VERSION ""
| #define PACKAGE_STRING ""
| #define PACKAGE_BUGREPORT ""
| #define PACKAGE_URL ""
| #define STDC_HEADERS 1
| #define HAVE_SYS_TYPES_H 1
| #define HAVE_SYS_STAT_H 1
| #define HAVE_STDLIB_H 1
| #define HAVE_STRING_H 1
| #define HAVE_MEMORY_H 1
| #define HAVE_STRINGS_H 1
| #define HAVE_INTTYPES_H 1
| #define HAVE_STDINT_H 1
| #define HAVE_UNISTD_H 1
| #define HAVE_DLFCN_H 1
| #define LT_OBJDIR ".libs/"
| #define HAVE_LIBC 1
| #define STDC_HEADERS 1
| #define HAVE_SYS_TYPES_H 1
| #define HAVE_STDIO_H 1
| #define HAVE_STDLIB_H 1
| #define HAVE_STDDEF_H 1
| #define HAVE_STDARG_H 1
| #define HAVE_MALLOC_H 1
| #define HAVE_MEMORY_H 1
| #define HAVE_STRING_H 1
| #define HAVE_STRINGS_H 1
| #define HAVE_WCHAR_H 1
| #define HAVE_INTTYPES_H 1
| #define HAVE_STDINT_H 1
| #define HAVE_LIMITS_H 1
| #define HAVE_CTYPE_H 1
| #define HAVE_MATH_H 1
| #define HAVE_FLOAT_H 1
| #define HAVE_ICONV_H 1
| #define HAVE_SIGNAL_H 1
| #define HAVE_M_PI /**/
| #define HAVE_ALLOCA_H 1
| #define HAVE_ALLOCA 1
| #define HAVE_MPROTECT 1
| #define HAVE_MALLOC 1
| #define HAVE_CALLOC 1
| #define HAVE_REALLOC 1
| #define HAVE_FREE 1
| #define HAVE_GETENV 1
| #define HAVE_SETENV 1
| #define HAVE_PUTENV 1
| #define HAVE_UNSETENV 1
| #define HAVE_BSEARCH 1
| #define HAVE_QSORT 1
| #define HAVE_ABS 1
| #define HAVE_BCOPY 1
| #define HAVE_MEMSET 1
| #define HAVE_MEMCMP 1
| #define HAVE_MEMCPY 1
| #define HAVE_MEMMOVE 1
| #define HAVE_WCSLEN 1
| #define HAVE_WCSDUP 1
| #define HAVE_WCSSTR 1
| #define HAVE_WCSCMP 1
| #define HAVE_WCSNCMP 1
| #define HAVE_WCSCASECMP 1
| #define HAVE_WCSNCASECMP 1
| #define HAVE_STRLEN 1
| #define HAVE_INDEX 1
| #define HAVE_RINDEX 1
| #define HAVE_STRCHR 1
| #define HAVE_STRRCHR 1
| #define HAVE_STRSTR 1
| #define HAVE_STRTOK_R 1
| #define HAVE_STRTOD 1
| #define HAVE_STRTOL 1
| #define HAVE_STRTOUL 1
| #define HAVE_STRTOLL 1
| #define HAVE_STRTOULL 1
| #define HAVE_ATOI 1
| #define HAVE_ATOF 1
| #define HAVE_STRCMP 1
| #define HAVE_STRNCMP 1
| #define HAVE_STRCASECMP 1
| #define HAVE_STRNCASECMP 1
| #define HAVE_STRCASESTR 1
| #define HAVE_VSSCANF 1
| #define HAVE_VSNPRINTF 1
| #define HAVE_FOPEN64 1
| #define HAVE_FSEEKO 1
| #define HAVE_FSEEKO64 1
| #define HAVE_SIGACTION 1
| #define HAVE_SETJMP 1
| #define HAVE_NANOSLEEP 1
| #define HAVE_SYSCONF 1
| #define HAVE_GETAUXVAL 1
| #define HAVE_POLL 1
| #define HAVE_MEMFD_CREATE 1
| #define HAVE_POSIX_FALLOCATE 1
| #define HAVE__EXIT 1
| #define HAVE_ACOS 1
| #define HAVE_ACOSF 1
| #define HAVE_ASIN 1
| #define HAVE_ASINF 1
| #define HAVE_ATAN 1
| #define HAVE_ATANF 1
| #define HAVE_ATAN2 1
| #define HAVE_ATAN2F 1
| #define HAVE_CEIL 1
| #define HAVE_CEILF 1
| #define HAVE_COPYSIGN 1
| #define HAVE_COPYSIGNF 1
| #define HAVE_COS 1
| #define HAVE_COSF 1
| #define HAVE_EXP 1
| #define HAVE_EXPF 1
| #define HAVE_FABS 1
| #define HAVE_FABSF 1
| #define HAVE_FLOOR 1
| #define HAVE_FLOORF 1
| #define HAVE_TRUNC 1
| #define HAVE_TRUNCF 1
| #define HAVE_FMOD 1
| #define HAVE_FMODF 1
| #define HAVE_LOG 1
| #define HAVE_LOGF 1
| #define HAVE_LOG10 1
| #define HAVE_LOG10F 1
| #define HAVE_LROUND 1
| #define HAVE_LROUNDF 1
| #define HAVE_POW 1
| #define HAVE_POWF 1
| #define HAVE_ROUND 1
| #define HAVE_ROUNDF 1
| #define HAVE_SCALBN 1
| #define HAVE_SCALBNF 1
| #define HAVE_SIN 1
| #define HAVE_SINF 1
| #define HAVE_SQRT 1
| #define HAVE_SQRTF 1
| #define HAVE_TAN 1
| #define HAVE_TANF 1
| #define HAVE_ICONV 1
| #define HAVE_SA_SIGACTION 1
| /* end confdefs.h.  */
| #include <libunwind.h>
configure:13783: result: no
configure:13783: checking for libunwind.h
configure:13783: result: no
configure:13805: checking for GCC builtin atomic operations
configure:13826: gcc -o conftest -g -O2 -Iinclude -I/mnt/a57a7843-7ae2-415a-9125-4c61fa4163d9/3rdLibrary/SDL2-2.30.8/include -idirafter /mnt/a57a7843-7ae2-415a-9125-4c61fa4163d9/3rdLibrary/SDL2-2.30.8/src/video/khronos   -Iinclude -I/mnt/a57a7843-7ae2-415a-9125-4c61fa4163d9/3rdLibrary/SDL2-2.30.8/include -idirafter /mnt/a57a7843-7ae2-415a-9125-4c61fa4163d9/3rdLibrary/SDL2-2.30.8/src/video/khronos   conftest.c  -lm >&5
configure:13826: $? = 0
configure:13831: result: yes
configure:14201: checking for GCC -mmmx option
configure:14231: gcc -c -g -O2 -Iinclude -I/mnt/a57a7843-7ae2-415a-9125-4c61fa4163d9/3rdLibrary/SDL2-2.30.8/include -idirafter /mnt/a57a7843-7ae2-415a-9125-4c61fa4163d9/3rdLibrary/SDL2-2.30.8/src/video/khronos  -mmmx  -Iinclude -I/mnt/a57a7843-7ae2-415a-9125-4c61fa4163d9/3rdLibrary/SDL2-2.30.8/include -idirafter /mnt/a57a7843-7ae2-415a-9125-4c61fa4163d9/3rdLibrary/SDL2-2.30.8/src/video/khronos  conftest.c >&5
configure:14231: $? = 0
configure:14235: result: yes
configure:14255: checking for GCC -m3dnow option
configure:14279: gcc -o conftest -g -O2 -Iinclude -I/mnt/a57a7843-7ae2-415a-9125-4c61fa4163d9/3rdLibrary/SDL2-2.30.8/include -idirafter /mnt/a57a7843-7ae2-415a-9125-4c61fa4163d9/3rdLibrary/SDL2-2.30.8/src/video/khronos  -m3dnow  -Iinclude -I/mnt/a57a7843-7ae2-415a-9125-4c61fa4163d9/3rdLibrary/SDL2-2.30.8/include -idirafter /mnt/a57a7843-7ae2-415a-9125-4c61fa4163d9/3rdLibrary/SDL2-2.30.8/src/video/khronos   conftest.c  -lm >&5
configure:14279: $? = 0
configure:14284: result: yes
configure:14304: checking for GCC -msse option
configure:14334: gcc -c -g -O2 -Iinclude -I/mnt/a57a7843-7ae2-415a-9125-4c61fa4163d9/3rdLibrary/SDL2-2.30.8/include -idirafter /mnt/a57a7843-7ae2-415a-9125-4c61fa4163d9/3rdLibrary/SDL2-2.30.8/src/video/khronos  -msse  -Iinclude -I/mnt/a57a7843-7ae2-415a-9125-4c61fa4163d9/3rdLibrary/SDL2-2.30.8/include -idirafter /mnt/a57a7843-7ae2-415a-9125-4c61fa4163d9/3rdLibrary/SDL2-2.30.8/src/video/khronos  conftest.c >&5
configure:14334: $? = 0
configure:14338: result: yes
configure:14358: checking for GCC -msse2 option
configure:14388: gcc -c -g -O2 -Iinclude -I/mnt/a57a7843-7ae2-415a-9125-4c61fa4163d9/3rdLibrary/SDL2-2.30.8/include -idirafter /mnt/a57a7843-7ae2-415a-9125-4c61fa4163d9/3rdLibrary/SDL2-2.30.8/src/video/khronos  -msse2  -Iinclude -I/mnt/a57a7843-7ae2-415a-9125-4c61fa4163d9/3rdLibrary/SDL2-2.30.8/include -idirafter /mnt/a57a7843-7ae2-415a-9125-4c61fa4163d9/3rdLibrary/SDL2-2.30.8/src/video/khronos  conftest.c >&5
configure:14388: $? = 0
configure:14392: result: yes
configure:14412: checking for GCC -msse3 option
configure:14442: gcc -c -g -O2 -Iinclude -I/mnt/a57a7843-7ae2-415a-9125-4c61fa4163d9/3rdLibrary/SDL2-2.30.8/include -idirafter /mnt/a57a7843-7ae2-415a-9125-4c61fa4163d9/3rdLibrary/SDL2-2.30.8/src/video/khronos  -msse3  -Iinclude -I/mnt/a57a7843-7ae2-415a-9125-4c61fa4163d9/3rdLibrary/SDL2-2.30.8/include -idirafter /mnt/a57a7843-7ae2-415a-9125-4c61fa4163d9/3rdLibrary/SDL2-2.30.8/src/video/khronos  conftest.c >&5
configure:14442: $? = 0
configure:14446: result: yes
configure:14456: checking for immintrin.h
configure:14469: gcc -c -g -O2 -Iinclude -I/mnt/a57a7843-7ae2-415a-9125-4c61fa4163d9/3rdLibrary/SDL2-2.30.8/include -idirafter /mnt/a57a7843-7ae2-415a-9125-4c61fa4163d9/3rdLibrary/SDL2-2.30.8/src/video/khronos   -Iinclude -I/mnt/a57a7843-7ae2-415a-9125-4c61fa4163d9/3rdLibrary/SDL2-2.30.8/include -idirafter /mnt/a57a7843-7ae2-415a-9125-4c61fa4163d9/3rdLibrary/SDL2-2.30.8/src/video/khronos  conftest.c >&5
configure:14469: $? = 0
configure:14475: result: yes
configure:14497: checking for Altivec with GCC altivec.h and -maltivec option
configure:14515: gcc -c -g -O2 -Iinclude -I/mnt/a57a7843-7ae2-415a-9125-4c61fa4163d9/3rdLibrary/SDL2-2.30.8/include -idirafter /mnt/a57a7843-7ae2-415a-9125-4c61fa4163d9/3rdLibrary/SDL2-2.30.8/src/video/khronos  -maltivec  -Iinclude -I/mnt/a57a7843-7ae2-415a-9125-4c61fa4163d9/3rdLibrary/SDL2-2.30.8/include -idirafter /mnt/a57a7843-7ae2-415a-9125-4c61fa4163d9/3rdLibrary/SDL2-2.30.8/src/video/khronos  conftest.c >&5
gcc: error: unrecognized command line option '-maltivec'
configure:14515: $? = 1
configure: failed program was:
| /* confdefs.h */
| #define PACKAGE_NAME ""
| #define PACKAGE_TARNAME ""
| #define PACKAGE_VERSION ""
| #define PACKAGE_STRING ""
| #define PACKAGE_BUGREPORT ""
| #define PACKAGE_URL ""
| #define STDC_HEADERS 1
| #define HAVE_SYS_TYPES_H 1
| #define HAVE_SYS_STAT_H 1
| #define HAVE_STDLIB_H 1
| #define HAVE_STRING_H 1
| #define HAVE_MEMORY_H 1
| #define HAVE_STRINGS_H 1
| #define HAVE_INTTYPES_H 1
| #define HAVE_STDINT_H 1
| #define HAVE_UNISTD_H 1
| #define HAVE_DLFCN_H 1
| #define LT_OBJDIR ".libs/"
| #define HAVE_LIBC 1
| #define STDC_HEADERS 1
| #define HAVE_SYS_TYPES_H 1
| #define HAVE_STDIO_H 1
| #define HAVE_STDLIB_H 1
| #define HAVE_STDDEF_H 1
| #define HAVE_STDARG_H 1
| #define HAVE_MALLOC_H 1
| #define HAVE_MEMORY_H 1
| #define HAVE_STRING_H 1
| #define HAVE_STRINGS_H 1
| #define HAVE_WCHAR_H 1
| #define HAVE_INTTYPES_H 1
| #define HAVE_STDINT_H 1
| #define HAVE_LIMITS_H 1
| #define HAVE_CTYPE_H 1
| #define HAVE_MATH_H 1
| #define HAVE_FLOAT_H 1
| #define HAVE_ICONV_H 1
| #define HAVE_SIGNAL_H 1
| #define HAVE_M_PI /**/
| #define HAVE_ALLOCA_H 1
| #define HAVE_ALLOCA 1
| #define HAVE_MPROTECT 1
| #define HAVE_MALLOC 1
| #define HAVE_CALLOC 1
| #define HAVE_REALLOC 1
| #define HAVE_FREE 1
| #define HAVE_GETENV 1
| #define HAVE_SETENV 1
| #define HAVE_PUTENV 1
| #define HAVE_UNSETENV 1
| #define HAVE_BSEARCH 1
| #define HAVE_QSORT 1
| #define HAVE_ABS 1
| #define HAVE_BCOPY 1
| #define HAVE_MEMSET 1
| #define HAVE_MEMCMP 1
| #define HAVE_MEMCPY 1
| #define HAVE_MEMMOVE 1
| #define HAVE_WCSLEN 1
| #define HAVE_WCSDUP 1
| #define HAVE_WCSSTR 1
| #define HAVE_WCSCMP 1
| #define HAVE_WCSNCMP 1
| #define HAVE_WCSCASECMP 1
| #define HAVE_WCSNCASECMP 1
| #define HAVE_STRLEN 1
| #define HAVE_INDEX 1
| #define HAVE_RINDEX 1
| #define HAVE_STRCHR 1
| #define HAVE_STRRCHR 1
| #define HAVE_STRSTR 1
| #define HAVE_STRTOK_R 1
| #define HAVE_STRTOD 1
| #define HAVE_STRTOL 1
| #define HAVE_STRTOUL 1
| #define HAVE_STRTOLL 1
| #define HAVE_STRTOULL 1
| #define HAVE_ATOI 1
| #define HAVE_ATOF 1
| #define HAVE_STRCMP 1
| #define HAVE_STRNCMP 1
| #define HAVE_STRCASECMP 1
| #define HAVE_STRNCASECMP 1
| #define HAVE_STRCASESTR 1
| #define HAVE_VSSCANF 1
| #define HAVE_VSNPRINTF 1
| #define HAVE_FOPEN64 1
| #define HAVE_FSEEKO 1
| #define HAVE_FSEEKO64 1
| #define HAVE_SIGACTION 1
| #define HAVE_SETJMP 1
| #define HAVE_NANOSLEEP 1
| #define HAVE_SYSCONF 1
| #define HAVE_GETAUXVAL 1
| #define HAVE_POLL 1
| #define HAVE_MEMFD_CREATE 1
| #define HAVE_POSIX_FALLOCATE 1
| #define HAVE__EXIT 1
| #define HAVE_ACOS 1
| #define HAVE_ACOSF 1
| #define HAVE_ASIN 1
| #define HAVE_ASINF 1
| #define HAVE_ATAN 1
| #define HAVE_ATANF 1
| #define HAVE_ATAN2 1
| #define HAVE_ATAN2F 1
| #define HAVE_CEIL 1
| #define HAVE_CEILF 1
| #define HAVE_COPYSIGN 1
| #define HAVE_COPYSIGNF 1
| #define HAVE_COS 1
| #define HAVE_COSF 1
| #define HAVE_EXP 1
| #define HAVE_EXPF 1
| #define HAVE_FABS 1
| #define HAVE_FABSF 1
| #define HAVE_FLOOR 1
| #define HAVE_FLOORF 1
| #define HAVE_TRUNC 1
| #define HAVE_TRUNCF 1
| #define HAVE_FMOD 1
| #define HAVE_FMODF 1
| #define HAVE_LOG 1
| #define HAVE_LOGF 1
| #define HAVE_LOG10 1
| #define HAVE_LOG10F 1
| #define HAVE_LROUND 1
| #define HAVE_LROUNDF 1
| #define HAVE_POW 1
| #define HAVE_POWF 1
| #define HAVE_ROUND 1
| #define HAVE_ROUNDF 1
| #define HAVE_SCALBN 1
| #define HAVE_SCALBNF 1
| #define HAVE_SIN 1
| #define HAVE_SINF 1
| #define HAVE_SQRT 1
| #define HAVE_SQRTF 1
| #define HAVE_TAN 1
| #define HAVE_TANF 1
| #define HAVE_ICONV 1
| #define HAVE_SA_SIGACTION 1
| #define HAVE_GCC_ATOMICS 1
| #define HAVE_IMMINTRIN_H 1
| /* end confdefs.h.  */
| 
|         #include <altivec.h>
|         vector unsigned int vzero() {
|             return vec_splat_u32(0);
|         }
| 
| int
| main ()
| {
| 
|   ;
|   return 0;
| }
configure:14522: result: no
configure:14526: checking for Altivec with GCC -maltivec option
configure:14543: gcc -c -g -O2 -Iinclude -I/mnt/a57a7843-7ae2-415a-9125-4c61fa4163d9/3rdLibrary/SDL2-2.30.8/include -idirafter /mnt/a57a7843-7ae2-415a-9125-4c61fa4163d9/3rdLibrary/SDL2-2.30.8/src/video/khronos  -maltivec  -Iinclude -I/mnt/a57a7843-7ae2-415a-9125-4c61fa4163d9/3rdLibrary/SDL2-2.30.8/include -idirafter /mnt/a57a7843-7ae2-415a-9125-4c61fa4163d9/3rdLibrary/SDL2-2.30.8/src/video/khronos  conftest.c >&5
gcc: error: unrecognized command line option '-maltivec'
configure:14543: $? = 1
configure: failed program was:
| /* confdefs.h */
| #define PACKAGE_NAME ""
| #define PACKAGE_TARNAME ""
| #define PACKAGE_VERSION ""
| #define PACKAGE_STRING ""
| #define PACKAGE_BUGREPORT ""
| #define PACKAGE_URL ""
| #define STDC_HEADERS 1
| #define HAVE_SYS_TYPES_H 1
| #define HAVE_SYS_STAT_H 1
| #define HAVE_STDLIB_H 1
| #define HAVE_STRING_H 1
| #define HAVE_MEMORY_H 1
| #define HAVE_STRINGS_H 1
| #define HAVE_INTTYPES_H 1
| #define HAVE_STDINT_H 1
| #define HAVE_UNISTD_H 1
| #define HAVE_DLFCN_H 1
| #define LT_OBJDIR ".libs/"
| #define HAVE_LIBC 1
| #define STDC_HEADERS 1
| #define HAVE_SYS_TYPES_H 1
| #define HAVE_STDIO_H 1
| #define HAVE_STDLIB_H 1
| #define HAVE_STDDEF_H 1
| #define HAVE_STDARG_H 1
| #define HAVE_MALLOC_H 1
| #define HAVE_MEMORY_H 1
| #define HAVE_STRING_H 1
| #define HAVE_STRINGS_H 1
| #define HAVE_WCHAR_H 1
| #define HAVE_INTTYPES_H 1
| #define HAVE_STDINT_H 1
| #define HAVE_LIMITS_H 1
| #define HAVE_CTYPE_H 1
| #define HAVE_MATH_H 1
| #define HAVE_FLOAT_H 1
| #define HAVE_ICONV_H 1
| #define HAVE_SIGNAL_H 1
| #define HAVE_M_PI /**/
| #define HAVE_ALLOCA_H 1
| #define HAVE_ALLOCA 1
| #define HAVE_MPROTECT 1
| #define HAVE_MALLOC 1
| #define HAVE_CALLOC 1
| #define HAVE_REALLOC 1
| #define HAVE_FREE 1
| #define HAVE_GETENV 1
| #define HAVE_SETENV 1
| #define HAVE_PUTENV 1
| #define HAVE_UNSETENV 1
| #define HAVE_BSEARCH 1
| #define HAVE_QSORT 1
| #define HAVE_ABS 1
| #define HAVE_BCOPY 1
| #define HAVE_MEMSET 1
| #define HAVE_MEMCMP 1
| #define HAVE_MEMCPY 1
| #define HAVE_MEMMOVE 1
| #define HAVE_WCSLEN 1
| #define HAVE_WCSDUP 1
| #define HAVE_WCSSTR 1
| #define HAVE_WCSCMP 1
| #define HAVE_WCSNCMP 1
| #define HAVE_WCSCASECMP 1
| #define HAVE_WCSNCASECMP 1
| #define HAVE_STRLEN 1
| #define HAVE_INDEX 1
| #define HAVE_RINDEX 1
| #define HAVE_STRCHR 1
| #define HAVE_STRRCHR 1
| #define HAVE_STRSTR 1
| #define HAVE_STRTOK_R 1
| #define HAVE_STRTOD 1
| #define HAVE_STRTOL 1
| #define HAVE_STRTOUL 1
| #define HAVE_STRTOLL 1
| #define HAVE_STRTOULL 1
| #define HAVE_ATOI 1
| #define HAVE_ATOF 1
| #define HAVE_STRCMP 1
| #define HAVE_STRNCMP 1
| #define HAVE_STRCASECMP 1
| #define HAVE_STRNCASECMP 1
| #define HAVE_STRCASESTR 1
| #define HAVE_VSSCANF 1
| #define HAVE_VSNPRINTF 1
| #define HAVE_FOPEN64 1
| #define HAVE_FSEEKO 1
| #define HAVE_FSEEKO64 1
| #define HAVE_SIGACTION 1
| #define HAVE_SETJMP 1
| #define HAVE_NANOSLEEP 1
| #define HAVE_SYSCONF 1
| #define HAVE_GETAUXVAL 1
| #define HAVE_POLL 1
| #define HAVE_MEMFD_CREATE 1
| #define HAVE_POSIX_FALLOCATE 1
| #define HAVE__EXIT 1
| #define HAVE_ACOS 1
| #define HAVE_ACOSF 1
| #define HAVE_ASIN 1
| #define HAVE_ASINF 1
| #define HAVE_ATAN 1
| #define HAVE_ATANF 1
| #define HAVE_ATAN2 1
| #define HAVE_ATAN2F 1
| #define HAVE_CEIL 1
| #define HAVE_CEILF 1
| #define HAVE_COPYSIGN 1
| #define HAVE_COPYSIGNF 1
| #define HAVE_COS 1
| #define HAVE_COSF 1
| #define HAVE_EXP 1
| #define HAVE_EXPF 1
| #define HAVE_FABS 1
| #define HAVE_FABSF 1
| #define HAVE_FLOOR 1
| #define HAVE_FLOORF 1
| #define HAVE_TRUNC 1
| #define HAVE_TRUNCF 1
| #define HAVE_FMOD 1
| #define HAVE_FMODF 1
| #define HAVE_LOG 1
| #define HAVE_LOGF 1
| #define HAVE_LOG10 1
| #define HAVE_LOG10F 1
| #define HAVE_LROUND 1
| #define HAVE_LROUNDF 1
| #define HAVE_POW 1
| #define HAVE_POWF 1
| #define HAVE_ROUND 1
| #define HAVE_ROUNDF 1
| #define HAVE_SCALBN 1
| #define HAVE_SCALBNF 1
| #define HAVE_SIN 1
| #define HAVE_SINF 1
| #define HAVE_SQRT 1
| #define HAVE_SQRTF 1
| #define HAVE_TAN 1
| #define HAVE_TANF 1
| #define HAVE_ICONV 1
| #define HAVE_SA_SIGACTION 1
| #define HAVE_GCC_ATOMICS 1
| #define HAVE_IMMINTRIN_H 1
| /* end confdefs.h.  */
| 
|             vector unsigned int vzero() {
|                 return vec_splat_u32(0);
|             }
| 
| int
| main ()
| {
| 
|   ;
|   return 0;
| }
configure:14547: result: no
configure:14552: checking for Altivec with GCC altivec.h and -faltivec option
configure:14572: gcc -c -g -O2 -Iinclude -I/mnt/a57a7843-7ae2-415a-9125-4c61fa4163d9/3rdLibrary/SDL2-2.30.8/include -idirafter /mnt/a57a7843-7ae2-415a-9125-4c61fa4163d9/3rdLibrary/SDL2-2.30.8/src/video/khronos  -faltivec  -Iinclude -I/mnt/a57a7843-7ae2-415a-9125-4c61fa4163d9/3rdLibrary/SDL2-2.30.8/include -idirafter /mnt/a57a7843-7ae2-415a-9125-4c61fa4163d9/3rdLibrary/SDL2-2.30.8/src/video/khronos  conftest.c >&5
gcc: error: unrecognized command line option '-faltivec'
configure:14572: $? = 1
configure: failed program was:
| /* confdefs.h */
| #define PACKAGE_NAME ""
| #define PACKAGE_TARNAME ""
| #define PACKAGE_VERSION ""
| #define PACKAGE_STRING ""
| #define PACKAGE_BUGREPORT ""
| #define PACKAGE_URL ""
| #define STDC_HEADERS 1
| #define HAVE_SYS_TYPES_H 1
| #define HAVE_SYS_STAT_H 1
| #define HAVE_STDLIB_H 1
| #define HAVE_STRING_H 1
| #define HAVE_MEMORY_H 1
| #define HAVE_STRINGS_H 1
| #define HAVE_INTTYPES_H 1
| #define HAVE_STDINT_H 1
| #define HAVE_UNISTD_H 1
| #define HAVE_DLFCN_H 1
| #define LT_OBJDIR ".libs/"
| #define HAVE_LIBC 1
| #define STDC_HEADERS 1
| #define HAVE_SYS_TYPES_H 1
| #define HAVE_STDIO_H 1
| #define HAVE_STDLIB_H 1
| #define HAVE_STDDEF_H 1
| #define HAVE_STDARG_H 1
| #define HAVE_MALLOC_H 1
| #define HAVE_MEMORY_H 1
| #define HAVE_STRING_H 1
| #define HAVE_STRINGS_H 1
| #define HAVE_WCHAR_H 1
| #define HAVE_INTTYPES_H 1
| #define HAVE_STDINT_H 1
| #define HAVE_LIMITS_H 1
| #define HAVE_CTYPE_H 1
| #define HAVE_MATH_H 1
| #define HAVE_FLOAT_H 1
| #define HAVE_ICONV_H 1
| #define HAVE_SIGNAL_H 1
| #define HAVE_M_PI /**/
| #define HAVE_ALLOCA_H 1
| #define HAVE_ALLOCA 1
| #define HAVE_MPROTECT 1
| #define HAVE_MALLOC 1
| #define HAVE_CALLOC 1
| #define HAVE_REALLOC 1
| #define HAVE_FREE 1
| #define HAVE_GETENV 1
| #define HAVE_SETENV 1
| #define HAVE_PUTENV 1
| #define HAVE_UNSETENV 1
| #define HAVE_BSEARCH 1
| #define HAVE_QSORT 1
| #define HAVE_ABS 1
| #define HAVE_BCOPY 1
| #define HAVE_MEMSET 1
| #define HAVE_MEMCMP 1
| #define HAVE_MEMCPY 1
| #define HAVE_MEMMOVE 1
| #define HAVE_WCSLEN 1
| #define HAVE_WCSDUP 1
| #define HAVE_WCSSTR 1
| #define HAVE_WCSCMP 1
| #define HAVE_WCSNCMP 1
| #define HAVE_WCSCASECMP 1
| #define HAVE_WCSNCASECMP 1
| #define HAVE_STRLEN 1
| #define HAVE_INDEX 1
| #define HAVE_RINDEX 1
| #define HAVE_STRCHR 1
| #define HAVE_STRRCHR 1
| #define HAVE_STRSTR 1
| #define HAVE_STRTOK_R 1
| #define HAVE_STRTOD 1
| #define HAVE_STRTOL 1
| #define HAVE_STRTOUL 1
| #define HAVE_STRTOLL 1
| #define HAVE_STRTOULL 1
| #define HAVE_ATOI 1
| #define HAVE_ATOF 1
| #define HAVE_STRCMP 1
| #define HAVE_STRNCMP 1
| #define HAVE_STRCASECMP 1
| #define HAVE_STRNCASECMP 1
| #define HAVE_STRCASESTR 1
| #define HAVE_VSSCANF 1
| #define HAVE_VSNPRINTF 1
| #define HAVE_FOPEN64 1
| #define HAVE_FSEEKO 1
| #define HAVE_FSEEKO64 1
| #define HAVE_SIGACTION 1
| #define HAVE_SETJMP 1
| #define HAVE_NANOSLEEP 1
| #define HAVE_SYSCONF 1
| #define HAVE_GETAUXVAL 1
| #define HAVE_POLL 1
| #define HAVE_MEMFD_CREATE 1
| #define HAVE_POSIX_FALLOCATE 1
| #define HAVE__EXIT 1
| #define HAVE_ACOS 1
| #define HAVE_ACOSF 1
| #define HAVE_ASIN 1
| #define HAVE_ASINF 1
| #define HAVE_ATAN 1
| #define HAVE_ATANF 1
| #define HAVE_ATAN2 1
| #define HAVE_ATAN2F 1
| #define HAVE_CEIL 1
| #define HAVE_CEILF 1
| #define HAVE_COPYSIGN 1
| #define HAVE_COPYSIGNF 1
| #define HAVE_COS 1
| #define HAVE_COSF 1
| #define HAVE_EXP 1
| #define HAVE_EXPF 1
| #define HAVE_FABS 1
| #define HAVE_FABSF 1
| #define HAVE_FLOOR 1
| #define HAVE_FLOORF 1
| #define HAVE_TRUNC 1
| #define HAVE_TRUNCF 1
| #define HAVE_FMOD 1
| #define HAVE_FMODF 1
| #define HAVE_LOG 1
| #define HAVE_LOGF 1
| #define HAVE_LOG10 1
| #define HAVE_LOG10F 1
| #define HAVE_LROUND 1
| #define HAVE_LROUNDF 1
| #define HAVE_POW 1
| #define HAVE_POWF 1
| #define HAVE_ROUND 1
| #define HAVE_ROUNDF 1
| #define HAVE_SCALBN 1
| #define HAVE_SCALBNF 1
| #define HAVE_SIN 1
| #define HAVE_SINF 1
| #define HAVE_SQRT 1
| #define HAVE_SQRTF 1
| #define HAVE_TAN 1
| #define HAVE_TANF 1
| #define HAVE_ICONV 1
| #define HAVE_SA_SIGACTION 1
| #define HAVE_GCC_ATOMICS 1
| #define HAVE_IMMINTRIN_H 1
| /* end confdefs.h.  */
| 
|             #include <altivec.h>
|             vector unsigned int vzero() {
|                 return vec_splat_u32(0);
|             }
| 
| int
| main ()
| {
| 
|   ;
|   return 0;
| }
configure:14579: result: no
configure:14584: checking for Altivec with GCC -faltivec option
configure:14601: gcc -c -g -O2 -Iinclude -I/mnt/a57a7843-7ae2-415a-9125-4c61fa4163d9/3rdLibrary/SDL2-2.30.8/include -idirafter /mnt/a57a7843-7ae2-415a-9125-4c61fa4163d9/3rdLibrary/SDL2-2.30.8/src/video/khronos  -faltivec  -Iinclude -I/mnt/a57a7843-7ae2-415a-9125-4c61fa4163d9/3rdLibrary/SDL2-2.30.8/include -idirafter /mnt/a57a7843-7ae2-415a-9125-4c61fa4163d9/3rdLibrary/SDL2-2.30.8/src/video/khronos  conftest.c >&5
gcc: error: unrecognized command line option '-faltivec'
configure:14601: $? = 1
configure: failed program was:
| /* confdefs.h */
| #define PACKAGE_NAME ""
| #define PACKAGE_TARNAME ""
| #define PACKAGE_VERSION ""
| #define PACKAGE_STRING ""
| #define PACKAGE_BUGREPORT ""
| #define PACKAGE_URL ""
| #define STDC_HEADERS 1
| #define HAVE_SYS_TYPES_H 1
| #define HAVE_SYS_STAT_H 1
| #define HAVE_STDLIB_H 1
| #define HAVE_STRING_H 1
| #define HAVE_MEMORY_H 1
| #define HAVE_STRINGS_H 1
| #define HAVE_INTTYPES_H 1
| #define HAVE_STDINT_H 1
| #define HAVE_UNISTD_H 1
| #define HAVE_DLFCN_H 1
| #define LT_OBJDIR ".libs/"
| #define HAVE_LIBC 1
| #define STDC_HEADERS 1
| #define HAVE_SYS_TYPES_H 1
| #define HAVE_STDIO_H 1
| #define HAVE_STDLIB_H 1
| #define HAVE_STDDEF_H 1
| #define HAVE_STDARG_H 1
| #define HAVE_MALLOC_H 1
| #define HAVE_MEMORY_H 1
| #define HAVE_STRING_H 1
| #define HAVE_STRINGS_H 1
| #define HAVE_WCHAR_H 1
| #define HAVE_INTTYPES_H 1
| #define HAVE_STDINT_H 1
| #define HAVE_LIMITS_H 1
| #define HAVE_CTYPE_H 1
| #define HAVE_MATH_H 1
| #define HAVE_FLOAT_H 1
| #define HAVE_ICONV_H 1
| #define HAVE_SIGNAL_H 1
| #define HAVE_M_PI /**/
| #define HAVE_ALLOCA_H 1
| #define HAVE_ALLOCA 1
| #define HAVE_MPROTECT 1
| #define HAVE_MALLOC 1
| #define HAVE_CALLOC 1
| #define HAVE_REALLOC 1
| #define HAVE_FREE 1
| #define HAVE_GETENV 1
| #define HAVE_SETENV 1
| #define HAVE_PUTENV 1
| #define HAVE_UNSETENV 1
| #define HAVE_BSEARCH 1
| #define HAVE_QSORT 1
| #define HAVE_ABS 1
| #define HAVE_BCOPY 1
| #define HAVE_MEMSET 1
| #define HAVE_MEMCMP 1
| #define HAVE_MEMCPY 1
| #define HAVE_MEMMOVE 1
| #define HAVE_WCSLEN 1
| #define HAVE_WCSDUP 1
| #define HAVE_WCSSTR 1
| #define HAVE_WCSCMP 1
| #define HAVE_WCSNCMP 1
| #define HAVE_WCSCASECMP 1
| #define HAVE_WCSNCASECMP 1
| #define HAVE_STRLEN 1
| #define HAVE_INDEX 1
| #define HAVE_RINDEX 1
| #define HAVE_STRCHR 1
| #define HAVE_STRRCHR 1
| #define HAVE_STRSTR 1
| #define HAVE_STRTOK_R 1
| #define HAVE_STRTOD 1
| #define HAVE_STRTOL 1
| #define HAVE_STRTOUL 1
| #define HAVE_STRTOLL 1
| #define HAVE_STRTOULL 1
| #define HAVE_ATOI 1
| #define HAVE_ATOF 1
| #define HAVE_STRCMP 1
| #define HAVE_STRNCMP 1
| #define HAVE_STRCASECMP 1
| #define HAVE_STRNCASECMP 1
| #define HAVE_STRCASESTR 1
| #define HAVE_VSSCANF 1
| #define HAVE_VSNPRINTF 1
| #define HAVE_FOPEN64 1
| #define HAVE_FSEEKO 1
| #define HAVE_FSEEKO64 1
| #define HAVE_SIGACTION 1
| #define HAVE_SETJMP 1
| #define HAVE_NANOSLEEP 1
| #define HAVE_SYSCONF 1
| #define HAVE_GETAUXVAL 1
| #define HAVE_POLL 1
| #define HAVE_MEMFD_CREATE 1
| #define HAVE_POSIX_FALLOCATE 1
| #define HAVE__EXIT 1
| #define HAVE_ACOS 1
| #define HAVE_ACOSF 1
| #define HAVE_ASIN 1
| #define HAVE_ASINF 1
| #define HAVE_ATAN 1
| #define HAVE_ATANF 1
| #define HAVE_ATAN2 1
| #define HAVE_ATAN2F 1
| #define HAVE_CEIL 1
| #define HAVE_CEILF 1
| #define HAVE_COPYSIGN 1
| #define HAVE_COPYSIGNF 1
| #define HAVE_COS 1
| #define HAVE_COSF 1
| #define HAVE_EXP 1
| #define HAVE_EXPF 1
| #define HAVE_FABS 1
| #define HAVE_FABSF 1
| #define HAVE_FLOOR 1
| #define HAVE_FLOORF 1
| #define HAVE_TRUNC 1
| #define HAVE_TRUNCF 1
| #define HAVE_FMOD 1
| #define HAVE_FMODF 1
| #define HAVE_LOG 1
| #define HAVE_LOGF 1
| #define HAVE_LOG10 1
| #define HAVE_LOG10F 1
| #define HAVE_LROUND 1
| #define HAVE_LROUNDF 1
| #define HAVE_POW 1
| #define HAVE_POWF 1
| #define HAVE_ROUND 1
| #define HAVE_ROUNDF 1
| #define HAVE_SCALBN 1
| #define HAVE_SCALBNF 1
| #define HAVE_SIN 1
| #define HAVE_SINF 1
| #define HAVE_SQRT 1
| #define HAVE_SQRTF 1
| #define HAVE_TAN 1
| #define HAVE_TANF 1
| #define HAVE_ICONV 1
| #define HAVE_SA_SIGACTION 1
| #define HAVE_GCC_ATOMICS 1
| #define HAVE_IMMINTRIN_H 1
| /* end confdefs.h.  */
| 
|             vector unsigned int vzero() {
|                 return vec_splat_u32(0);
|             }
| 
| int
| main ()
| {
| 
|   ;
|   return 0;
| }
configure:14605: result: no
configure:14635: checking for GCC -mlsx option
configure:14655: gcc -c -g -O2 -Iinclude -I/mnt/a57a7843-7ae2-415a-9125-4c61fa4163d9/3rdLibrary/SDL2-2.30.8/include -idirafter /mnt/a57a7843-7ae2-415a-9125-4c61fa4163d9/3rdLibrary/SDL2-2.30.8/src/video/khronos  -mlsx  -Iinclude -I/mnt/a57a7843-7ae2-415a-9125-4c61fa4163d9/3rdLibrary/SDL2-2.30.8/include -idirafter /mnt/a57a7843-7ae2-415a-9125-4c61fa4163d9/3rdLibrary/SDL2-2.30.8/src/video/khronos  conftest.c >&5
gcc: error: unrecognized command line option '-mlsx'
configure:14655: $? = 1
configure: failed program was:
| /* confdefs.h */
| #define PACKAGE_NAME ""
| #define PACKAGE_TARNAME ""
| #define PACKAGE_VERSION ""
| #define PACKAGE_STRING ""
| #define PACKAGE_BUGREPORT ""
| #define PACKAGE_URL ""
| #define STDC_HEADERS 1
| #define HAVE_SYS_TYPES_H 1
| #define HAVE_SYS_STAT_H 1
| #define HAVE_STDLIB_H 1
| #define HAVE_STRING_H 1
| #define HAVE_MEMORY_H 1
| #define HAVE_STRINGS_H 1
| #define HAVE_INTTYPES_H 1
| #define HAVE_STDINT_H 1
| #define HAVE_UNISTD_H 1
| #define HAVE_DLFCN_H 1
| #define LT_OBJDIR ".libs/"
| #define HAVE_LIBC 1
| #define STDC_HEADERS 1
| #define HAVE_SYS_TYPES_H 1
| #define HAVE_STDIO_H 1
| #define HAVE_STDLIB_H 1
| #define HAVE_STDDEF_H 1
| #define HAVE_STDARG_H 1
| #define HAVE_MALLOC_H 1
| #define HAVE_MEMORY_H 1
| #define HAVE_STRING_H 1
| #define HAVE_STRINGS_H 1
| #define HAVE_WCHAR_H 1
| #define HAVE_INTTYPES_H 1
| #define HAVE_STDINT_H 1
| #define HAVE_LIMITS_H 1
| #define HAVE_CTYPE_H 1
| #define HAVE_MATH_H 1
| #define HAVE_FLOAT_H 1
| #define HAVE_ICONV_H 1
| #define HAVE_SIGNAL_H 1
| #define HAVE_M_PI /**/
| #define HAVE_ALLOCA_H 1
| #define HAVE_ALLOCA 1
| #define HAVE_MPROTECT 1
| #define HAVE_MALLOC 1
| #define HAVE_CALLOC 1
| #define HAVE_REALLOC 1
| #define HAVE_FREE 1
| #define HAVE_GETENV 1
| #define HAVE_SETENV 1
| #define HAVE_PUTENV 1
| #define HAVE_UNSETENV 1
| #define HAVE_BSEARCH 1
| #define HAVE_QSORT 1
| #define HAVE_ABS 1
| #define HAVE_BCOPY 1
| #define HAVE_MEMSET 1
| #define HAVE_MEMCMP 1
| #define HAVE_MEMCPY 1
| #define HAVE_MEMMOVE 1
| #define HAVE_WCSLEN 1
| #define HAVE_WCSDUP 1
| #define HAVE_WCSSTR 1
| #define HAVE_WCSCMP 1
| #define HAVE_WCSNCMP 1
| #define HAVE_WCSCASECMP 1
| #define HAVE_WCSNCASECMP 1
| #define HAVE_STRLEN 1
| #define HAVE_INDEX 1
| #define HAVE_RINDEX 1
| #define HAVE_STRCHR 1
| #define HAVE_STRRCHR 1
| #define HAVE_STRSTR 1
| #define HAVE_STRTOK_R 1
| #define HAVE_STRTOD 1
| #define HAVE_STRTOL 1
| #define HAVE_STRTOUL 1
| #define HAVE_STRTOLL 1
| #define HAVE_STRTOULL 1
| #define HAVE_ATOI 1
| #define HAVE_ATOF 1
| #define HAVE_STRCMP 1
| #define HAVE_STRNCMP 1
| #define HAVE_STRCASECMP 1
| #define HAVE_STRNCASECMP 1
| #define HAVE_STRCASESTR 1
| #define HAVE_VSSCANF 1
| #define HAVE_VSNPRINTF 1
| #define HAVE_FOPEN64 1
| #define HAVE_FSEEKO 1
| #define HAVE_FSEEKO64 1
| #define HAVE_SIGACTION 1
| #define HAVE_SETJMP 1
| #define HAVE_NANOSLEEP 1
| #define HAVE_SYSCONF 1
| #define HAVE_GETAUXVAL 1
| #define HAVE_POLL 1
| #define HAVE_MEMFD_CREATE 1
| #define HAVE_POSIX_FALLOCATE 1
| #define HAVE__EXIT 1
| #define HAVE_ACOS 1
| #define HAVE_ACOSF 1
| #define HAVE_ASIN 1
| #define HAVE_ASINF 1
| #define HAVE_ATAN 1
| #define HAVE_ATANF 1
| #define HAVE_ATAN2 1
| #define HAVE_ATAN2F 1
| #define HAVE_CEIL 1
| #define HAVE_CEILF 1
| #define HAVE_COPYSIGN 1
| #define HAVE_COPYSIGNF 1
| #define HAVE_COS 1
| #define HAVE_COSF 1
| #define HAVE_EXP 1
| #define HAVE_EXPF 1
| #define HAVE_FABS 1
| #define HAVE_FABSF 1
| #define HAVE_FLOOR 1
| #define HAVE_FLOORF 1
| #define HAVE_TRUNC 1
| #define HAVE_TRUNCF 1
| #define HAVE_FMOD 1
| #define HAVE_FMODF 1
| #define HAVE_LOG 1
| #define HAVE_LOGF 1
| #define HAVE_LOG10 1
| #define HAVE_LOG10F 1
| #define HAVE_LROUND 1
| #define HAVE_LROUNDF 1
| #define HAVE_POW 1
| #define HAVE_POWF 1
| #define HAVE_ROUND 1
| #define HAVE_ROUNDF 1
| #define HAVE_SCALBN 1
| #define HAVE_SCALBNF 1
| #define HAVE_SIN 1
| #define HAVE_SINF 1
| #define HAVE_SQRT 1
| #define HAVE_SQRTF 1
| #define HAVE_TAN 1
| #define HAVE_TANF 1
| #define HAVE_ICONV 1
| #define HAVE_SA_SIGACTION 1
| #define HAVE_GCC_ATOMICS 1
| #define HAVE_IMMINTRIN_H 1
| /* end confdefs.h.  */
| 
|         #ifndef __loongarch_sx
|         #error Assembler CPP flag not enabled
|         #endif
| 
| int
| main ()
| {
| 
|   ;
|   return 0;
| }
configure:14659: result: no
configure:14669: checking for lsxintrin.h
configure:14682: gcc -c -g -O2 -Iinclude -I/mnt/a57a7843-7ae2-415a-9125-4c61fa4163d9/3rdLibrary/SDL2-2.30.8/include -idirafter /mnt/a57a7843-7ae2-415a-9125-4c61fa4163d9/3rdLibrary/SDL2-2.30.8/src/video/khronos   -Iinclude -I/mnt/a57a7843-7ae2-415a-9125-4c61fa4163d9/3rdLibrary/SDL2-2.30.8/include -idirafter /mnt/a57a7843-7ae2-415a-9125-4c61fa4163d9/3rdLibrary/SDL2-2.30.8/src/video/khronos  conftest.c >&5
conftest.c:147:10: fatal error: lsxintrin.h: No such file or directory
  147 | #include <lsxintrin.h>
      |          ^~~~~~~~~~~~~
compilation terminated.
configure:14682: $? = 1
configure: failed program was:
| /* confdefs.h */
| #define PACKAGE_NAME ""
| #define PACKAGE_TARNAME ""
| #define PACKAGE_VERSION ""
| #define PACKAGE_STRING ""
| #define PACKAGE_BUGREPORT ""
| #define PACKAGE_URL ""
| #define STDC_HEADERS 1
| #define HAVE_SYS_TYPES_H 1
| #define HAVE_SYS_STAT_H 1
| #define HAVE_STDLIB_H 1
| #define HAVE_STRING_H 1
| #define HAVE_MEMORY_H 1
| #define HAVE_STRINGS_H 1
| #define HAVE_INTTYPES_H 1
| #define HAVE_STDINT_H 1
| #define HAVE_UNISTD_H 1
| #define HAVE_DLFCN_H 1
| #define LT_OBJDIR ".libs/"
| #define HAVE_LIBC 1
| #define STDC_HEADERS 1
| #define HAVE_SYS_TYPES_H 1
| #define HAVE_STDIO_H 1
| #define HAVE_STDLIB_H 1
| #define HAVE_STDDEF_H 1
| #define HAVE_STDARG_H 1
| #define HAVE_MALLOC_H 1
| #define HAVE_MEMORY_H 1
| #define HAVE_STRING_H 1
| #define HAVE_STRINGS_H 1
| #define HAVE_WCHAR_H 1
| #define HAVE_INTTYPES_H 1
| #define HAVE_STDINT_H 1
| #define HAVE_LIMITS_H 1
| #define HAVE_CTYPE_H 1
| #define HAVE_MATH_H 1
| #define HAVE_FLOAT_H 1
| #define HAVE_ICONV_H 1
| #define HAVE_SIGNAL_H 1
| #define HAVE_M_PI /**/
| #define HAVE_ALLOCA_H 1
| #define HAVE_ALLOCA 1
| #define HAVE_MPROTECT 1
| #define HAVE_MALLOC 1
| #define HAVE_CALLOC 1
| #define HAVE_REALLOC 1
| #define HAVE_FREE 1
| #define HAVE_GETENV 1
| #define HAVE_SETENV 1
| #define HAVE_PUTENV 1
| #define HAVE_UNSETENV 1
| #define HAVE_BSEARCH 1
| #define HAVE_QSORT 1
| #define HAVE_ABS 1
| #define HAVE_BCOPY 1
| #define HAVE_MEMSET 1
| #define HAVE_MEMCMP 1
| #define HAVE_MEMCPY 1
| #define HAVE_MEMMOVE 1
| #define HAVE_WCSLEN 1
| #define HAVE_WCSDUP 1
| #define HAVE_WCSSTR 1
| #define HAVE_WCSCMP 1
| #define HAVE_WCSNCMP 1
| #define HAVE_WCSCASECMP 1
| #define HAVE_WCSNCASECMP 1
| #define HAVE_STRLEN 1
| #define HAVE_INDEX 1
| #define HAVE_RINDEX 1
| #define HAVE_STRCHR 1
| #define HAVE_STRRCHR 1
| #define HAVE_STRSTR 1
| #define HAVE_STRTOK_R 1
| #define HAVE_STRTOD 1
| #define HAVE_STRTOL 1
| #define HAVE_STRTOUL 1
| #define HAVE_STRTOLL 1
| #define HAVE_STRTOULL 1
| #define HAVE_ATOI 1
| #define HAVE_ATOF 1
| #define HAVE_STRCMP 1
| #define HAVE_STRNCMP 1
| #define HAVE_STRCASECMP 1
| #define HAVE_STRNCASECMP 1
| #define HAVE_STRCASESTR 1
| #define HAVE_VSSCANF 1
| #define HAVE_VSNPRINTF 1
| #define HAVE_FOPEN64 1
| #define HAVE_FSEEKO 1
| #define HAVE_FSEEKO64 1
| #define HAVE_SIGACTION 1
| #define HAVE_SETJMP 1
| #define HAVE_NANOSLEEP 1
| #define HAVE_SYSCONF 1
| #define HAVE_GETAUXVAL 1
| #define HAVE_POLL 1
| #define HAVE_MEMFD_CREATE 1
| #define HAVE_POSIX_FALLOCATE 1
| #define HAVE__EXIT 1
| #define HAVE_ACOS 1
| #define HAVE_ACOSF 1
| #define HAVE_ASIN 1
| #define HAVE_ASINF 1
| #define HAVE_ATAN 1
| #define HAVE_ATANF 1
| #define HAVE_ATAN2 1
| #define HAVE_ATAN2F 1
| #define HAVE_CEIL 1
| #define HAVE_CEILF 1
| #define HAVE_COPYSIGN 1
| #define HAVE_COPYSIGNF 1
| #define HAVE_COS 1
| #define HAVE_COSF 1
| #define HAVE_EXP 1
| #define HAVE_EXPF 1
| #define HAVE_FABS 1
| #define HAVE_FABSF 1
| #define HAVE_FLOOR 1
| #define HAVE_FLOORF 1
| #define HAVE_TRUNC 1
| #define HAVE_TRUNCF 1
| #define HAVE_FMOD 1
| #define HAVE_FMODF 1
| #define HAVE_LOG 1
| #define HAVE_LOGF 1
| #define HAVE_LOG10 1
| #define HAVE_LOG10F 1
| #define HAVE_LROUND 1
| #define HAVE_LROUNDF 1
| #define HAVE_POW 1
| #define HAVE_POWF 1
| #define HAVE_ROUND 1
| #define HAVE_ROUNDF 1
| #define HAVE_SCALBN 1
| #define HAVE_SCALBNF 1
| #define HAVE_SIN 1
| #define HAVE_SINF 1
| #define HAVE_SQRT 1
| #define HAVE_SQRTF 1
| #define HAVE_TAN 1
| #define HAVE_TANF 1
| #define HAVE_ICONV 1
| #define HAVE_SA_SIGACTION 1
| #define HAVE_GCC_ATOMICS 1
| #define HAVE_IMMINTRIN_H 1
| /* end confdefs.h.  */
| #include <lsxintrin.h>
| int
| main ()
| {
| 
|   ;
|   return 0;
| }
configure:14688: result: no
configure:16671: checking for GCC -Wall option
configure:16690: gcc -c -g -O2 -Iinclude -I/mnt/a57a7843-7ae2-415a-9125-4c61fa4163d9/3rdLibrary/SDL2-2.30.8/include -idirafter /mnt/a57a7843-7ae2-415a-9125-4c61fa4163d9/3rdLibrary/SDL2-2.30.8/src/video/khronos  -Wall  -Iinclude -I/mnt/a57a7843-7ae2-415a-9125-4c61fa4163d9/3rdLibrary/SDL2-2.30.8/include -idirafter /mnt/a57a7843-7ae2-415a-9125-4c61fa4163d9/3rdLibrary/SDL2-2.30.8/src/video/khronos  conftest.c >&5
configure:16690: $? = 0
configure:16694: result: yes
configure:16701: checking for necessary GCC -Wno-multichar option
configure:16709: result: no
configure:16719: checking for GCC -Wunused-local-typedefs option
configure:16738: gcc -c -g -O2 -Iinclude -I/mnt/a57a7843-7ae2-415a-9125-4c61fa4163d9/3rdLibrary/SDL2-2.30.8/include -idirafter /mnt/a57a7843-7ae2-415a-9125-4c61fa4163d9/3rdLibrary/SDL2-2.30.8/src/video/khronos  -Wunused-local-typedefs  -Iinclude -I/mnt/a57a7843-7ae2-415a-9125-4c61fa4163d9/3rdLibrary/SDL2-2.30.8/include -idirafter /mnt/a57a7843-7ae2-415a-9125-4c61fa4163d9/3rdLibrary/SDL2-2.30.8/src/video/khronos  conftest.c >&5
configure:16738: $? = 0
configure:16742: result: yes
configure:16526: checking for GCC -fno-strict-aliasing option
configure:16545: gcc -c -g -O2 -Iinclude -I/mnt/a57a7843-7ae2-415a-9125-4c61fa4163d9/3rdLibrary/SDL2-2.30.8/include -idirafter /mnt/a57a7843-7ae2-415a-9125-4c61fa4163d9/3rdLibrary/SDL2-2.30.8/src/video/khronos  -fno-strict-aliasing  -Iinclude -I/mnt/a57a7843-7ae2-415a-9125-4c61fa4163d9/3rdLibrary/SDL2-2.30.8/include -idirafter /mnt/a57a7843-7ae2-415a-9125-4c61fa4163d9/3rdLibrary/SDL2-2.30.8/src/video/khronos  conftest.c >&5
configure:16545: $? = 0
configure:16549: result: yes
configure:16489: checking for GCC -fvisibility=hidden option
configure:16511: gcc -c -g -O2 -Iinclude -I/mnt/a57a7843-7ae2-415a-9125-4c61fa4163d9/3rdLibrary/SDL2-2.30.8/include -idirafter /mnt/a57a7843-7ae2-415a-9125-4c61fa4163d9/3rdLibrary/SDL2-2.30.8/src/video/khronos  -fvisibility=hidden -Werror  -Iinclude -I/mnt/a57a7843-7ae2-415a-9125-4c61fa4163d9/3rdLibrary/SDL2-2.30.8/include -idirafter /mnt/a57a7843-7ae2-415a-9125-4c61fa4163d9/3rdLibrary/SDL2-2.30.8/src/video/khronos  conftest.c >&5
configure:16511: $? = 0
configure:16515: result: yes
configure:16637: checking for GCC -Wdeclaration-after-statement option
configure:16656: gcc -c -g -O2 -Iinclude -I/mnt/a57a7843-7ae2-415a-9125-4c61fa4163d9/3rdLibrary/SDL2-2.30.8/include -idirafter /mnt/a57a7843-7ae2-415a-9125-4c61fa4163d9/3rdLibrary/SDL2-2.30.8/src/video/khronos  -Wdeclaration-after-statement -Werror=declaration-after-statement  -Iinclude -I/mnt/a57a7843-7ae2-415a-9125-4c61fa4163d9/3rdLibrary/SDL2-2.30.8/include -idirafter /mnt/a57a7843-7ae2-415a-9125-4c61fa4163d9/3rdLibrary/SDL2-2.30.8/src/video/khronos  conftest.c >&5
configure:16656: $? = 0
configure:16660: result: yes
configure:21093: checking for dlfcn.h
configure:21093: result: yes
configure:21103: checking for dlopen in -lc
configure:21128: gcc -o conftest -g -O2 -Iinclude -I/mnt/a57a7843-7ae2-415a-9125-4c61fa4163d9/3rdLibrary/SDL2-2.30.8/include -idirafter /mnt/a57a7843-7ae2-415a-9125-4c61fa4163d9/3rdLibrary/SDL2-2.30.8/src/video/khronos   -Iinclude -I/mnt/a57a7843-7ae2-415a-9125-4c61fa4163d9/3rdLibrary/SDL2-2.30.8/include -idirafter /mnt/a57a7843-7ae2-415a-9125-4c61fa4163d9/3rdLibrary/SDL2-2.30.8/src/video/khronos   conftest.c -lc   -lm >&5
/usr/bin/ld: /tmp/ccc57lhB.o: in function `main':
/mnt/a57a7843-7ae2-415a-9125-4c61fa4163d9/3rdLibrary/SDL2-2.30.8/conftest.c:163: undefined reference to `dlopen'
collect2: error: ld returned 1 exit status
configure:21128: $? = 1
configure: failed program was:
| /* confdefs.h */
| #define PACKAGE_NAME ""
| #define PACKAGE_TARNAME ""
| #define PACKAGE_VERSION ""
| #define PACKAGE_STRING ""
| #define PACKAGE_BUGREPORT ""
| #define PACKAGE_URL ""
| #define STDC_HEADERS 1
| #define HAVE_SYS_TYPES_H 1
| #define HAVE_SYS_STAT_H 1
| #define HAVE_STDLIB_H 1
| #define HAVE_STRING_H 1
| #define HAVE_MEMORY_H 1
| #define HAVE_STRINGS_H 1
| #define HAVE_INTTYPES_H 1
| #define HAVE_STDINT_H 1
| #define HAVE_UNISTD_H 1
| #define HAVE_DLFCN_H 1
| #define LT_OBJDIR ".libs/"
| #define HAVE_LIBC 1
| #define STDC_HEADERS 1
| #define HAVE_SYS_TYPES_H 1
| #define HAVE_STDIO_H 1
| #define HAVE_STDLIB_H 1
| #define HAVE_STDDEF_H 1
| #define HAVE_STDARG_H 1
| #define HAVE_MALLOC_H 1
| #define HAVE_MEMORY_H 1
| #define HAVE_STRING_H 1
| #define HAVE_STRINGS_H 1
| #define HAVE_WCHAR_H 1
| #define HAVE_INTTYPES_H 1
| #define HAVE_STDINT_H 1
| #define HAVE_LIMITS_H 1
| #define HAVE_CTYPE_H 1
| #define HAVE_MATH_H 1
| #define HAVE_FLOAT_H 1
| #define HAVE_ICONV_H 1
| #define HAVE_SIGNAL_H 1
| #define HAVE_M_PI /**/
| #define HAVE_ALLOCA_H 1
| #define HAVE_ALLOCA 1
| #define HAVE_MPROTECT 1
| #define HAVE_MALLOC 1
| #define HAVE_CALLOC 1
| #define HAVE_REALLOC 1
| #define HAVE_FREE 1
| #define HAVE_GETENV 1
| #define HAVE_SETENV 1
| #define HAVE_PUTENV 1
| #define HAVE_UNSETENV 1
| #define HAVE_BSEARCH 1
| #define HAVE_QSORT 1
| #define HAVE_ABS 1
| #define HAVE_BCOPY 1
| #define HAVE_MEMSET 1
| #define HAVE_MEMCMP 1
| #define HAVE_MEMCPY 1
| #define HAVE_MEMMOVE 1
| #define HAVE_WCSLEN 1
| #define HAVE_WCSDUP 1
| #define HAVE_WCSSTR 1
| #define HAVE_WCSCMP 1
| #define HAVE_WCSNCMP 1
| #define HAVE_WCSCASECMP 1
| #define HAVE_WCSNCASECMP 1
| #define HAVE_STRLEN 1
| #define HAVE_INDEX 1
| #define HAVE_RINDEX 1
| #define HAVE_STRCHR 1
| #define HAVE_STRRCHR 1
| #define HAVE_STRSTR 1
| #define HAVE_STRTOK_R 1
| #define HAVE_STRTOD 1
| #define HAVE_STRTOL 1
| #define HAVE_STRTOUL 1
| #define HAVE_STRTOLL 1
| #define HAVE_STRTOULL 1
| #define HAVE_ATOI 1
| #define HAVE_ATOF 1
| #define HAVE_STRCMP 1
| #define HAVE_STRNCMP 1
| #define HAVE_STRCASECMP 1
| #define HAVE_STRNCASECMP 1
| #define HAVE_STRCASESTR 1
| #define HAVE_VSSCANF 1
| #define HAVE_VSNPRINTF 1
| #define HAVE_FOPEN64 1
| #define HAVE_FSEEKO 1
| #define HAVE_FSEEKO64 1
| #define HAVE_SIGACTION 1
| #define HAVE_SETJMP 1
| #define HAVE_NANOSLEEP 1
| #define HAVE_SYSCONF 1
| #define HAVE_GETAUXVAL 1
| #define HAVE_POLL 1
| #define HAVE_MEMFD_CREATE 1
| #define HAVE_POSIX_FALLOCATE 1
| #define HAVE__EXIT 1
| #define HAVE_ACOS 1
| #define HAVE_ACOSF 1
| #define HAVE_ASIN 1
| #define HAVE_ASINF 1
| #define HAVE_ATAN 1
| #define HAVE_ATANF 1
| #define HAVE_ATAN2 1
| #define HAVE_ATAN2F 1
| #define HAVE_CEIL 1
| #define HAVE_CEILF 1
| #define HAVE_COPYSIGN 1
| #define HAVE_COPYSIGNF 1
| #define HAVE_COS 1
| #define HAVE_COSF 1
| #define HAVE_EXP 1
| #define HAVE_EXPF 1
| #define HAVE_FABS 1
| #define HAVE_FABSF 1
| #define HAVE_FLOOR 1
| #define HAVE_FLOORF 1
| #define HAVE_TRUNC 1
| #define HAVE_TRUNCF 1
| #define HAVE_FMOD 1
| #define HAVE_FMODF 1
| #define HAVE_LOG 1
| #define HAVE_LOGF 1
| #define HAVE_LOG10 1
| #define HAVE_LOG10F 1
| #define HAVE_LROUND 1
| #define HAVE_LROUNDF 1
| #define HAVE_POW 1
| #define HAVE_POWF 1
| #define HAVE_ROUND 1
| #define HAVE_ROUNDF 1
| #define HAVE_SCALBN 1
| #define HAVE_SCALBNF 1
| #define HAVE_SIN 1
| #define HAVE_SINF 1
| #define HAVE_SQRT 1
| #define HAVE_SQRTF 1
| #define HAVE_TAN 1
| #define HAVE_TANF 1
| #define HAVE_ICONV 1
| #define HAVE_SA_SIGACTION 1
| #define HAVE_GCC_ATOMICS 1
| #define HAVE_IMMINTRIN_H 1
| #define SDL_VIDEO_DRIVER_DUMMY 1
| #define SDL_VIDEO_DRIVER_OFFSCREEN 1
| #define SDL_AUDIO_DRIVER_DISK 1
| #define SDL_AUDIO_DRIVER_DUMMY 1
| #define DYNAPI_NEEDS_DLOPEN 1
| /* end confdefs.h.  */
| 
| /* Override any GCC internal prototype to avoid an error.
|    Use char because int might match the return type of a GCC
|    builtin and then its argument prototype would still apply.  */
| #ifdef __cplusplus
| extern "C"
| #endif
| char dlopen ();
| int
| main ()
| {
| return dlopen ();
|   ;
|   return 0;
| }
configure:21137: result: no
configure:21142: checking for dlopen in -ldl
configure:21167: gcc -o conftest -g -O2 -Iinclude -I/mnt/a57a7843-7ae2-415a-9125-4c61fa4163d9/3rdLibrary/SDL2-2.30.8/include -idirafter /mnt/a57a7843-7ae2-415a-9125-4c61fa4163d9/3rdLibrary/SDL2-2.30.8/src/video/khronos   -Iinclude -I/mnt/a57a7843-7ae2-415a-9125-4c61fa4163d9/3rdLibrary/SDL2-2.30.8/include -idirafter /mnt/a57a7843-7ae2-415a-9125-4c61fa4163d9/3rdLibrary/SDL2-2.30.8/src/video/khronos   conftest.c -ldl   -lm >&5
configure:21167: $? = 0
configure:21176: result: yes
configure:21184: checking for dlopen
configure:21186: result: yes
configure:21205: checking for O_CLOEXEC
configure:21221: gcc -c -g -O2 -Iinclude -I/mnt/a57a7843-7ae2-415a-9125-4c61fa4163d9/3rdLibrary/SDL2-2.30.8/include -idirafter /mnt/a57a7843-7ae2-415a-9125-4c61fa4163d9/3rdLibrary/SDL2-2.30.8/src/video/khronos   -Iinclude -I/mnt/a57a7843-7ae2-415a-9125-4c61fa4163d9/3rdLibrary/SDL2-2.30.8/include -idirafter /mnt/a57a7843-7ae2-415a-9125-4c61fa4163d9/3rdLibrary/SDL2-2.30.8/src/video/khronos  conftest.c >&5
configure:21221: $? = 0
configure:21227: result: yes
configure:14710: checking for OSS audio support
configure:14729: gcc -c -g -O2 -Iinclude -I/mnt/a57a7843-7ae2-415a-9125-4c61fa4163d9/3rdLibrary/SDL2-2.30.8/include -idirafter /mnt/a57a7843-7ae2-415a-9125-4c61fa4163d9/3rdLibrary/SDL2-2.30.8/src/video/khronos   -Iinclude -I/mnt/a57a7843-7ae2-415a-9125-4c61fa4163d9/3rdLibrary/SDL2-2.30.8/include -idirafter /mnt/a57a7843-7ae2-415a-9125-4c61fa4163d9/3rdLibrary/SDL2-2.30.8/src/video/khronos  conftest.c >&5
configure:14729: $? = 0
configure:14734: result: yes
configure:14794: checking for ALSA CFLAGS
configure:14800: result: 
configure:14803: checking for ALSA LDFLAGS
configure:14816: result:  -lasound -lm -ldl -lpthread
configure:14820: checking for libasound headers version >= 1.0.11
configure:14881: gcc -c -g -O2 -Iinclude -I/mnt/a57a7843-7ae2-415a-9125-4c61fa4163d9/3rdLibrary/SDL2-2.30.8/include -idirafter /mnt/a57a7843-7ae2-415a-9125-4c61fa4163d9/3rdLibrary/SDL2-2.30.8/src/video/khronos   -Iinclude -I/mnt/a57a7843-7ae2-415a-9125-4c61fa4163d9/3rdLibrary/SDL2-2.30.8/include -idirafter /mnt/a57a7843-7ae2-415a-9125-4c61fa4163d9/3rdLibrary/SDL2-2.30.8/src/video/khronos  conftest.c >&5
configure:14881: $? = 0
configure:14882: result: found.
configure:14900: checking for snd_ctl_open in -lasound
configure:14925: gcc -o conftest -g -O2 -Iinclude -I/mnt/a57a7843-7ae2-415a-9125-4c61fa4163d9/3rdLibrary/SDL2-2.30.8/include -idirafter /mnt/a57a7843-7ae2-415a-9125-4c61fa4163d9/3rdLibrary/SDL2-2.30.8/src/video/khronos   -Iinclude -I/mnt/a57a7843-7ae2-415a-9125-4c61fa4163d9/3rdLibrary/SDL2-2.30.8/include -idirafter /mnt/a57a7843-7ae2-415a-9125-4c61fa4163d9/3rdLibrary/SDL2-2.30.8/src/video/khronos   conftest.c -lasound   -lasound -lm -ldl -lpthread  >&5
configure:14925: $? = 0
configure:14934: result: yes
configure:15510: checking for libpipewire-0.3 >= 0.3.20
configure:15517: $PKG_CONFIG --exists --print-errors "libpipewire-0.3 >= 0.3.20"
Package libpipewire-0.3 was not found in the pkg-config search path.
Perhaps you should add the directory containing `libpipewire-0.3.pc'
to the PKG_CONFIG_PATH environment variable
No package 'libpipewire-0.3' found
configure:15520: $? = 1
configure:15534: $PKG_CONFIG --exists --print-errors "libpipewire-0.3 >= 0.3.20"
Package libpipewire-0.3 was not found in the pkg-config search path.
Perhaps you should add the directory containing `libpipewire-0.3.pc'
to the PKG_CONFIG_PATH environment variable
No package 'libpipewire-0.3' found
configure:15537: $? = 1
configure:15551: result: no
No package 'libpipewire-0.3' found
configure:15023: checking for jack >= 0.125
configure:15030: $PKG_CONFIG --exists --print-errors "jack >= 0.125"
Package jack was not found in the pkg-config search path.
Perhaps you should add the directory containing `jack.pc'
to the PKG_CONFIG_PATH environment variable
No package 'jack' found
configure:15033: $? = 1
configure:15047: $PKG_CONFIG --exists --print-errors "jack >= 0.125"
Package jack was not found in the pkg-config search path.
Perhaps you should add the directory containing `jack.pc'
to the PKG_CONFIG_PATH environment variable
No package 'jack' found
configure:15050: $? = 1
configure:15064: result: no
No package 'jack' found
configure:15758: checking for artsc-config
configure:15791: result: no
configure:15151: checking for esound >= 0.2.8
configure:15158: $PKG_CONFIG --exists --print-errors "esound >= 0.2.8"
Package esound was not found in the pkg-config search path.
Perhaps you should add the directory containing `esound.pc'
to the PKG_CONFIG_PATH environment variable
No package 'esound' found
configure:15161: $? = 1
configure:15175: $PKG_CONFIG --exists --print-errors "esound >= 0.2.8"
Package esound was not found in the pkg-config search path.
Perhaps you should add the directory containing `esound.pc'
to the PKG_CONFIG_PATH environment variable
No package 'esound' found
configure:15178: $? = 1
configure:15192: result: no
No package 'esound' found
configure:15260: checking for esd-config
configure:15291: result: no
configure:15300: checking for ESD - version >= 0.2.8
configure:15392: result: no
configure:15877: checking audio/audiolib.h usability
configure:15877: gcc -c -g -O2 -Iinclude -I/mnt/a57a7843-7ae2-415a-9125-4c61fa4163d9/3rdLibrary/SDL2-2.30.8/include -idirafter /mnt/a57a7843-7ae2-415a-9125-4c61fa4163d9/3rdLibrary/SDL2-2.30.8/src/video/khronos   -Iinclude -I/mnt/a57a7843-7ae2-415a-9125-4c61fa4163d9/3rdLibrary/SDL2-2.30.8/include -idirafter /mnt/a57a7843-7ae2-415a-9125-4c61fa4163d9/3rdLibrary/SDL2-2.30.8/src/video/khronos  conftest.c >&5
conftest.c:192:10: fatal error: audio/audiolib.h: No such file or directory
  192 | #include <audio/audiolib.h>
      |          ^~~~~~~~~~~~~~~~~~
compilation terminated.
configure:15877: $? = 1
configure: failed program was:
| /* confdefs.h */
| #define PACKAGE_NAME ""
| #define PACKAGE_TARNAME ""
| #define PACKAGE_VERSION ""
| #define PACKAGE_STRING ""
| #define PACKAGE_BUGREPORT ""
| #define PACKAGE_URL ""
| #define STDC_HEADERS 1
| #define HAVE_SYS_TYPES_H 1
| #define HAVE_SYS_STAT_H 1
| #define HAVE_STDLIB_H 1
| #define HAVE_STRING_H 1
| #define HAVE_MEMORY_H 1
| #define HAVE_STRINGS_H 1
| #define HAVE_INTTYPES_H 1
| #define HAVE_STDINT_H 1
| #define HAVE_UNISTD_H 1
| #define HAVE_DLFCN_H 1
| #define LT_OBJDIR ".libs/"
| #define HAVE_LIBC 1
| #define STDC_HEADERS 1
| #define HAVE_SYS_TYPES_H 1
| #define HAVE_STDIO_H 1
| #define HAVE_STDLIB_H 1
| #define HAVE_STDDEF_H 1
| #define HAVE_STDARG_H 1
| #define HAVE_MALLOC_H 1
| #define HAVE_MEMORY_H 1
| #define HAVE_STRING_H 1
| #define HAVE_STRINGS_H 1
| #define HAVE_WCHAR_H 1
| #define HAVE_INTTYPES_H 1
| #define HAVE_STDINT_H 1
| #define HAVE_LIMITS_H 1
| #define HAVE_CTYPE_H 1
| #define HAVE_MATH_H 1
| #define HAVE_FLOAT_H 1
| #define HAVE_ICONV_H 1
| #define HAVE_SIGNAL_H 1
| #define HAVE_M_PI /**/
| #define HAVE_ALLOCA_H 1
| #define HAVE_ALLOCA 1
| #define HAVE_MPROTECT 1
| #define HAVE_MALLOC 1
| #define HAVE_CALLOC 1
| #define HAVE_REALLOC 1
| #define HAVE_FREE 1
| #define HAVE_GETENV 1
| #define HAVE_SETENV 1
| #define HAVE_PUTENV 1
| #define HAVE_UNSETENV 1
| #define HAVE_BSEARCH 1
| #define HAVE_QSORT 1
| #define HAVE_ABS 1
| #define HAVE_BCOPY 1
| #define HAVE_MEMSET 1
| #define HAVE_MEMCMP 1
| #define HAVE_MEMCPY 1
| #define HAVE_MEMMOVE 1
| #define HAVE_WCSLEN 1
| #define HAVE_WCSDUP 1
| #define HAVE_WCSSTR 1
| #define HAVE_WCSCMP 1
| #define HAVE_WCSNCMP 1
| #define HAVE_WCSCASECMP 1
| #define HAVE_WCSNCASECMP 1
| #define HAVE_STRLEN 1
| #define HAVE_INDEX 1
| #define HAVE_RINDEX 1
| #define HAVE_STRCHR 1
| #define HAVE_STRRCHR 1
| #define HAVE_STRSTR 1
| #define HAVE_STRTOK_R 1
| #define HAVE_STRTOD 1
| #define HAVE_STRTOL 1
| #define HAVE_STRTOUL 1
| #define HAVE_STRTOLL 1
| #define HAVE_STRTOULL 1
| #define HAVE_ATOI 1
| #define HAVE_ATOF 1
| #define HAVE_STRCMP 1
| #define HAVE_STRNCMP 1
| #define HAVE_STRCASECMP 1
| #define HAVE_STRNCASECMP 1
| #define HAVE_STRCASESTR 1
| #define HAVE_VSSCANF 1
| #define HAVE_VSNPRINTF 1
| #define HAVE_FOPEN64 1
| #define HAVE_FSEEKO 1
| #define HAVE_FSEEKO64 1
| #define HAVE_SIGACTION 1
| #define HAVE_SETJMP 1
| #define HAVE_NANOSLEEP 1
| #define HAVE_SYSCONF 1
| #define HAVE_GETAUXVAL 1
| #define HAVE_POLL 1
| #define HAVE_MEMFD_CREATE 1
| #define HAVE_POSIX_FALLOCATE 1
| #define HAVE__EXIT 1
| #define HAVE_ACOS 1
| #define HAVE_ACOSF 1
| #define HAVE_ASIN 1
| #define HAVE_ASINF 1
| #define HAVE_ATAN 1
| #define HAVE_ATANF 1
| #define HAVE_ATAN2 1
| #define HAVE_ATAN2F 1
| #define HAVE_CEIL 1
| #define HAVE_CEILF 1
| #define HAVE_COPYSIGN 1
| #define HAVE_COPYSIGNF 1
| #define HAVE_COS 1
| #define HAVE_COSF 1
| #define HAVE_EXP 1
| #define HAVE_EXPF 1
| #define HAVE_FABS 1
| #define HAVE_FABSF 1
| #define HAVE_FLOOR 1
| #define HAVE_FLOORF 1
| #define HAVE_TRUNC 1
| #define HAVE_TRUNCF 1
| #define HAVE_FMOD 1
| #define HAVE_FMODF 1
| #define HAVE_LOG 1
| #define HAVE_LOGF 1
| #define HAVE_LOG10 1
| #define HAVE_LOG10F 1
| #define HAVE_LROUND 1
| #define HAVE_LROUNDF 1
| #define HAVE_POW 1
| #define HAVE_POWF 1
| #define HAVE_ROUND 1
| #define HAVE_ROUNDF 1
| #define HAVE_SCALBN 1
| #define HAVE_SCALBNF 1
| #define HAVE_SIN 1
| #define HAVE_SINF 1
| #define HAVE_SQRT 1
| #define HAVE_SQRTF 1
| #define HAVE_TAN 1
| #define HAVE_TANF 1
| #define HAVE_ICONV 1
| #define HAVE_SA_SIGACTION 1
| #define HAVE_GCC_ATOMICS 1
| #define HAVE_IMMINTRIN_H 1
| #define SDL_VIDEO_DRIVER_DUMMY 1
| #define SDL_VIDEO_DRIVER_OFFSCREEN 1
| #define SDL_AUDIO_DRIVER_DISK 1
| #define SDL_AUDIO_DRIVER_DUMMY 1
| #define DYNAPI_NEEDS_DLOPEN 1
| #define HAVE_DLOPEN 1
| #define SDL_LOADSO_DLOPEN 1
| #define HAVE_O_CLOEXEC 1
| #define SDL_AUDIO_DRIVER_OSS 1
| #define HAVE_LIBASOUND 1
| #define SDL_AUDIO_DRIVER_ALSA 1
| #define SDL_AUDIO_DRIVER_ALSA_DYNAMIC "libasound.so.2"
| /* end confdefs.h.  */
| #include <stdio.h>
| #ifdef HAVE_SYS_TYPES_H
| # include <sys/types.h>
| #endif
| #ifdef HAVE_SYS_STAT_H
| # include <sys/stat.h>
| #endif
| #ifdef STDC_HEADERS
| # include <stdlib.h>
| # include <stddef.h>
| #else
| # ifdef HAVE_STDLIB_H
| #  include <stdlib.h>
| # endif
| #endif
| #ifdef HAVE_STRING_H
| # if !defined STDC_HEADERS && defined HAVE_MEMORY_H
| #  include <memory.h>
| # endif
| # include <string.h>
| #endif
| #ifdef HAVE_STRINGS_H
| # include <strings.h>
| #endif
| #ifdef HAVE_INTTYPES_H
| # include <inttypes.h>
| #endif
| #ifdef HAVE_STDINT_H
| # include <stdint.h>
| #endif
| #ifdef HAVE_UNISTD_H
| # include <unistd.h>
| #endif
| #include <audio/audiolib.h>
configure:15877: result: no
configure:15877: checking audio/audiolib.h presence
configure:15877: gcc -E  -Iinclude -I/mnt/a57a7843-7ae2-415a-9125-4c61fa4163d9/3rdLibrary/SDL2-2.30.8/include -idirafter /mnt/a57a7843-7ae2-415a-9125-4c61fa4163d9/3rdLibrary/SDL2-2.30.8/src/video/khronos  conftest.c
conftest.c:159:10: fatal error: audio/audiolib.h: No such file or directory
  159 | #include <audio/audiolib.h>
      |          ^~~~~~~~~~~~~~~~~~
compilation terminated.
configure:15877: $? = 1
configure: failed program was:
| /* confdefs.h */
| #define PACKAGE_NAME ""
| #define PACKAGE_TARNAME ""
| #define PACKAGE_VERSION ""
| #define PACKAGE_STRING ""
| #define PACKAGE_BUGREPORT ""
| #define PACKAGE_URL ""
| #define STDC_HEADERS 1
| #define HAVE_SYS_TYPES_H 1
| #define HAVE_SYS_STAT_H 1
| #define HAVE_STDLIB_H 1
| #define HAVE_STRING_H 1
| #define HAVE_MEMORY_H 1
| #define HAVE_STRINGS_H 1
| #define HAVE_INTTYPES_H 1
| #define HAVE_STDINT_H 1
| #define HAVE_UNISTD_H 1
| #define HAVE_DLFCN_H 1
| #define LT_OBJDIR ".libs/"
| #define HAVE_LIBC 1
| #define STDC_HEADERS 1
| #define HAVE_SYS_TYPES_H 1
| #define HAVE_STDIO_H 1
| #define HAVE_STDLIB_H 1
| #define HAVE_STDDEF_H 1
| #define HAVE_STDARG_H 1
| #define HAVE_MALLOC_H 1
| #define HAVE_MEMORY_H 1
| #define HAVE_STRING_H 1
| #define HAVE_STRINGS_H 1
| #define HAVE_WCHAR_H 1
| #define HAVE_INTTYPES_H 1
| #define HAVE_STDINT_H 1
| #define HAVE_LIMITS_H 1
| #define HAVE_CTYPE_H 1
| #define HAVE_MATH_H 1
| #define HAVE_FLOAT_H 1
| #define HAVE_ICONV_H 1
| #define HAVE_SIGNAL_H 1
| #define HAVE_M_PI /**/
| #define HAVE_ALLOCA_H 1
| #define HAVE_ALLOCA 1
| #define HAVE_MPROTECT 1
| #define HAVE_MALLOC 1
| #define HAVE_CALLOC 1
| #define HAVE_REALLOC 1
| #define HAVE_FREE 1
| #define HAVE_GETENV 1
| #define HAVE_SETENV 1
| #define HAVE_PUTENV 1
| #define HAVE_UNSETENV 1
| #define HAVE_BSEARCH 1
| #define HAVE_QSORT 1
| #define HAVE_ABS 1
| #define HAVE_BCOPY 1
| #define HAVE_MEMSET 1
| #define HAVE_MEMCMP 1
| #define HAVE_MEMCPY 1
| #define HAVE_MEMMOVE 1
| #define HAVE_WCSLEN 1
| #define HAVE_WCSDUP 1
| #define HAVE_WCSSTR 1
| #define HAVE_WCSCMP 1
| #define HAVE_WCSNCMP 1
| #define HAVE_WCSCASECMP 1
| #define HAVE_WCSNCASECMP 1
| #define HAVE_STRLEN 1
| #define HAVE_INDEX 1
| #define HAVE_RINDEX 1
| #define HAVE_STRCHR 1
| #define HAVE_STRRCHR 1
| #define HAVE_STRSTR 1
| #define HAVE_STRTOK_R 1
| #define HAVE_STRTOD 1
| #define HAVE_STRTOL 1
| #define HAVE_STRTOUL 1
| #define HAVE_STRTOLL 1
| #define HAVE_STRTOULL 1
| #define HAVE_ATOI 1
| #define HAVE_ATOF 1
| #define HAVE_STRCMP 1
| #define HAVE_STRNCMP 1
| #define HAVE_STRCASECMP 1
| #define HAVE_STRNCASECMP 1
| #define HAVE_STRCASESTR 1
| #define HAVE_VSSCANF 1
| #define HAVE_VSNPRINTF 1
| #define HAVE_FOPEN64 1
| #define HAVE_FSEEKO 1
| #define HAVE_FSEEKO64 1
| #define HAVE_SIGACTION 1
| #define HAVE_SETJMP 1
| #define HAVE_NANOSLEEP 1
| #define HAVE_SYSCONF 1
| #define HAVE_GETAUXVAL 1
| #define HAVE_POLL 1
| #define HAVE_MEMFD_CREATE 1
| #define HAVE_POSIX_FALLOCATE 1
| #define HAVE__EXIT 1
| #define HAVE_ACOS 1
| #define HAVE_ACOSF 1
| #define HAVE_ASIN 1
| #define HAVE_ASINF 1
| #define HAVE_ATAN 1
| #define HAVE_ATANF 1
| #define HAVE_ATAN2 1
| #define HAVE_ATAN2F 1
| #define HAVE_CEIL 1
| #define HAVE_CEILF 1
| #define HAVE_COPYSIGN 1
| #define HAVE_COPYSIGNF 1
| #define HAVE_COS 1
| #define HAVE_COSF 1
| #define HAVE_EXP 1
| #define HAVE_EXPF 1
| #define HAVE_FABS 1
| #define HAVE_FABSF 1
| #define HAVE_FLOOR 1
| #define HAVE_FLOORF 1
| #define HAVE_TRUNC 1
| #define HAVE_TRUNCF 1
| #define HAVE_FMOD 1
| #define HAVE_FMODF 1
| #define HAVE_LOG 1
| #define HAVE_LOGF 1
| #define HAVE_LOG10 1
| #define HAVE_LOG10F 1
| #define HAVE_LROUND 1
| #define HAVE_LROUNDF 1
| #define HAVE_POW 1
| #define HAVE_POWF 1
| #define HAVE_ROUND 1
| #define HAVE_ROUNDF 1
| #define HAVE_SCALBN 1
| #define HAVE_SCALBNF 1
| #define HAVE_SIN 1
| #define HAVE_SINF 1
| #define HAVE_SQRT 1
| #define HAVE_SQRTF 1
| #define HAVE_TAN 1
| #define HAVE_TANF 1
| #define HAVE_ICONV 1
| #define HAVE_SA_SIGACTION 1
| #define HAVE_GCC_ATOMICS 1
| #define HAVE_IMMINTRIN_H 1
| #define SDL_VIDEO_DRIVER_DUMMY 1
| #define SDL_VIDEO_DRIVER_OFFSCREEN 1
| #define SDL_AUDIO_DRIVER_DISK 1
| #define SDL_AUDIO_DRIVER_DUMMY 1
| #define DYNAPI_NEEDS_DLOPEN 1
| #define HAVE_DLOPEN 1
| #define SDL_LOADSO_DLOPEN 1
| #define HAVE_O_CLOEXEC 1
| #define SDL_AUDIO_DRIVER_OSS 1
| #define HAVE_LIBASOUND 1
| #define SDL_AUDIO_DRIVER_ALSA 1
| #define SDL_AUDIO_DRIVER_ALSA_DYNAMIC "libasound.so.2"
| /* end confdefs.h.  */
| #include <audio/audiolib.h>
configure:15877: result: no
configure:15877: checking for audio/audiolib.h
configure:15877: result: no
configure:15883: checking for AuOpenServer in -laudio
configure:15908: gcc -o conftest -g -O2 -Iinclude -I/mnt/a57a7843-7ae2-415a-9125-4c61fa4163d9/3rdLibrary/SDL2-2.30.8/include -idirafter /mnt/a57a7843-7ae2-415a-9125-4c61fa4163d9/3rdLibrary/SDL2-2.30.8/src/video/khronos   -Iinclude -I/mnt/a57a7843-7ae2-415a-9125-4c61fa4163d9/3rdLibrary/SDL2-2.30.8/include -idirafter /mnt/a57a7843-7ae2-415a-9125-4c61fa4163d9/3rdLibrary/SDL2-2.30.8/src/video/khronos   conftest.c -laudio   -lm >&5
/usr/bin/ld: cannot find -laudio
collect2: error: ld returned 1 exit status
configure:15908: $? = 1
configure: failed program was:
| /* confdefs.h */
| #define PACKAGE_NAME ""
| #define PACKAGE_TARNAME ""
| #define PACKAGE_VERSION ""
| #define PACKAGE_STRING ""
| #define PACKAGE_BUGREPORT ""
| #define PACKAGE_URL ""
| #define STDC_HEADERS 1
| #define HAVE_SYS_TYPES_H 1
| #define HAVE_SYS_STAT_H 1
| #define HAVE_STDLIB_H 1
| #define HAVE_STRING_H 1
| #define HAVE_MEMORY_H 1
| #define HAVE_STRINGS_H 1
| #define HAVE_INTTYPES_H 1
| #define HAVE_STDINT_H 1
| #define HAVE_UNISTD_H 1
| #define HAVE_DLFCN_H 1
| #define LT_OBJDIR ".libs/"
| #define HAVE_LIBC 1
| #define STDC_HEADERS 1
| #define HAVE_SYS_TYPES_H 1
| #define HAVE_STDIO_H 1
| #define HAVE_STDLIB_H 1
| #define HAVE_STDDEF_H 1
| #define HAVE_STDARG_H 1
| #define HAVE_MALLOC_H 1
| #define HAVE_MEMORY_H 1
| #define HAVE_STRING_H 1
| #define HAVE_STRINGS_H 1
| #define HAVE_WCHAR_H 1
| #define HAVE_INTTYPES_H 1
| #define HAVE_STDINT_H 1
| #define HAVE_LIMITS_H 1
| #define HAVE_CTYPE_H 1
| #define HAVE_MATH_H 1
| #define HAVE_FLOAT_H 1
| #define HAVE_ICONV_H 1
| #define HAVE_SIGNAL_H 1
| #define HAVE_M_PI /**/
| #define HAVE_ALLOCA_H 1
| #define HAVE_ALLOCA 1
| #define HAVE_MPROTECT 1
| #define HAVE_MALLOC 1
| #define HAVE_CALLOC 1
| #define HAVE_REALLOC 1
| #define HAVE_FREE 1
| #define HAVE_GETENV 1
| #define HAVE_SETENV 1
| #define HAVE_PUTENV 1
| #define HAVE_UNSETENV 1
| #define HAVE_BSEARCH 1
| #define HAVE_QSORT 1
| #define HAVE_ABS 1
| #define HAVE_BCOPY 1
| #define HAVE_MEMSET 1
| #define HAVE_MEMCMP 1
| #define HAVE_MEMCPY 1
| #define HAVE_MEMMOVE 1
| #define HAVE_WCSLEN 1
| #define HAVE_WCSDUP 1
| #define HAVE_WCSSTR 1
| #define HAVE_WCSCMP 1
| #define HAVE_WCSNCMP 1
| #define HAVE_WCSCASECMP 1
| #define HAVE_WCSNCASECMP 1
| #define HAVE_STRLEN 1
| #define HAVE_INDEX 1
| #define HAVE_RINDEX 1
| #define HAVE_STRCHR 1
| #define HAVE_STRRCHR 1
| #define HAVE_STRSTR 1
| #define HAVE_STRTOK_R 1
| #define HAVE_STRTOD 1
| #define HAVE_STRTOL 1
| #define HAVE_STRTOUL 1
| #define HAVE_STRTOLL 1
| #define HAVE_STRTOULL 1
| #define HAVE_ATOI 1
| #define HAVE_ATOF 1
| #define HAVE_STRCMP 1
| #define HAVE_STRNCMP 1
| #define HAVE_STRCASECMP 1
| #define HAVE_STRNCASECMP 1
| #define HAVE_STRCASESTR 1
| #define HAVE_VSSCANF 1
| #define HAVE_VSNPRINTF 1
| #define HAVE_FOPEN64 1
| #define HAVE_FSEEKO 1
| #define HAVE_FSEEKO64 1
| #define HAVE_SIGACTION 1
| #define HAVE_SETJMP 1
| #define HAVE_NANOSLEEP 1
| #define HAVE_SYSCONF 1
| #define HAVE_GETAUXVAL 1
| #define HAVE_POLL 1
| #define HAVE_MEMFD_CREATE 1
| #define HAVE_POSIX_FALLOCATE 1
| #define HAVE__EXIT 1
| #define HAVE_ACOS 1
| #define HAVE_ACOSF 1
| #define HAVE_ASIN 1
| #define HAVE_ASINF 1
| #define HAVE_ATAN 1
| #define HAVE_ATANF 1
| #define HAVE_ATAN2 1
| #define HAVE_ATAN2F 1
| #define HAVE_CEIL 1
| #define HAVE_CEILF 1
| #define HAVE_COPYSIGN 1
| #define HAVE_COPYSIGNF 1
| #define HAVE_COS 1
| #define HAVE_COSF 1
| #define HAVE_EXP 1
| #define HAVE_EXPF 1
| #define HAVE_FABS 1
| #define HAVE_FABSF 1
| #define HAVE_FLOOR 1
| #define HAVE_FLOORF 1
| #define HAVE_TRUNC 1
| #define HAVE_TRUNCF 1
| #define HAVE_FMOD 1
| #define HAVE_FMODF 1
| #define HAVE_LOG 1
| #define HAVE_LOGF 1
| #define HAVE_LOG10 1
| #define HAVE_LOG10F 1
| #define HAVE_LROUND 1
| #define HAVE_LROUNDF 1
| #define HAVE_POW 1
| #define HAVE_POWF 1
| #define HAVE_ROUND 1
| #define HAVE_ROUNDF 1
| #define HAVE_SCALBN 1
| #define HAVE_SCALBNF 1
| #define HAVE_SIN 1
| #define HAVE_SINF 1
| #define HAVE_SQRT 1
| #define HAVE_SQRTF 1
| #define HAVE_TAN 1
| #define HAVE_TANF 1
| #define HAVE_ICONV 1
| #define HAVE_SA_SIGACTION 1
| #define HAVE_GCC_ATOMICS 1
| #define HAVE_IMMINTRIN_H 1
| #define SDL_VIDEO_DRIVER_DUMMY 1
| #define SDL_VIDEO_DRIVER_OFFSCREEN 1
| #define SDL_AUDIO_DRIVER_DISK 1
| #define SDL_AUDIO_DRIVER_DUMMY 1
| #define DYNAPI_NEEDS_DLOPEN 1
| #define HAVE_DLOPEN 1
| #define SDL_LOADSO_DLOPEN 1
| #define HAVE_O_CLOEXEC 1
| #define SDL_AUDIO_DRIVER_OSS 1
| #define HAVE_LIBASOUND 1
| #define SDL_AUDIO_DRIVER_ALSA 1
| #define SDL_AUDIO_DRIVER_ALSA_DYNAMIC "libasound.so.2"
| /* end confdefs.h.  */
| 
| /* Override any GCC internal prototype to avoid an error.
|    Use char because int might match the return type of a GCC
|    builtin and then its argument prototype would still apply.  */
| #ifdef __cplusplus
| extern "C"
| #endif
| char AuOpenServer ();
| int
| main ()
| {
| return AuOpenServer ();
|   ;
|   return 0;
| }
configure:15917: result: no
configure:15924: checking for NAS audio support
configure:15939: result: no
configure:15993: checking for sndio
configure:16000: $PKG_CONFIG --exists --print-errors "sndio"
Package sndio was not found in the pkg-config search path.
Perhaps you should add the directory containing `sndio.pc'
to the PKG_CONFIG_PATH environment variable
No package 'sndio' found
configure:16003: $? = 1
configure:16017: $PKG_CONFIG --exists --print-errors "sndio"
Package sndio was not found in the pkg-config search path.
Perhaps you should add the directory containing `sndio.pc'
to the PKG_CONFIG_PATH environment variable
No package 'sndio' found
configure:16020: $? = 1
configure:16034: result: no
No package 'sndio' found
configure:16275: checking samplerate.h usability
configure:16275: gcc -c -g -O2 -Iinclude -I/mnt/a57a7843-7ae2-415a-9125-4c61fa4163d9/3rdLibrary/SDL2-2.30.8/include -idirafter /mnt/a57a7843-7ae2-415a-9125-4c61fa4163d9/3rdLibrary/SDL2-2.30.8/src/video/khronos   -Iinclude -I/mnt/a57a7843-7ae2-415a-9125-4c61fa4163d9/3rdLibrary/SDL2-2.30.8/include -idirafter /mnt/a57a7843-7ae2-415a-9125-4c61fa4163d9/3rdLibrary/SDL2-2.30.8/src/video/khronos  conftest.c >&5
conftest.c:192:10: fatal error: samplerate.h: No such file or directory
  192 | #include <samplerate.h>
      |          ^~~~~~~~~~~~~~
compilation terminated.
configure:16275: $? = 1
configure: failed program was:
| /* confdefs.h */
| #define PACKAGE_NAME ""
| #define PACKAGE_TARNAME ""
| #define PACKAGE_VERSION ""
| #define PACKAGE_STRING ""
| #define PACKAGE_BUGREPORT ""
| #define PACKAGE_URL ""
| #define STDC_HEADERS 1
| #define HAVE_SYS_TYPES_H 1
| #define HAVE_SYS_STAT_H 1
| #define HAVE_STDLIB_H 1
| #define HAVE_STRING_H 1
| #define HAVE_MEMORY_H 1
| #define HAVE_STRINGS_H 1
| #define HAVE_INTTYPES_H 1
| #define HAVE_STDINT_H 1
| #define HAVE_UNISTD_H 1
| #define HAVE_DLFCN_H 1
| #define LT_OBJDIR ".libs/"
| #define HAVE_LIBC 1
| #define STDC_HEADERS 1
| #define HAVE_SYS_TYPES_H 1
| #define HAVE_STDIO_H 1
| #define HAVE_STDLIB_H 1
| #define HAVE_STDDEF_H 1
| #define HAVE_STDARG_H 1
| #define HAVE_MALLOC_H 1
| #define HAVE_MEMORY_H 1
| #define HAVE_STRING_H 1
| #define HAVE_STRINGS_H 1
| #define HAVE_WCHAR_H 1
| #define HAVE_INTTYPES_H 1
| #define HAVE_STDINT_H 1
| #define HAVE_LIMITS_H 1
| #define HAVE_CTYPE_H 1
| #define HAVE_MATH_H 1
| #define HAVE_FLOAT_H 1
| #define HAVE_ICONV_H 1
| #define HAVE_SIGNAL_H 1
| #define HAVE_M_PI /**/
| #define HAVE_ALLOCA_H 1
| #define HAVE_ALLOCA 1
| #define HAVE_MPROTECT 1
| #define HAVE_MALLOC 1
| #define HAVE_CALLOC 1
| #define HAVE_REALLOC 1
| #define HAVE_FREE 1
| #define HAVE_GETENV 1
| #define HAVE_SETENV 1
| #define HAVE_PUTENV 1
| #define HAVE_UNSETENV 1
| #define HAVE_BSEARCH 1
| #define HAVE_QSORT 1
| #define HAVE_ABS 1
| #define HAVE_BCOPY 1
| #define HAVE_MEMSET 1
| #define HAVE_MEMCMP 1
| #define HAVE_MEMCPY 1
| #define HAVE_MEMMOVE 1
| #define HAVE_WCSLEN 1
| #define HAVE_WCSDUP 1
| #define HAVE_WCSSTR 1
| #define HAVE_WCSCMP 1
| #define HAVE_WCSNCMP 1
| #define HAVE_WCSCASECMP 1
| #define HAVE_WCSNCASECMP 1
| #define HAVE_STRLEN 1
| #define HAVE_INDEX 1
| #define HAVE_RINDEX 1
| #define HAVE_STRCHR 1
| #define HAVE_STRRCHR 1
| #define HAVE_STRSTR 1
| #define HAVE_STRTOK_R 1
| #define HAVE_STRTOD 1
| #define HAVE_STRTOL 1
| #define HAVE_STRTOUL 1
| #define HAVE_STRTOLL 1
| #define HAVE_STRTOULL 1
| #define HAVE_ATOI 1
| #define HAVE_ATOF 1
| #define HAVE_STRCMP 1
| #define HAVE_STRNCMP 1
| #define HAVE_STRCASECMP 1
| #define HAVE_STRNCASECMP 1
| #define HAVE_STRCASESTR 1
| #define HAVE_VSSCANF 1
| #define HAVE_VSNPRINTF 1
| #define HAVE_FOPEN64 1
| #define HAVE_FSEEKO 1
| #define HAVE_FSEEKO64 1
| #define HAVE_SIGACTION 1
| #define HAVE_SETJMP 1
| #define HAVE_NANOSLEEP 1
| #define HAVE_SYSCONF 1
| #define HAVE_GETAUXVAL 1
| #define HAVE_POLL 1
| #define HAVE_MEMFD_CREATE 1
| #define HAVE_POSIX_FALLOCATE 1
| #define HAVE__EXIT 1
| #define HAVE_ACOS 1
| #define HAVE_ACOSF 1
| #define HAVE_ASIN 1
| #define HAVE_ASINF 1
| #define HAVE_ATAN 1
| #define HAVE_ATANF 1
| #define HAVE_ATAN2 1
| #define HAVE_ATAN2F 1
| #define HAVE_CEIL 1
| #define HAVE_CEILF 1
| #define HAVE_COPYSIGN 1
| #define HAVE_COPYSIGNF 1
| #define HAVE_COS 1
| #define HAVE_COSF 1
| #define HAVE_EXP 1
| #define HAVE_EXPF 1
| #define HAVE_FABS 1
| #define HAVE_FABSF 1
| #define HAVE_FLOOR 1
| #define HAVE_FLOORF 1
| #define HAVE_TRUNC 1
| #define HAVE_TRUNCF 1
| #define HAVE_FMOD 1
| #define HAVE_FMODF 1
| #define HAVE_LOG 1
| #define HAVE_LOGF 1
| #define HAVE_LOG10 1
| #define HAVE_LOG10F 1
| #define HAVE_LROUND 1
| #define HAVE_LROUNDF 1
| #define HAVE_POW 1
| #define HAVE_POWF 1
| #define HAVE_ROUND 1
| #define HAVE_ROUNDF 1
| #define HAVE_SCALBN 1
| #define HAVE_SCALBNF 1
| #define HAVE_SIN 1
| #define HAVE_SINF 1
| #define HAVE_SQRT 1
| #define HAVE_SQRTF 1
| #define HAVE_TAN 1
| #define HAVE_TANF 1
| #define HAVE_ICONV 1
| #define HAVE_SA_SIGACTION 1
| #define HAVE_GCC_ATOMICS 1
| #define HAVE_IMMINTRIN_H 1
| #define SDL_VIDEO_DRIVER_DUMMY 1
| #define SDL_VIDEO_DRIVER_OFFSCREEN 1
| #define SDL_AUDIO_DRIVER_DISK 1
| #define SDL_AUDIO_DRIVER_DUMMY 1
| #define DYNAPI_NEEDS_DLOPEN 1
| #define HAVE_DLOPEN 1
| #define SDL_LOADSO_DLOPEN 1
| #define HAVE_O_CLOEXEC 1
| #define SDL_AUDIO_DRIVER_OSS 1
| #define HAVE_LIBASOUND 1
| #define SDL_AUDIO_DRIVER_ALSA 1
| #define SDL_AUDIO_DRIVER_ALSA_DYNAMIC "libasound.so.2"
| /* end confdefs.h.  */
| #include <stdio.h>
| #ifdef HAVE_SYS_TYPES_H
| # include <sys/types.h>
| #endif
| #ifdef HAVE_SYS_STAT_H
| # include <sys/stat.h>
| #endif
| #ifdef STDC_HEADERS
| # include <stdlib.h>
| # include <stddef.h>
| #else
| # ifdef HAVE_STDLIB_H
| #  include <stdlib.h>
| # endif
| #endif
| #ifdef HAVE_STRING_H
| # if !defined STDC_HEADERS && defined HAVE_MEMORY_H
| #  include <memory.h>
| # endif
| # include <string.h>
| #endif
| #ifdef HAVE_STRINGS_H
| # include <strings.h>
| #endif
| #ifdef HAVE_INTTYPES_H
| # include <inttypes.h>
| #endif
| #ifdef HAVE_STDINT_H
| # include <stdint.h>
| #endif
| #ifdef HAVE_UNISTD_H
| # include <unistd.h>
| #endif
| #include <samplerate.h>
configure:16275: result: no
configure:16275: checking samplerate.h presence
configure:16275: gcc -E  -Iinclude -I/mnt/a57a7843-7ae2-415a-9125-4c61fa4163d9/3rdLibrary/SDL2-2.30.8/include -idirafter /mnt/a57a7843-7ae2-415a-9125-4c61fa4163d9/3rdLibrary/SDL2-2.30.8/src/video/khronos  conftest.c
conftest.c:159:10: fatal error: samplerate.h: No such file or directory
  159 | #include <samplerate.h>
      |          ^~~~~~~~~~~~~~
compilation terminated.
configure:16275: $? = 1
configure: failed program was:
| /* confdefs.h */
| #define PACKAGE_NAME ""
| #define PACKAGE_TARNAME ""
| #define PACKAGE_VERSION ""
| #define PACKAGE_STRING ""
| #define PACKAGE_BUGREPORT ""
| #define PACKAGE_URL ""
| #define STDC_HEADERS 1
| #define HAVE_SYS_TYPES_H 1
| #define HAVE_SYS_STAT_H 1
| #define HAVE_STDLIB_H 1
| #define HAVE_STRING_H 1
| #define HAVE_MEMORY_H 1
| #define HAVE_STRINGS_H 1
| #define HAVE_INTTYPES_H 1
| #define HAVE_STDINT_H 1
| #define HAVE_UNISTD_H 1
| #define HAVE_DLFCN_H 1
| #define LT_OBJDIR ".libs/"
| #define HAVE_LIBC 1
| #define STDC_HEADERS 1
| #define HAVE_SYS_TYPES_H 1
| #define HAVE_STDIO_H 1
| #define HAVE_STDLIB_H 1
| #define HAVE_STDDEF_H 1
| #define HAVE_STDARG_H 1
| #define HAVE_MALLOC_H 1
| #define HAVE_MEMORY_H 1
| #define HAVE_STRING_H 1
| #define HAVE_STRINGS_H 1
| #define HAVE_WCHAR_H 1
| #define HAVE_INTTYPES_H 1
| #define HAVE_STDINT_H 1
| #define HAVE_LIMITS_H 1
| #define HAVE_CTYPE_H 1
| #define HAVE_MATH_H 1
| #define HAVE_FLOAT_H 1
| #define HAVE_ICONV_H 1
| #define HAVE_SIGNAL_H 1
| #define HAVE_M_PI /**/
| #define HAVE_ALLOCA_H 1
| #define HAVE_ALLOCA 1
| #define HAVE_MPROTECT 1
| #define HAVE_MALLOC 1
| #define HAVE_CALLOC 1
| #define HAVE_REALLOC 1
| #define HAVE_FREE 1
| #define HAVE_GETENV 1
| #define HAVE_SETENV 1
| #define HAVE_PUTENV 1
| #define HAVE_UNSETENV 1
| #define HAVE_BSEARCH 1
| #define HAVE_QSORT 1
| #define HAVE_ABS 1
| #define HAVE_BCOPY 1
| #define HAVE_MEMSET 1
| #define HAVE_MEMCMP 1
| #define HAVE_MEMCPY 1
| #define HAVE_MEMMOVE 1
| #define HAVE_WCSLEN 1
| #define HAVE_WCSDUP 1
| #define HAVE_WCSSTR 1
| #define HAVE_WCSCMP 1
| #define HAVE_WCSNCMP 1
| #define HAVE_WCSCASECMP 1
| #define HAVE_WCSNCASECMP 1
| #define HAVE_STRLEN 1
| #define HAVE_INDEX 1
| #define HAVE_RINDEX 1
| #define HAVE_STRCHR 1
| #define HAVE_STRRCHR 1
| #define HAVE_STRSTR 1
| #define HAVE_STRTOK_R 1
| #define HAVE_STRTOD 1
| #define HAVE_STRTOL 1
| #define HAVE_STRTOUL 1
| #define HAVE_STRTOLL 1
| #define HAVE_STRTOULL 1
| #define HAVE_ATOI 1
| #define HAVE_ATOF 1
| #define HAVE_STRCMP 1
| #define HAVE_STRNCMP 1
| #define HAVE_STRCASECMP 1
| #define HAVE_STRNCASECMP 1
| #define HAVE_STRCASESTR 1
| #define HAVE_VSSCANF 1
| #define HAVE_VSNPRINTF 1
| #define HAVE_FOPEN64 1
| #define HAVE_FSEEKO 1
| #define HAVE_FSEEKO64 1
| #define HAVE_SIGACTION 1
| #define HAVE_SETJMP 1
| #define HAVE_NANOSLEEP 1
| #define HAVE_SYSCONF 1
| #define HAVE_GETAUXVAL 1
| #define HAVE_POLL 1
| #define HAVE_MEMFD_CREATE 1
| #define HAVE_POSIX_FALLOCATE 1
| #define HAVE__EXIT 1
| #define HAVE_ACOS 1
| #define HAVE_ACOSF 1
| #define HAVE_ASIN 1
| #define HAVE_ASINF 1
| #define HAVE_ATAN 1
| #define HAVE_ATANF 1
| #define HAVE_ATAN2 1
| #define HAVE_ATAN2F 1
| #define HAVE_CEIL 1
| #define HAVE_CEILF 1
| #define HAVE_COPYSIGN 1
| #define HAVE_COPYSIGNF 1
| #define HAVE_COS 1
| #define HAVE_COSF 1
| #define HAVE_EXP 1
| #define HAVE_EXPF 1
| #define HAVE_FABS 1
| #define HAVE_FABSF 1
| #define HAVE_FLOOR 1
| #define HAVE_FLOORF 1
| #define HAVE_TRUNC 1
| #define HAVE_TRUNCF 1
| #define HAVE_FMOD 1
| #define HAVE_FMODF 1
| #define HAVE_LOG 1
| #define HAVE_LOGF 1
| #define HAVE_LOG10 1
| #define HAVE_LOG10F 1
| #define HAVE_LROUND 1
| #define HAVE_LROUNDF 1
| #define HAVE_POW 1
| #define HAVE_POWF 1
| #define HAVE_ROUND 1
| #define HAVE_ROUNDF 1
| #define HAVE_SCALBN 1
| #define HAVE_SCALBNF 1
| #define HAVE_SIN 1
| #define HAVE_SINF 1
| #define HAVE_SQRT 1
| #define HAVE_SQRTF 1
| #define HAVE_TAN 1
| #define HAVE_TANF 1
| #define HAVE_ICONV 1
| #define HAVE_SA_SIGACTION 1
| #define HAVE_GCC_ATOMICS 1
| #define HAVE_IMMINTRIN_H 1
| #define SDL_VIDEO_DRIVER_DUMMY 1
| #define SDL_VIDEO_DRIVER_OFFSCREEN 1
| #define SDL_AUDIO_DRIVER_DISK 1
| #define SDL_AUDIO_DRIVER_DUMMY 1
| #define DYNAPI_NEEDS_DLOPEN 1
| #define HAVE_DLOPEN 1
| #define SDL_LOADSO_DLOPEN 1
| #define HAVE_O_CLOEXEC 1
| #define SDL_AUDIO_DRIVER_OSS 1
| #define HAVE_LIBASOUND 1
| #define SDL_AUDIO_DRIVER_ALSA 1
| #define SDL_AUDIO_DRIVER_ALSA_DYNAMIC "libasound.so.2"
| /* end confdefs.h.  */
| #include <samplerate.h>
configure:16275: result: no
configure:16275: checking for samplerate.h
configure:16275: result: no
configure:17093: checking for bcm_host brcmegl
configure:17100: $PKG_CONFIG --exists --print-errors "bcm_host brcmegl"
Package bcm_host was not found in the pkg-config search path.
Perhaps you should add the directory containing `bcm_host.pc'
to the PKG_CONFIG_PATH environment variable
No package 'bcm_host' found
Package brcmegl was not found in the pkg-config search path.
Perhaps you should add the directory containing `brcmegl.pc'
to the PKG_CONFIG_PATH environment variable
No package 'brcmegl' found
configure:17103: $? = 1
configure:17117: $PKG_CONFIG --exists --print-errors "bcm_host brcmegl"
Package bcm_host was not found in the pkg-config search path.
Perhaps you should add the directory containing `bcm_host.pc'
to the PKG_CONFIG_PATH environment variable
No package 'bcm_host' found
Package brcmegl was not found in the pkg-config search path.
Perhaps you should add the directory containing `brcmegl.pc'
to the PKG_CONFIG_PATH environment variable
No package 'brcmegl' found
configure:17120: $? = 1
configure:17134: result: no
No package 'bcm_host' found
No package 'brcmegl' found
configure:17179: checking for Raspberry Pi 2/3
configure:17199: gcc -o conftest -g -O2 -Iinclude -I/mnt/a57a7843-7ae2-415a-9125-4c61fa4163d9/3rdLibrary/SDL2-2.30.8/include -idirafter /mnt/a57a7843-7ae2-415a-9125-4c61fa4163d9/3rdLibrary/SDL2-2.30.8/src/video/khronos  -I/opt/vc/include -I/opt/vc/include/interface/vcos/pthreads -I/opt/vc/include/interface/vmcs_host/linux  -Iinclude -I/mnt/a57a7843-7ae2-415a-9125-4c61fa4163d9/3rdLibrary/SDL2-2.30.8/include -idirafter /mnt/a57a7843-7ae2-415a-9125-4c61fa4163d9/3rdLibrary/SDL2-2.30.8/src/video/khronos   conftest.c  -lm -Wl,-rpath,/opt/vc/lib -L/opt/vc/lib -lbcm_host >&5
conftest.c:160:20: fatal error: bcm_host.h: No such file or directory
  160 |           #include <bcm_host.h>
      |                    ^~~~~~~~~~~~
compilation terminated.
configure:17199: $? = 1
configure: failed program was:
| /* confdefs.h */
| #define PACKAGE_NAME ""
| #define PACKAGE_TARNAME ""
| #define PACKAGE_VERSION ""
| #define PACKAGE_STRING ""
| #define PACKAGE_BUGREPORT ""
| #define PACKAGE_URL ""
| #define STDC_HEADERS 1
| #define HAVE_SYS_TYPES_H 1
| #define HAVE_SYS_STAT_H 1
| #define HAVE_STDLIB_H 1
| #define HAVE_STRING_H 1
| #define HAVE_MEMORY_H 1
| #define HAVE_STRINGS_H 1
| #define HAVE_INTTYPES_H 1
| #define HAVE_STDINT_H 1
| #define HAVE_UNISTD_H 1
| #define HAVE_DLFCN_H 1
| #define LT_OBJDIR ".libs/"
| #define HAVE_LIBC 1
| #define STDC_HEADERS 1
| #define HAVE_SYS_TYPES_H 1
| #define HAVE_STDIO_H 1
| #define HAVE_STDLIB_H 1
| #define HAVE_STDDEF_H 1
| #define HAVE_STDARG_H 1
| #define HAVE_MALLOC_H 1
| #define HAVE_MEMORY_H 1
| #define HAVE_STRING_H 1
| #define HAVE_STRINGS_H 1
| #define HAVE_WCHAR_H 1
| #define HAVE_INTTYPES_H 1
| #define HAVE_STDINT_H 1
| #define HAVE_LIMITS_H 1
| #define HAVE_CTYPE_H 1
| #define HAVE_MATH_H 1
| #define HAVE_FLOAT_H 1
| #define HAVE_ICONV_H 1
| #define HAVE_SIGNAL_H 1
| #define HAVE_M_PI /**/
| #define HAVE_ALLOCA_H 1
| #define HAVE_ALLOCA 1
| #define HAVE_MPROTECT 1
| #define HAVE_MALLOC 1
| #define HAVE_CALLOC 1
| #define HAVE_REALLOC 1
| #define HAVE_FREE 1
| #define HAVE_GETENV 1
| #define HAVE_SETENV 1
| #define HAVE_PUTENV 1
| #define HAVE_UNSETENV 1
| #define HAVE_BSEARCH 1
| #define HAVE_QSORT 1
| #define HAVE_ABS 1
| #define HAVE_BCOPY 1
| #define HAVE_MEMSET 1
| #define HAVE_MEMCMP 1
| #define HAVE_MEMCPY 1
| #define HAVE_MEMMOVE 1
| #define HAVE_WCSLEN 1
| #define HAVE_WCSDUP 1
| #define HAVE_WCSSTR 1
| #define HAVE_WCSCMP 1
| #define HAVE_WCSNCMP 1
| #define HAVE_WCSCASECMP 1
| #define HAVE_WCSNCASECMP 1
| #define HAVE_STRLEN 1
| #define HAVE_INDEX 1
| #define HAVE_RINDEX 1
| #define HAVE_STRCHR 1
| #define HAVE_STRRCHR 1
| #define HAVE_STRSTR 1
| #define HAVE_STRTOK_R 1
| #define HAVE_STRTOD 1
| #define HAVE_STRTOL 1
| #define HAVE_STRTOUL 1
| #define HAVE_STRTOLL 1
| #define HAVE_STRTOULL 1
| #define HAVE_ATOI 1
| #define HAVE_ATOF 1
| #define HAVE_STRCMP 1
| #define HAVE_STRNCMP 1
| #define HAVE_STRCASECMP 1
| #define HAVE_STRNCASECMP 1
| #define HAVE_STRCASESTR 1
| #define HAVE_VSSCANF 1
| #define HAVE_VSNPRINTF 1
| #define HAVE_FOPEN64 1
| #define HAVE_FSEEKO 1
| #define HAVE_FSEEKO64 1
| #define HAVE_SIGACTION 1
| #define HAVE_SETJMP 1
| #define HAVE_NANOSLEEP 1
| #define HAVE_SYSCONF 1
| #define HAVE_GETAUXVAL 1
| #define HAVE_POLL 1
| #define HAVE_MEMFD_CREATE 1
| #define HAVE_POSIX_FALLOCATE 1
| #define HAVE__EXIT 1
| #define HAVE_ACOS 1
| #define HAVE_ACOSF 1
| #define HAVE_ASIN 1
| #define HAVE_ASINF 1
| #define HAVE_ATAN 1
| #define HAVE_ATANF 1
| #define HAVE_ATAN2 1
| #define HAVE_ATAN2F 1
| #define HAVE_CEIL 1
| #define HAVE_CEILF 1
| #define HAVE_COPYSIGN 1
| #define HAVE_COPYSIGNF 1
| #define HAVE_COS 1
| #define HAVE_COSF 1
| #define HAVE_EXP 1
| #define HAVE_EXPF 1
| #define HAVE_FABS 1
| #define HAVE_FABSF 1
| #define HAVE_FLOOR 1
| #define HAVE_FLOORF 1
| #define HAVE_TRUNC 1
| #define HAVE_TRUNCF 1
| #define HAVE_FMOD 1
| #define HAVE_FMODF 1
| #define HAVE_LOG 1
| #define HAVE_LOGF 1
| #define HAVE_LOG10 1
| #define HAVE_LOG10F 1
| #define HAVE_LROUND 1
| #define HAVE_LROUNDF 1
| #define HAVE_POW 1
| #define HAVE_POWF 1
| #define HAVE_ROUND 1
| #define HAVE_ROUNDF 1
| #define HAVE_SCALBN 1
| #define HAVE_SCALBNF 1
| #define HAVE_SIN 1
| #define HAVE_SINF 1
| #define HAVE_SQRT 1
| #define HAVE_SQRTF 1
| #define HAVE_TAN 1
| #define HAVE_TANF 1
| #define HAVE_ICONV 1
| #define HAVE_SA_SIGACTION 1
| #define HAVE_GCC_ATOMICS 1
| #define HAVE_IMMINTRIN_H 1
| #define SDL_VIDEO_DRIVER_DUMMY 1
| #define SDL_VIDEO_DRIVER_OFFSCREEN 1
| #define SDL_AUDIO_DRIVER_DISK 1
| #define SDL_AUDIO_DRIVER_DUMMY 1
| #define DYNAPI_NEEDS_DLOPEN 1
| #define HAVE_DLOPEN 1
| #define SDL_LOADSO_DLOPEN 1
| #define HAVE_O_CLOEXEC 1
| #define SDL_AUDIO_DRIVER_OSS 1
| #define HAVE_LIBASOUND 1
| #define SDL_AUDIO_DRIVER_ALSA 1
| #define SDL_AUDIO_DRIVER_ALSA_DYNAMIC "libasound.so.2"
| /* end confdefs.h.  */
| 
|           #include <bcm_host.h>
|           #include <EGL/eglplatform.h>
| 
| int
| main ()
| {
| 
|           EGL_DISPMANX_WINDOW_T window;
|           bcm_host_init();
| 
|   ;
|   return 0;
| }
configure:17204: result: no
configure:19348: checking for EGL support
configure:19369: gcc -c -g -O2 -Iinclude -I/mnt/a57a7843-7ae2-415a-9125-4c61fa4163d9/3rdLibrary/SDL2-2.30.8/include -idirafter /mnt/a57a7843-7ae2-415a-9125-4c61fa4163d9/3rdLibrary/SDL2-2.30.8/src/video/khronos   -Iinclude -I/mnt/a57a7843-7ae2-415a-9125-4c61fa4163d9/3rdLibrary/SDL2-2.30.8/include -idirafter /mnt/a57a7843-7ae2-415a-9125-4c61fa4163d9/3rdLibrary/SDL2-2.30.8/src/video/khronos  conftest.c >&5
configure:19369: $? = 0
configure:19373: result: yes
configure:19011: checking for libdrm >= 1.4.82
configure:19018: $PKG_CONFIG --exists --print-errors "libdrm >= 1.4.82"
configure:19021: $? = 0
configure:19035: $PKG_CONFIG --exists --print-errors "libdrm >= 1.4.82"
configure:19038: $? = 0
configure:19076: result: yes
configure:19082: checking for gbm >= 11.1.0
configure:19089: $PKG_CONFIG --exists --print-errors "gbm >= 11.1.0"
Package gbm was not found in the pkg-config search path.
Perhaps you should add the directory containing `gbm.pc'
to the PKG_CONFIG_PATH environment variable
No package 'gbm' found
configure:19092: $? = 1
configure:19106: $PKG_CONFIG --exists --print-errors "gbm >= 11.1.0"
Package gbm was not found in the pkg-config search path.
Perhaps you should add the directory containing `gbm.pc'
to the PKG_CONFIG_PATH environment variable
No package 'gbm' found
configure:19109: $? = 1
configure:19123: result: no
No package 'gbm' found
configure:19425: checking for OpenGL ES v1 headers
configure:19442: gcc -c -g -O2 -Iinclude -I/mnt/a57a7843-7ae2-415a-9125-4c61fa4163d9/3rdLibrary/SDL2-2.30.8/include -idirafter /mnt/a57a7843-7ae2-415a-9125-4c61fa4163d9/3rdLibrary/SDL2-2.30.8/src/video/khronos   -Iinclude -I/mnt/a57a7843-7ae2-415a-9125-4c61fa4163d9/3rdLibrary/SDL2-2.30.8/include -idirafter /mnt/a57a7843-7ae2-415a-9125-4c61fa4163d9/3rdLibrary/SDL2-2.30.8/src/video/khronos  conftest.c >&5
configure:19442: $? = 0
configure:19446: result: yes
configure:19460: checking for OpenGL ES v2 headers
configure:19477: gcc -c -g -O2 -Iinclude -I/mnt/a57a7843-7ae2-415a-9125-4c61fa4163d9/3rdLibrary/SDL2-2.30.8/include -idirafter /mnt/a57a7843-7ae2-415a-9125-4c61fa4163d9/3rdLibrary/SDL2-2.30.8/src/video/khronos   -Iinclude -I/mnt/a57a7843-7ae2-415a-9125-4c61fa4163d9/3rdLibrary/SDL2-2.30.8/include -idirafter /mnt/a57a7843-7ae2-415a-9125-4c61fa4163d9/3rdLibrary/SDL2-2.30.8/src/video/khronos  conftest.c >&5
configure:19477: $? = 0
configure:19481: result: yes
configure:19795: checking linux/input.h usability
configure:19795: gcc -c -g -O2 -Iinclude -I/mnt/a57a7843-7ae2-415a-9125-4c61fa4163d9/3rdLibrary/SDL2-2.30.8/include -idirafter /mnt/a57a7843-7ae2-415a-9125-4c61fa4163d9/3rdLibrary/SDL2-2.30.8/src/video/khronos   -Iinclude -I/mnt/a57a7843-7ae2-415a-9125-4c61fa4163d9/3rdLibrary/SDL2-2.30.8/include -idirafter /mnt/a57a7843-7ae2-415a-9125-4c61fa4163d9/3rdLibrary/SDL2-2.30.8/src/video/khronos  conftest.c >&5
configure:19795: $? = 0
configure:19795: result: yes
configure:19795: checking linux/input.h presence
configure:19795: gcc -E  -Iinclude -I/mnt/a57a7843-7ae2-415a-9125-4c61fa4163d9/3rdLibrary/SDL2-2.30.8/include -idirafter /mnt/a57a7843-7ae2-415a-9125-4c61fa4163d9/3rdLibrary/SDL2-2.30.8/src/video/khronos  conftest.c
configure:19795: $? = 0
configure:19795: result: yes
configure:19795: checking for linux/input.h
configure:19795: result: yes
configure:19806: checking for Linux 2.4 unified input interface
configure:19826: gcc -c -g -O2 -Iinclude -I/mnt/a57a7843-7ae2-415a-9125-4c61fa4163d9/3rdLibrary/SDL2-2.30.8/include -idirafter /mnt/a57a7843-7ae2-415a-9125-4c61fa4163d9/3rdLibrary/SDL2-2.30.8/src/video/khronos   -Iinclude -I/mnt/a57a7843-7ae2-415a-9125-4c61fa4163d9/3rdLibrary/SDL2-2.30.8/include -idirafter /mnt/a57a7843-7ae2-415a-9125-4c61fa4163d9/3rdLibrary/SDL2-2.30.8/src/video/khronos  conftest.c >&5
configure:19826: $? = 0
configure:19830: result: yes
configure:19963: checking libudev.h usability
configure:19963: gcc -c -g -O2 -Iinclude -I/mnt/a57a7843-7ae2-415a-9125-4c61fa4163d9/3rdLibrary/SDL2-2.30.8/include -idirafter /mnt/a57a7843-7ae2-415a-9125-4c61fa4163d9/3rdLibrary/SDL2-2.30.8/src/video/khronos   -Iinclude -I/mnt/a57a7843-7ae2-415a-9125-4c61fa4163d9/3rdLibrary/SDL2-2.30.8/include -idirafter /mnt/a57a7843-7ae2-415a-9125-4c61fa4163d9/3rdLibrary/SDL2-2.30.8/src/video/khronos  conftest.c >&5
configure:19963: $? = 0
configure:19963: result: yes
configure:19963: checking libudev.h presence
configure:19963: gcc -E  -Iinclude -I/mnt/a57a7843-7ae2-415a-9125-4c61fa4163d9/3rdLibrary/SDL2-2.30.8/include -idirafter /mnt/a57a7843-7ae2-415a-9125-4c61fa4163d9/3rdLibrary/SDL2-2.30.8/src/video/khronos  conftest.c
configure:19963: $? = 0
configure:19963: result: yes
configure:19963: checking for libudev.h
configure:19963: result: yes
configure:20001: checking for dbus-1
configure:20008: $PKG_CONFIG --exists --print-errors "dbus-1"
configure:20011: $? = 0
configure:20025: $PKG_CONFIG --exists --print-errors "dbus-1"
configure:20028: $? = 0
configure:20066: result: yes
configure:20072: checking dbus/dbus.h usability
configure:20072: gcc -c -g -O2 -Iinclude -I/mnt/a57a7843-7ae2-415a-9125-4c61fa4163d9/3rdLibrary/SDL2-2.30.8/include -idirafter /mnt/a57a7843-7ae2-415a-9125-4c61fa4163d9/3rdLibrary/SDL2-2.30.8/src/video/khronos   -Iinclude -I/mnt/a57a7843-7ae2-415a-9125-4c61fa4163d9/3rdLibrary/SDL2-2.30.8/include -idirafter /mnt/a57a7843-7ae2-415a-9125-4c61fa4163d9/3rdLibrary/SDL2-2.30.8/src/video/khronos  -I/usr/include/dbus-1.0 -I/usr/lib/x86_64-linux-gnu/dbus-1.0/include conftest.c >&5
configure:20072: $? = 0
configure:20072: result: yes
configure:20072: checking dbus/dbus.h presence
configure:20072: gcc -E  -Iinclude -I/mnt/a57a7843-7ae2-415a-9125-4c61fa4163d9/3rdLibrary/SDL2-2.30.8/include -idirafter /mnt/a57a7843-7ae2-415a-9125-4c61fa4163d9/3rdLibrary/SDL2-2.30.8/src/video/khronos  -I/usr/include/dbus-1.0 -I/usr/lib/x86_64-linux-gnu/dbus-1.0/include conftest.c
configure:20072: $? = 0
configure:20072: result: yes
configure:20072: checking for dbus/dbus.h
configure:20072: result: yes
configure:20117: checking sys/inotify.h usability
configure:20117: gcc -c -g -O2 -Iinclude -I/mnt/a57a7843-7ae2-415a-9125-4c61fa4163d9/3rdLibrary/SDL2-2.30.8/include -idirafter /mnt/a57a7843-7ae2-415a-9125-4c61fa4163d9/3rdLibrary/SDL2-2.30.8/src/video/khronos   -Iinclude -I/mnt/a57a7843-7ae2-415a-9125-4c61fa4163d9/3rdLibrary/SDL2-2.30.8/include -idirafter /mnt/a57a7843-7ae2-415a-9125-4c61fa4163d9/3rdLibrary/SDL2-2.30.8/src/video/khronos  conftest.c >&5
configure:20117: $? = 0
configure:20117: result: yes
configure:20117: checking sys/inotify.h presence
configure:20117: gcc -E  -Iinclude -I/mnt/a57a7843-7ae2-415a-9125-4c61fa4163d9/3rdLibrary/SDL2-2.30.8/include -idirafter /mnt/a57a7843-7ae2-415a-9125-4c61fa4163d9/3rdLibrary/SDL2-2.30.8/src/video/khronos  conftest.c
configure:20117: $? = 0
configure:20117: result: yes
configure:20117: checking for sys/inotify.h
configure:20117: result: yes
configure:20129: checking for inotify_init
configure:20129: gcc -o conftest -g -O2 -Iinclude -I/mnt/a57a7843-7ae2-415a-9125-4c61fa4163d9/3rdLibrary/SDL2-2.30.8/include -idirafter /mnt/a57a7843-7ae2-415a-9125-4c61fa4163d9/3rdLibrary/SDL2-2.30.8/src/video/khronos   -Iinclude -I/mnt/a57a7843-7ae2-415a-9125-4c61fa4163d9/3rdLibrary/SDL2-2.30.8/include -idirafter /mnt/a57a7843-7ae2-415a-9125-4c61fa4163d9/3rdLibrary/SDL2-2.30.8/src/video/khronos   conftest.c  -lm >&5
configure:20129: $? = 0
configure:20129: result: yes
configure:20140: checking for inotify_init1
configure:20140: gcc -o conftest -g -O2 -Iinclude -I/mnt/a57a7843-7ae2-415a-9125-4c61fa4163d9/3rdLibrary/SDL2-2.30.8/include -idirafter /mnt/a57a7843-7ae2-415a-9125-4c61fa4163d9/3rdLibrary/SDL2-2.30.8/src/video/khronos   -Iinclude -I/mnt/a57a7843-7ae2-415a-9125-4c61fa4163d9/3rdLibrary/SDL2-2.30.8/include -idirafter /mnt/a57a7843-7ae2-415a-9125-4c61fa4163d9/3rdLibrary/SDL2-2.30.8/src/video/khronos   conftest.c  -lm >&5
configure:20140: $? = 0
configure:20140: result: yes
configure:20174: checking for ibus-1.0
configure:20181: $PKG_CONFIG --exists --print-errors "ibus-1.0"
configure:20184: $? = 0
configure:20198: $PKG_CONFIG --exists --print-errors "ibus-1.0"
configure:20201: $? = 0
configure:20239: result: yes
configure:20245: checking ibus-1.0/ibus.h usability
configure:20245: gcc -c -g -O2 -Iinclude -I/mnt/a57a7843-7ae2-415a-9125-4c61fa4163d9/3rdLibrary/SDL2-2.30.8/include -idirafter /mnt/a57a7843-7ae2-415a-9125-4c61fa4163d9/3rdLibrary/SDL2-2.30.8/src/video/khronos   -Iinclude -I/mnt/a57a7843-7ae2-415a-9125-4c61fa4163d9/3rdLibrary/SDL2-2.30.8/include -idirafter /mnt/a57a7843-7ae2-415a-9125-4c61fa4163d9/3rdLibrary/SDL2-2.30.8/src/video/khronos  -pthread -I/usr/include/ibus-1.0 -I/usr/include/libmount -I/usr/include/blkid -I/usr/include/glib-2.0 -I/usr/lib/x86_64-linux-gnu/glib-2.0/include conftest.c >&5
configure:20245: $? = 0
configure:20245: result: yes
configure:20245: checking ibus-1.0/ibus.h presence
configure:20245: gcc -E  -Iinclude -I/mnt/a57a7843-7ae2-415a-9125-4c61fa4163d9/3rdLibrary/SDL2-2.30.8/include -idirafter /mnt/a57a7843-7ae2-415a-9125-4c61fa4163d9/3rdLibrary/SDL2-2.30.8/src/video/khronos  -pthread -I/usr/include/ibus-1.0 -I/usr/include/libmount -I/usr/include/blkid -I/usr/include/glib-2.0 -I/usr/lib/x86_64-linux-gnu/glib-2.0/include conftest.c
configure:20245: $? = 0
configure:20245: result: yes
configure:20245: checking for ibus-1.0/ibus.h
configure:20245: result: yes
configure:20288: checking for fcitx support
configure:20304: result: yes
configure:19842: checking for Linux kd.h
configure:19864: gcc -c -g -O2 -Iinclude -I/mnt/a57a7843-7ae2-415a-9125-4c61fa4163d9/3rdLibrary/SDL2-2.30.8/include -idirafter /mnt/a57a7843-7ae2-415a-9125-4c61fa4163d9/3rdLibrary/SDL2-2.30.8/src/video/khronos   -Iinclude -I/mnt/a57a7843-7ae2-415a-9125-4c61fa4163d9/3rdLibrary/SDL2-2.30.8/include -idirafter /mnt/a57a7843-7ae2-415a-9125-4c61fa4163d9/3rdLibrary/SDL2-2.30.8/src/video/khronos  conftest.c >&5
configure:19864: $? = 0
configure:19868: result: yes
configure:21694: checking for hidapi joystick support
configure:21696: result: yes
configure:20484: checking for pthreads
configure:20503: gcc -o conftest -g -O2 -Iinclude -I/mnt/a57a7843-7ae2-415a-9125-4c61fa4163d9/3rdLibrary/SDL2-2.30.8/include -idirafter /mnt/a57a7843-7ae2-415a-9125-4c61fa4163d9/3rdLibrary/SDL2-2.30.8/src/video/khronos  -D_REENTRANT  -Iinclude -I/mnt/a57a7843-7ae2-415a-9125-4c61fa4163d9/3rdLibrary/SDL2-2.30.8/include -idirafter /mnt/a57a7843-7ae2-415a-9125-4c61fa4163d9/3rdLibrary/SDL2-2.30.8/src/video/khronos   conftest.c  -lm -lpthread >&5
configure:20503: $? = 0
configure:20508: result: yes
configure:20528: checking for recursive mutexes
configure:20549: gcc -o conftest -g -O2 -Iinclude -I/mnt/a57a7843-7ae2-415a-9125-4c61fa4163d9/3rdLibrary/SDL2-2.30.8/include -idirafter /mnt/a57a7843-7ae2-415a-9125-4c61fa4163d9/3rdLibrary/SDL2-2.30.8/src/video/khronos  -D_REENTRANT  -Iinclude -I/mnt/a57a7843-7ae2-415a-9125-4c61fa4163d9/3rdLibrary/SDL2-2.30.8/include -idirafter /mnt/a57a7843-7ae2-415a-9125-4c61fa4163d9/3rdLibrary/SDL2-2.30.8/src/video/khronos   conftest.c  -lm -lpthread >&5
configure:20549: $? = 0
configure:20589: result: yes
configure:20594: checking for pthread semaphores
configure:20611: gcc -c -g -O2 -Iinclude -I/mnt/a57a7843-7ae2-415a-9125-4c61fa4163d9/3rdLibrary/SDL2-2.30.8/include -idirafter /mnt/a57a7843-7ae2-415a-9125-4c61fa4163d9/3rdLibrary/SDL2-2.30.8/src/video/khronos  -D_REENTRANT  -Iinclude -I/mnt/a57a7843-7ae2-415a-9125-4c61fa4163d9/3rdLibrary/SDL2-2.30.8/include -idirafter /mnt/a57a7843-7ae2-415a-9125-4c61fa4163d9/3rdLibrary/SDL2-2.30.8/src/video/khronos  conftest.c >&5
configure:20611: $? = 0
configure:20615: result: yes
configure:20619: checking for sem_timedwait
configure:20638: gcc -o conftest -g -O2 -Iinclude -I/mnt/a57a7843-7ae2-415a-9125-4c61fa4163d9/3rdLibrary/SDL2-2.30.8/include -idirafter /mnt/a57a7843-7ae2-415a-9125-4c61fa4163d9/3rdLibrary/SDL2-2.30.8/src/video/khronos  -D_REENTRANT  -Iinclude -I/mnt/a57a7843-7ae2-415a-9125-4c61fa4163d9/3rdLibrary/SDL2-2.30.8/include -idirafter /mnt/a57a7843-7ae2-415a-9125-4c61fa4163d9/3rdLibrary/SDL2-2.30.8/src/video/khronos   conftest.c  -lm -lpthread >&5
conftest.c: In function 'main':
conftest.c:189:19: warning: null argument where non-null required (argument 1) [-Wnonnull]
  189 |                   sem_timedwait(NULL, NULL);
      |                   ^~~~~~~~~~~~~
conftest.c:189:19: warning: null argument where non-null required (argument 2) [-Wnonnull]
configure:20638: $? = 0
configure:20648: result: yes
configure:20652: checking for pthread_np.h
configure:20652: gcc -c -g -O2 -Iinclude -I/mnt/a57a7843-7ae2-415a-9125-4c61fa4163d9/3rdLibrary/SDL2-2.30.8/include -idirafter /mnt/a57a7843-7ae2-415a-9125-4c61fa4163d9/3rdLibrary/SDL2-2.30.8/src/video/khronos  -D_REENTRANT  -Iinclude -I/mnt/a57a7843-7ae2-415a-9125-4c61fa4163d9/3rdLibrary/SDL2-2.30.8/include -idirafter /mnt/a57a7843-7ae2-415a-9125-4c61fa4163d9/3rdLibrary/SDL2-2.30.8/src/video/khronos  conftest.c >&5
conftest.c:184:10: fatal error: pthread_np.h: No such file or directory
  184 | #include <pthread_np.h>
      |          ^~~~~~~~~~~~~~
compilation terminated.
configure:20652: $? = 1
configure: failed program was:
| /* confdefs.h */
| #define PACKAGE_NAME ""
| #define PACKAGE_TARNAME ""
| #define PACKAGE_VERSION ""
| #define PACKAGE_STRING ""
| #define PACKAGE_BUGREPORT ""
| #define PACKAGE_URL ""
| #define STDC_HEADERS 1
| #define HAVE_SYS_TYPES_H 1
| #define HAVE_SYS_STAT_H 1
| #define HAVE_STDLIB_H 1
| #define HAVE_STRING_H 1
| #define HAVE_MEMORY_H 1
| #define HAVE_STRINGS_H 1
| #define HAVE_INTTYPES_H 1
| #define HAVE_STDINT_H 1
| #define HAVE_UNISTD_H 1
| #define HAVE_DLFCN_H 1
| #define LT_OBJDIR ".libs/"
| #define HAVE_LIBC 1
| #define STDC_HEADERS 1
| #define HAVE_SYS_TYPES_H 1
| #define HAVE_STDIO_H 1
| #define HAVE_STDLIB_H 1
| #define HAVE_STDDEF_H 1
| #define HAVE_STDARG_H 1
| #define HAVE_MALLOC_H 1
| #define HAVE_MEMORY_H 1
| #define HAVE_STRING_H 1
| #define HAVE_STRINGS_H 1
| #define HAVE_WCHAR_H 1
| #define HAVE_INTTYPES_H 1
| #define HAVE_STDINT_H 1
| #define HAVE_LIMITS_H 1
| #define HAVE_CTYPE_H 1
| #define HAVE_MATH_H 1
| #define HAVE_FLOAT_H 1
| #define HAVE_ICONV_H 1
| #define HAVE_SIGNAL_H 1
| #define HAVE_M_PI /**/
| #define HAVE_ALLOCA_H 1
| #define HAVE_ALLOCA 1
| #define HAVE_MPROTECT 1
| #define HAVE_MALLOC 1
| #define HAVE_CALLOC 1
| #define HAVE_REALLOC 1
| #define HAVE_FREE 1
| #define HAVE_GETENV 1
| #define HAVE_SETENV 1
| #define HAVE_PUTENV 1
| #define HAVE_UNSETENV 1
| #define HAVE_BSEARCH 1
| #define HAVE_QSORT 1
| #define HAVE_ABS 1
| #define HAVE_BCOPY 1
| #define HAVE_MEMSET 1
| #define HAVE_MEMCMP 1
| #define HAVE_MEMCPY 1
| #define HAVE_MEMMOVE 1
| #define HAVE_WCSLEN 1
| #define HAVE_WCSDUP 1
| #define HAVE_WCSSTR 1
| #define HAVE_WCSCMP 1
| #define HAVE_WCSNCMP 1
| #define HAVE_WCSCASECMP 1
| #define HAVE_WCSNCASECMP 1
| #define HAVE_STRLEN 1
| #define HAVE_INDEX 1
| #define HAVE_RINDEX 1
| #define HAVE_STRCHR 1
| #define HAVE_STRRCHR 1
| #define HAVE_STRSTR 1
| #define HAVE_STRTOK_R 1
| #define HAVE_STRTOD 1
| #define HAVE_STRTOL 1
| #define HAVE_STRTOUL 1
| #define HAVE_STRTOLL 1
| #define HAVE_STRTOULL 1
| #define HAVE_ATOI 1
| #define HAVE_ATOF 1
| #define HAVE_STRCMP 1
| #define HAVE_STRNCMP 1
| #define HAVE_STRCASECMP 1
| #define HAVE_STRNCASECMP 1
| #define HAVE_STRCASESTR 1
| #define HAVE_VSSCANF 1
| #define HAVE_VSNPRINTF 1
| #define HAVE_FOPEN64 1
| #define HAVE_FSEEKO 1
| #define HAVE_FSEEKO64 1
| #define HAVE_SIGACTION 1
| #define HAVE_SETJMP 1
| #define HAVE_NANOSLEEP 1
| #define HAVE_SYSCONF 1
| #define HAVE_GETAUXVAL 1
| #define HAVE_POLL 1
| #define HAVE_MEMFD_CREATE 1
| #define HAVE_POSIX_FALLOCATE 1
| #define HAVE__EXIT 1
| #define HAVE_ACOS 1
| #define HAVE_ACOSF 1
| #define HAVE_ASIN 1
| #define HAVE_ASINF 1
| #define HAVE_ATAN 1
| #define HAVE_ATANF 1
| #define HAVE_ATAN2 1
| #define HAVE_ATAN2F 1
| #define HAVE_CEIL 1
| #define HAVE_CEILF 1
| #define HAVE_COPYSIGN 1
| #define HAVE_COPYSIGNF 1
| #define HAVE_COS 1
| #define HAVE_COSF 1
| #define HAVE_EXP 1
| #define HAVE_EXPF 1
| #define HAVE_FABS 1
| #define HAVE_FABSF 1
| #define HAVE_FLOOR 1
| #define HAVE_FLOORF 1
| #define HAVE_TRUNC 1
| #define HAVE_TRUNCF 1
| #define HAVE_FMOD 1
| #define HAVE_FMODF 1
| #define HAVE_LOG 1
| #define HAVE_LOGF 1
| #define HAVE_LOG10 1
| #define HAVE_LOG10F 1
| #define HAVE_LROUND 1
| #define HAVE_LROUNDF 1
| #define HAVE_POW 1
| #define HAVE_POWF 1
| #define HAVE_ROUND 1
| #define HAVE_ROUNDF 1
| #define HAVE_SCALBN 1
| #define HAVE_SCALBNF 1
| #define HAVE_SIN 1
| #define HAVE_SINF 1
| #define HAVE_SQRT 1
| #define HAVE_SQRTF 1
| #define HAVE_TAN 1
| #define HAVE_TANF 1
| #define HAVE_ICONV 1
| #define HAVE_SA_SIGACTION 1
| #define HAVE_GCC_ATOMICS 1
| #define HAVE_IMMINTRIN_H 1
| #define SDL_VIDEO_DRIVER_DUMMY 1
| #define SDL_VIDEO_DRIVER_OFFSCREEN 1
| #define SDL_AUDIO_DRIVER_DISK 1
| #define SDL_AUDIO_DRIVER_DUMMY 1
| #define DYNAPI_NEEDS_DLOPEN 1
| #define HAVE_DLOPEN 1
| #define SDL_LOADSO_DLOPEN 1
| #define HAVE_O_CLOEXEC 1
| #define SDL_AUDIO_DRIVER_OSS 1
| #define HAVE_LIBASOUND 1
| #define SDL_AUDIO_DRIVER_ALSA 1
| #define SDL_AUDIO_DRIVER_ALSA_DYNAMIC "libasound.so.2"
| #define SDL_VIDEO_OPENGL_EGL 1
| #define SDL_VIDEO_OPENGL_ES 1
| #define SDL_VIDEO_RENDER_OGL_ES 1
| #define SDL_VIDEO_OPENGL_ES2 1
| #define SDL_VIDEO_RENDER_OGL_ES2 1
| #define SDL_VIDEO_VULKAN 1
| #define HAVE_LINUX_INPUT_H 1
| #define SDL_INPUT_LINUXEV 1
| #define HAVE_LIBUDEV_H 1
| #define SDL_UDEV_DYNAMIC "libudev.so.1"
| #define HAVE_DBUS_DBUS_H 1
| #define SDL_USE_IME 1
| #define HAVE_SYS_INOTIFY_H 1
| #define HAVE_INOTIFY_INIT 1
| #define HAVE_INOTIFY_INIT1 1
| #define HAVE_INOTIFY 1
| #define HAVE_IBUS_IBUS_H 1
| #define HAVE_FCITX 1
| #define SDL_INPUT_LINUXKD 1
| #define SDL_JOYSTICK_HIDAPI 1
| #define SDL_THREAD_PTHREAD 1
| #define SDL_THREAD_PTHREAD_RECURSIVE_MUTEX 1
| #define HAVE_SEM_TIMEDWAIT 1
| /* end confdefs.h.  */
|  #include <pthread.h>
| 
| #include <pthread_np.h>
configure:20652: result: no
configure:20668: checking for pthread_setname_np
configure:20688: gcc -o conftest -g -O2 -Iinclude -I/mnt/a57a7843-7ae2-415a-9125-4c61fa4163d9/3rdLibrary/SDL2-2.30.8/include -idirafter /mnt/a57a7843-7ae2-415a-9125-4c61fa4163d9/3rdLibrary/SDL2-2.30.8/src/video/khronos  -D_REENTRANT  -Iinclude -I/mnt/a57a7843-7ae2-415a-9125-4c61fa4163d9/3rdLibrary/SDL2-2.30.8/include -idirafter /mnt/a57a7843-7ae2-415a-9125-4c61fa4163d9/3rdLibrary/SDL2-2.30.8/src/video/khronos   conftest.c  -lm -lpthread >&5
configure:20688: $? = 0
configure:20702: result: yes
configure:20705: checking for pthread_set_name_np
configure:20725: gcc -o conftest -g -O2 -Iinclude -I/mnt/a57a7843-7ae2-415a-9125-4c61fa4163d9/3rdLibrary/SDL2-2.30.8/include -idirafter /mnt/a57a7843-7ae2-415a-9125-4c61fa4163d9/3rdLibrary/SDL2-2.30.8/src/video/khronos  -D_REENTRANT  -Iinclude -I/mnt/a57a7843-7ae2-415a-9125-4c61fa4163d9/3rdLibrary/SDL2-2.30.8/include -idirafter /mnt/a57a7843-7ae2-415a-9125-4c61fa4163d9/3rdLibrary/SDL2-2.30.8/src/video/khronos   conftest.c  -lm -lpthread >&5
/usr/bin/ld: /tmp/ccbkQFjn.o: in function `main':
/mnt/a57a7843-7ae2-415a-9125-4c61fa4163d9/3rdLibrary/SDL2-2.30.8/conftest.c:194: undefined reference to `pthread_set_name_np'
collect2: error: ld returned 1 exit status
configure:20725: $? = 1
configure: failed program was:
| /* confdefs.h */
| #define PACKAGE_NAME ""
| #define PACKAGE_TARNAME ""
| #define PACKAGE_VERSION ""
| #define PACKAGE_STRING ""
| #define PACKAGE_BUGREPORT ""
| #define PACKAGE_URL ""
| #define STDC_HEADERS 1
| #define HAVE_SYS_TYPES_H 1
| #define HAVE_SYS_STAT_H 1
| #define HAVE_STDLIB_H 1
| #define HAVE_STRING_H 1
| #define HAVE_MEMORY_H 1
| #define HAVE_STRINGS_H 1
| #define HAVE_INTTYPES_H 1
| #define HAVE_STDINT_H 1
| #define HAVE_UNISTD_H 1
| #define HAVE_DLFCN_H 1
| #define LT_OBJDIR ".libs/"
| #define HAVE_LIBC 1
| #define STDC_HEADERS 1
| #define HAVE_SYS_TYPES_H 1
| #define HAVE_STDIO_H 1
| #define HAVE_STDLIB_H 1
| #define HAVE_STDDEF_H 1
| #define HAVE_STDARG_H 1
| #define HAVE_MALLOC_H 1
| #define HAVE_MEMORY_H 1
| #define HAVE_STRING_H 1
| #define HAVE_STRINGS_H 1
| #define HAVE_WCHAR_H 1
| #define HAVE_INTTYPES_H 1
| #define HAVE_STDINT_H 1
| #define HAVE_LIMITS_H 1
| #define HAVE_CTYPE_H 1
| #define HAVE_MATH_H 1
| #define HAVE_FLOAT_H 1
| #define HAVE_ICONV_H 1
| #define HAVE_SIGNAL_H 1
| #define HAVE_M_PI /**/
| #define HAVE_ALLOCA_H 1
| #define HAVE_ALLOCA 1
| #define HAVE_MPROTECT 1
| #define HAVE_MALLOC 1
| #define HAVE_CALLOC 1
| #define HAVE_REALLOC 1
| #define HAVE_FREE 1
| #define HAVE_GETENV 1
| #define HAVE_SETENV 1
| #define HAVE_PUTENV 1
| #define HAVE_UNSETENV 1
| #define HAVE_BSEARCH 1
| #define HAVE_QSORT 1
| #define HAVE_ABS 1
| #define HAVE_BCOPY 1
| #define HAVE_MEMSET 1
| #define HAVE_MEMCMP 1
| #define HAVE_MEMCPY 1
| #define HAVE_MEMMOVE 1
| #define HAVE_WCSLEN 1
| #define HAVE_WCSDUP 1
| #define HAVE_WCSSTR 1
| #define HAVE_WCSCMP 1
| #define HAVE_WCSNCMP 1
| #define HAVE_WCSCASECMP 1
| #define HAVE_WCSNCASECMP 1
| #define HAVE_STRLEN 1
| #define HAVE_INDEX 1
| #define HAVE_RINDEX 1
| #define HAVE_STRCHR 1
| #define HAVE_STRRCHR 1
| #define HAVE_STRSTR 1
| #define HAVE_STRTOK_R 1
| #define HAVE_STRTOD 1
| #define HAVE_STRTOL 1
| #define HAVE_STRTOUL 1
| #define HAVE_STRTOLL 1
| #define HAVE_STRTOULL 1
| #define HAVE_ATOI 1
| #define HAVE_ATOF 1
| #define HAVE_STRCMP 1
| #define HAVE_STRNCMP 1
| #define HAVE_STRCASECMP 1
| #define HAVE_STRNCASECMP 1
| #define HAVE_STRCASESTR 1
| #define HAVE_VSSCANF 1
| #define HAVE_VSNPRINTF 1
| #define HAVE_FOPEN64 1
| #define HAVE_FSEEKO 1
| #define HAVE_FSEEKO64 1
| #define HAVE_SIGACTION 1
| #define HAVE_SETJMP 1
| #define HAVE_NANOSLEEP 1
| #define HAVE_SYSCONF 1
| #define HAVE_GETAUXVAL 1
| #define HAVE_POLL 1
| #define HAVE_MEMFD_CREATE 1
| #define HAVE_POSIX_FALLOCATE 1
| #define HAVE__EXIT 1
| #define HAVE_ACOS 1
| #define HAVE_ACOSF 1
| #define HAVE_ASIN 1
| #define HAVE_ASINF 1
| #define HAVE_ATAN 1
| #define HAVE_ATANF 1
| #define HAVE_ATAN2 1
| #define HAVE_ATAN2F 1
| #define HAVE_CEIL 1
| #define HAVE_CEILF 1
| #define HAVE_COPYSIGN 1
| #define HAVE_COPYSIGNF 1
| #define HAVE_COS 1
| #define HAVE_COSF 1
| #define HAVE_EXP 1
| #define HAVE_EXPF 1
| #define HAVE_FABS 1
| #define HAVE_FABSF 1
| #define HAVE_FLOOR 1
| #define HAVE_FLOORF 1
| #define HAVE_TRUNC 1
| #define HAVE_TRUNCF 1
| #define HAVE_FMOD 1
| #define HAVE_FMODF 1
| #define HAVE_LOG 1
| #define HAVE_LOGF 1
| #define HAVE_LOG10 1
| #define HAVE_LOG10F 1
| #define HAVE_LROUND 1
| #define HAVE_LROUNDF 1
| #define HAVE_POW 1
| #define HAVE_POWF 1
| #define HAVE_ROUND 1
| #define HAVE_ROUNDF 1
| #define HAVE_SCALBN 1
| #define HAVE_SCALBNF 1
| #define HAVE_SIN 1
| #define HAVE_SINF 1
| #define HAVE_SQRT 1
| #define HAVE_SQRTF 1
| #define HAVE_TAN 1
| #define HAVE_TANF 1
| #define HAVE_ICONV 1
| #define HAVE_SA_SIGACTION 1
| #define HAVE_GCC_ATOMICS 1
| #define HAVE_IMMINTRIN_H 1
| #define SDL_VIDEO_DRIVER_DUMMY 1
| #define SDL_VIDEO_DRIVER_OFFSCREEN 1
| #define SDL_AUDIO_DRIVER_DISK 1
| #define SDL_AUDIO_DRIVER_DUMMY 1
| #define DYNAPI_NEEDS_DLOPEN 1
| #define HAVE_DLOPEN 1
| #define SDL_LOADSO_DLOPEN 1
| #define HAVE_O_CLOEXEC 1
| #define SDL_AUDIO_DRIVER_OSS 1
| #define HAVE_LIBASOUND 1
| #define SDL_AUDIO_DRIVER_ALSA 1
| #define SDL_AUDIO_DRIVER_ALSA_DYNAMIC "libasound.so.2"
| #define SDL_VIDEO_OPENGL_EGL 1
| #define SDL_VIDEO_OPENGL_ES 1
| #define SDL_VIDEO_RENDER_OGL_ES 1
| #define SDL_VIDEO_OPENGL_ES2 1
| #define SDL_VIDEO_RENDER_OGL_ES2 1
| #define SDL_VIDEO_VULKAN 1
| #define HAVE_LINUX_INPUT_H 1
| #define SDL_INPUT_LINUXEV 1
| #define HAVE_LIBUDEV_H 1
| #define SDL_UDEV_DYNAMIC "libudev.so.1"
| #define HAVE_DBUS_DBUS_H 1
| #define SDL_USE_IME 1
| #define HAVE_SYS_INOTIFY_H 1
| #define HAVE_INOTIFY_INIT 1
| #define HAVE_INOTIFY_INIT1 1
| #define HAVE_INOTIFY 1
| #define HAVE_IBUS_IBUS_H 1
| #define HAVE_FCITX 1
| #define SDL_INPUT_LINUXKD 1
| #define SDL_JOYSTICK_HIDAPI 1
| #define SDL_THREAD_PTHREAD 1
| #define SDL_THREAD_PTHREAD_RECURSIVE_MUTEX 1
| #define HAVE_SEM_TIMEDWAIT 1
| #define HAVE_PTHREAD_SETNAME_NP 1
| /* end confdefs.h.  */
| 
| /* Override any GCC internal prototype to avoid an error.
|    Use char because int might match the return type of a GCC
|    builtin and then its argument prototype would still apply.  */
| #ifdef __cplusplus
| extern "C"
| #endif
| char pthread_set_name_np ();
| int
| main ()
| {
| return pthread_set_name_np ();
|   ;
|   return 0;
| }
configure:20739: result: no
configure:21718: checking for clock_gettime in -lc
configure:21743: gcc -o conftest -g -O2 -Iinclude -I/mnt/a57a7843-7ae2-415a-9125-4c61fa4163d9/3rdLibrary/SDL2-2.30.8/include -idirafter /mnt/a57a7843-7ae2-415a-9125-4c61fa4163d9/3rdLibrary/SDL2-2.30.8/src/video/khronos   -Iinclude -I/mnt/a57a7843-7ae2-415a-9125-4c61fa4163d9/3rdLibrary/SDL2-2.30.8/include -idirafter /mnt/a57a7843-7ae2-415a-9125-4c61fa4163d9/3rdLibrary/SDL2-2.30.8/src/video/khronos   conftest.c -lc   -lm >&5
configure:21743: $? = 0
configure:21752: result: yes
configure:21815: checking linux/version.h usability
configure:21815: gcc -c -g -O2 -Iinclude -I/mnt/a57a7843-7ae2-415a-9125-4c61fa4163d9/3rdLibrary/SDL2-2.30.8/include -idirafter /mnt/a57a7843-7ae2-415a-9125-4c61fa4163d9/3rdLibrary/SDL2-2.30.8/src/video/khronos   -Iinclude -I/mnt/a57a7843-7ae2-415a-9125-4c61fa4163d9/3rdLibrary/SDL2-2.30.8/include -idirafter /mnt/a57a7843-7ae2-415a-9125-4c61fa4163d9/3rdLibrary/SDL2-2.30.8/src/video/khronos  conftest.c >&5
configure:21815: $? = 0
configure:21815: result: yes
configure:21815: checking linux/version.h presence
configure:21815: gcc -E  -Iinclude -I/mnt/a57a7843-7ae2-415a-9125-4c61fa4163d9/3rdLibrary/SDL2-2.30.8/include -idirafter /mnt/a57a7843-7ae2-415a-9125-4c61fa4163d9/3rdLibrary/SDL2-2.30.8/src/video/khronos  conftest.c
configure:21815: $? = 0
configure:21815: result: yes
configure:21815: checking for linux/version.h
configure:21815: result: yes
configure:18658: checking for Vivante VDK API
configure:18676: gcc -c -g -O2 -Iinclude -I/mnt/a57a7843-7ae2-415a-9125-4c61fa4163d9/3rdLibrary/SDL2-2.30.8/include -idirafter /mnt/a57a7843-7ae2-415a-9125-4c61fa4163d9/3rdLibrary/SDL2-2.30.8/src/video/khronos   -Iinclude -I/mnt/a57a7843-7ae2-415a-9125-4c61fa4163d9/3rdLibrary/SDL2-2.30.8/include -idirafter /mnt/a57a7843-7ae2-415a-9125-4c61fa4163d9/3rdLibrary/SDL2-2.30.8/src/video/khronos  conftest.c >&5
conftest.c:187:20: fatal error: gc_vdk.h: No such file or directory
  187 |           #include <gc_vdk.h>
      |                    ^~~~~~~~~~
compilation terminated.
configure:18676: $? = 1
configure: failed program was:
| /* confdefs.h */
| #define PACKAGE_NAME ""
| #define PACKAGE_TARNAME ""
| #define PACKAGE_VERSION ""
| #define PACKAGE_STRING ""
| #define PACKAGE_BUGREPORT ""
| #define PACKAGE_URL ""
| #define STDC_HEADERS 1
| #define HAVE_SYS_TYPES_H 1
| #define HAVE_SYS_STAT_H 1
| #define HAVE_STDLIB_H 1
| #define HAVE_STRING_H 1
| #define HAVE_MEMORY_H 1
| #define HAVE_STRINGS_H 1
| #define HAVE_INTTYPES_H 1
| #define HAVE_STDINT_H 1
| #define HAVE_UNISTD_H 1
| #define HAVE_DLFCN_H 1
| #define LT_OBJDIR ".libs/"
| #define HAVE_LIBC 1
| #define STDC_HEADERS 1
| #define HAVE_SYS_TYPES_H 1
| #define HAVE_STDIO_H 1
| #define HAVE_STDLIB_H 1
| #define HAVE_STDDEF_H 1
| #define HAVE_STDARG_H 1
| #define HAVE_MALLOC_H 1
| #define HAVE_MEMORY_H 1
| #define HAVE_STRING_H 1
| #define HAVE_STRINGS_H 1
| #define HAVE_WCHAR_H 1
| #define HAVE_INTTYPES_H 1
| #define HAVE_STDINT_H 1
| #define HAVE_LIMITS_H 1
| #define HAVE_CTYPE_H 1
| #define HAVE_MATH_H 1
| #define HAVE_FLOAT_H 1
| #define HAVE_ICONV_H 1
| #define HAVE_SIGNAL_H 1
| #define HAVE_M_PI /**/
| #define HAVE_ALLOCA_H 1
| #define HAVE_ALLOCA 1
| #define HAVE_MPROTECT 1
| #define HAVE_MALLOC 1
| #define HAVE_CALLOC 1
| #define HAVE_REALLOC 1
| #define HAVE_FREE 1
| #define HAVE_GETENV 1
| #define HAVE_SETENV 1
| #define HAVE_PUTENV 1
| #define HAVE_UNSETENV 1
| #define HAVE_BSEARCH 1
| #define HAVE_QSORT 1
| #define HAVE_ABS 1
| #define HAVE_BCOPY 1
| #define HAVE_MEMSET 1
| #define HAVE_MEMCMP 1
| #define HAVE_MEMCPY 1
| #define HAVE_MEMMOVE 1
| #define HAVE_WCSLEN 1
| #define HAVE_WCSDUP 1
| #define HAVE_WCSSTR 1
| #define HAVE_WCSCMP 1
| #define HAVE_WCSNCMP 1
| #define HAVE_WCSCASECMP 1
| #define HAVE_WCSNCASECMP 1
| #define HAVE_STRLEN 1
| #define HAVE_INDEX 1
| #define HAVE_RINDEX 1
| #define HAVE_STRCHR 1
| #define HAVE_STRRCHR 1
| #define HAVE_STRSTR 1
| #define HAVE_STRTOK_R 1
| #define HAVE_STRTOD 1
| #define HAVE_STRTOL 1
| #define HAVE_STRTOUL 1
| #define HAVE_STRTOLL 1
| #define HAVE_STRTOULL 1
| #define HAVE_ATOI 1
| #define HAVE_ATOF 1
| #define HAVE_STRCMP 1
| #define HAVE_STRNCMP 1
| #define HAVE_STRCASECMP 1
| #define HAVE_STRNCASECMP 1
| #define HAVE_STRCASESTR 1
| #define HAVE_VSSCANF 1
| #define HAVE_VSNPRINTF 1
| #define HAVE_FOPEN64 1
| #define HAVE_FSEEKO 1
| #define HAVE_FSEEKO64 1
| #define HAVE_SIGACTION 1
| #define HAVE_SETJMP 1
| #define HAVE_NANOSLEEP 1
| #define HAVE_SYSCONF 1
| #define HAVE_GETAUXVAL 1
| #define HAVE_POLL 1
| #define HAVE_MEMFD_CREATE 1
| #define HAVE_POSIX_FALLOCATE 1
| #define HAVE__EXIT 1
| #define HAVE_ACOS 1
| #define HAVE_ACOSF 1
| #define HAVE_ASIN 1
| #define HAVE_ASINF 1
| #define HAVE_ATAN 1
| #define HAVE_ATANF 1
| #define HAVE_ATAN2 1
| #define HAVE_ATAN2F 1
| #define HAVE_CEIL 1
| #define HAVE_CEILF 1
| #define HAVE_COPYSIGN 1
| #define HAVE_COPYSIGNF 1
| #define HAVE_COS 1
| #define HAVE_COSF 1
| #define HAVE_EXP 1
| #define HAVE_EXPF 1
| #define HAVE_FABS 1
| #define HAVE_FABSF 1
| #define HAVE_FLOOR 1
| #define HAVE_FLOORF 1
| #define HAVE_TRUNC 1
| #define HAVE_TRUNCF 1
| #define HAVE_FMOD 1
| #define HAVE_FMODF 1
| #define HAVE_LOG 1
| #define HAVE_LOGF 1
| #define HAVE_LOG10 1
| #define HAVE_LOG10F 1
| #define HAVE_LROUND 1
| #define HAVE_LROUNDF 1
| #define HAVE_POW 1
| #define HAVE_POWF 1
| #define HAVE_ROUND 1
| #define HAVE_ROUNDF 1
| #define HAVE_SCALBN 1
| #define HAVE_SCALBNF 1
| #define HAVE_SIN 1
| #define HAVE_SINF 1
| #define HAVE_SQRT 1
| #define HAVE_SQRTF 1
| #define HAVE_TAN 1
| #define HAVE_TANF 1
| #define HAVE_ICONV 1
| #define HAVE_SA_SIGACTION 1
| #define HAVE_GCC_ATOMICS 1
| #define HAVE_IMMINTRIN_H 1
| #define SDL_VIDEO_DRIVER_DUMMY 1
| #define SDL_VIDEO_DRIVER_OFFSCREEN 1
| #define SDL_AUDIO_DRIVER_DISK 1
| #define SDL_AUDIO_DRIVER_DUMMY 1
| #define DYNAPI_NEEDS_DLOPEN 1
| #define HAVE_DLOPEN 1
| #define SDL_LOADSO_DLOPEN 1
| #define HAVE_O_CLOEXEC 1
| #define SDL_AUDIO_DRIVER_OSS 1
| #define HAVE_LIBASOUND 1
| #define SDL_AUDIO_DRIVER_ALSA 1
| #define SDL_AUDIO_DRIVER_ALSA_DYNAMIC "libasound.so.2"
| #define SDL_VIDEO_OPENGL_EGL 1
| #define SDL_VIDEO_OPENGL_ES 1
| #define SDL_VIDEO_RENDER_OGL_ES 1
| #define SDL_VIDEO_OPENGL_ES2 1
| #define SDL_VIDEO_RENDER_OGL_ES2 1
| #define SDL_VIDEO_VULKAN 1
| #define HAVE_LINUX_INPUT_H 1
| #define SDL_INPUT_LINUXEV 1
| #define HAVE_LIBUDEV_H 1
| #define SDL_UDEV_DYNAMIC "libudev.so.1"
| #define HAVE_DBUS_DBUS_H 1
| #define SDL_USE_IME 1
| #define HAVE_SYS_INOTIFY_H 1
| #define HAVE_INOTIFY_INIT 1
| #define HAVE_INOTIFY_INIT1 1
| #define HAVE_INOTIFY 1
| #define HAVE_IBUS_IBUS_H 1
| #define HAVE_FCITX 1
| #define SDL_INPUT_LINUXKD 1
| #define SDL_JOYSTICK_HIDAPI 1
| #define SDL_THREAD_PTHREAD 1
| #define SDL_THREAD_PTHREAD_RECURSIVE_MUTEX 1
| #define HAVE_SEM_TIMEDWAIT 1
| #define HAVE_PTHREAD_SETNAME_NP 1
| #define HAVE_CLOCK_GETTIME 1
| /* end confdefs.h.  */
| 
|           #define LINUX
|           #define EGL_API_FB
|           #include <gc_vdk.h>
| 
| int
| main ()
| {
| 
|   ;
|   return 0;
| }
configure:18680: result: no
configure:18683: checking for Vivante FB API
configure:18701: gcc -c -g -O2 -Iinclude -I/mnt/a57a7843-7ae2-415a-9125-4c61fa4163d9/3rdLibrary/SDL2-2.30.8/include -idirafter /mnt/a57a7843-7ae2-415a-9125-4c61fa4163d9/3rdLibrary/SDL2-2.30.8/src/video/khronos   -Iinclude -I/mnt/a57a7843-7ae2-415a-9125-4c61fa4163d9/3rdLibrary/SDL2-2.30.8/include -idirafter /mnt/a57a7843-7ae2-415a-9125-4c61fa4163d9/3rdLibrary/SDL2-2.30.8/src/video/khronos  conftest.c >&5
conftest.c:187:20: fatal error: EGL/eglvivante.h: No such file or directory
  187 |           #include <EGL/eglvivante.h>
      |                    ^~~~~~~~~~~~~~~~~~
compilation terminated.
configure:18701: $? = 1
configure: failed program was:
| /* confdefs.h */
| #define PACKAGE_NAME ""
| #define PACKAGE_TARNAME ""
| #define PACKAGE_VERSION ""
| #define PACKAGE_STRING ""
| #define PACKAGE_BUGREPORT ""
| #define PACKAGE_URL ""
| #define STDC_HEADERS 1
| #define HAVE_SYS_TYPES_H 1
| #define HAVE_SYS_STAT_H 1
| #define HAVE_STDLIB_H 1
| #define HAVE_STRING_H 1
| #define HAVE_MEMORY_H 1
| #define HAVE_STRINGS_H 1
| #define HAVE_INTTYPES_H 1
| #define HAVE_STDINT_H 1
| #define HAVE_UNISTD_H 1
| #define HAVE_DLFCN_H 1
| #define LT_OBJDIR ".libs/"
| #define HAVE_LIBC 1
| #define STDC_HEADERS 1
| #define HAVE_SYS_TYPES_H 1
| #define HAVE_STDIO_H 1
| #define HAVE_STDLIB_H 1
| #define HAVE_STDDEF_H 1
| #define HAVE_STDARG_H 1
| #define HAVE_MALLOC_H 1
| #define HAVE_MEMORY_H 1
| #define HAVE_STRING_H 1
| #define HAVE_STRINGS_H 1
| #define HAVE_WCHAR_H 1
| #define HAVE_INTTYPES_H 1
| #define HAVE_STDINT_H 1
| #define HAVE_LIMITS_H 1
| #define HAVE_CTYPE_H 1
| #define HAVE_MATH_H 1
| #define HAVE_FLOAT_H 1
| #define HAVE_ICONV_H 1
| #define HAVE_SIGNAL_H 1
| #define HAVE_M_PI /**/
| #define HAVE_ALLOCA_H 1
| #define HAVE_ALLOCA 1
| #define HAVE_MPROTECT 1
| #define HAVE_MALLOC 1
| #define HAVE_CALLOC 1
| #define HAVE_REALLOC 1
| #define HAVE_FREE 1
| #define HAVE_GETENV 1
| #define HAVE_SETENV 1
| #define HAVE_PUTENV 1
| #define HAVE_UNSETENV 1
| #define HAVE_BSEARCH 1
| #define HAVE_QSORT 1
| #define HAVE_ABS 1
| #define HAVE_BCOPY 1
| #define HAVE_MEMSET 1
| #define HAVE_MEMCMP 1
| #define HAVE_MEMCPY 1
| #define HAVE_MEMMOVE 1
| #define HAVE_WCSLEN 1
| #define HAVE_WCSDUP 1
| #define HAVE_WCSSTR 1
| #define HAVE_WCSCMP 1
| #define HAVE_WCSNCMP 1
| #define HAVE_WCSCASECMP 1
| #define HAVE_WCSNCASECMP 1
| #define HAVE_STRLEN 1
| #define HAVE_INDEX 1
| #define HAVE_RINDEX 1
| #define HAVE_STRCHR 1
| #define HAVE_STRRCHR 1
| #define HAVE_STRSTR 1
| #define HAVE_STRTOK_R 1
| #define HAVE_STRTOD 1
| #define HAVE_STRTOL 1
| #define HAVE_STRTOUL 1
| #define HAVE_STRTOLL 1
| #define HAVE_STRTOULL 1
| #define HAVE_ATOI 1
| #define HAVE_ATOF 1
| #define HAVE_STRCMP 1
| #define HAVE_STRNCMP 1
| #define HAVE_STRCASECMP 1
| #define HAVE_STRNCASECMP 1
| #define HAVE_STRCASESTR 1
| #define HAVE_VSSCANF 1
| #define HAVE_VSNPRINTF 1
| #define HAVE_FOPEN64 1
| #define HAVE_FSEEKO 1
| #define HAVE_FSEEKO64 1
| #define HAVE_SIGACTION 1
| #define HAVE_SETJMP 1
| #define HAVE_NANOSLEEP 1
| #define HAVE_SYSCONF 1
| #define HAVE_GETAUXVAL 1
| #define HAVE_POLL 1
| #define HAVE_MEMFD_CREATE 1
| #define HAVE_POSIX_FALLOCATE 1
| #define HAVE__EXIT 1
| #define HAVE_ACOS 1
| #define HAVE_ACOSF 1
| #define HAVE_ASIN 1
| #define HAVE_ASINF 1
| #define HAVE_ATAN 1
| #define HAVE_ATANF 1
| #define HAVE_ATAN2 1
| #define HAVE_ATAN2F 1
| #define HAVE_CEIL 1
| #define HAVE_CEILF 1
| #define HAVE_COPYSIGN 1
| #define HAVE_COPYSIGNF 1
| #define HAVE_COS 1
| #define HAVE_COSF 1
| #define HAVE_EXP 1
| #define HAVE_EXPF 1
| #define HAVE_FABS 1
| #define HAVE_FABSF 1
| #define HAVE_FLOOR 1
| #define HAVE_FLOORF 1
| #define HAVE_TRUNC 1
| #define HAVE_TRUNCF 1
| #define HAVE_FMOD 1
| #define HAVE_FMODF 1
| #define HAVE_LOG 1
| #define HAVE_LOGF 1
| #define HAVE_LOG10 1
| #define HAVE_LOG10F 1
| #define HAVE_LROUND 1
| #define HAVE_LROUNDF 1
| #define HAVE_POW 1
| #define HAVE_POWF 1
| #define HAVE_ROUND 1
| #define HAVE_ROUNDF 1
| #define HAVE_SCALBN 1
| #define HAVE_SCALBNF 1
| #define HAVE_SIN 1
| #define HAVE_SINF 1
| #define HAVE_SQRT 1
| #define HAVE_SQRTF 1
| #define HAVE_TAN 1
| #define HAVE_TANF 1
| #define HAVE_ICONV 1
| #define HAVE_SA_SIGACTION 1
| #define HAVE_GCC_ATOMICS 1
| #define HAVE_IMMINTRIN_H 1
| #define SDL_VIDEO_DRIVER_DUMMY 1
| #define SDL_VIDEO_DRIVER_OFFSCREEN 1
| #define SDL_AUDIO_DRIVER_DISK 1
| #define SDL_AUDIO_DRIVER_DUMMY 1
| #define DYNAPI_NEEDS_DLOPEN 1
| #define HAVE_DLOPEN 1
| #define SDL_LOADSO_DLOPEN 1
| #define HAVE_O_CLOEXEC 1
| #define SDL_AUDIO_DRIVER_OSS 1
| #define HAVE_LIBASOUND 1
| #define SDL_AUDIO_DRIVER_ALSA 1
| #define SDL_AUDIO_DRIVER_ALSA_DYNAMIC "libasound.so.2"
| #define SDL_VIDEO_OPENGL_EGL 1
| #define SDL_VIDEO_OPENGL_ES 1
| #define SDL_VIDEO_RENDER_OGL_ES 1
| #define SDL_VIDEO_OPENGL_ES2 1
| #define SDL_VIDEO_RENDER_OGL_ES2 1
| #define SDL_VIDEO_VULKAN 1
| #define HAVE_LINUX_INPUT_H 1
| #define SDL_INPUT_LINUXEV 1
| #define HAVE_LIBUDEV_H 1
| #define SDL_UDEV_DYNAMIC "libudev.so.1"
| #define HAVE_DBUS_DBUS_H 1
| #define SDL_USE_IME 1
| #define HAVE_SYS_INOTIFY_H 1
| #define HAVE_INOTIFY_INIT 1
| #define HAVE_INOTIFY_INIT1 1
| #define HAVE_INOTIFY 1
| #define HAVE_IBUS_IBUS_H 1
| #define HAVE_FCITX 1
| #define SDL_INPUT_LINUXKD 1
| #define SDL_JOYSTICK_HIDAPI 1
| #define SDL_THREAD_PTHREAD 1
| #define SDL_THREAD_PTHREAD_RECURSIVE_MUTEX 1
| #define HAVE_SEM_TIMEDWAIT 1
| #define HAVE_PTHREAD_SETNAME_NP 1
| #define HAVE_CLOCK_GETTIME 1
| /* end confdefs.h.  */
| 
|           #define LINUX
|           #define EGL_API_FB
|           #include <EGL/eglvivante.h>
| 
| int
| main ()
| {
| 
|   ;
|   return 0;
| }
configure:18705: result: no
configure:23013: checking whether to install sdl2-config
configure:23027: result: yes
configure:23207: checking for linker option --enable-new-dtags
configure:23223: gcc -o conftest -g -O2 -Iinclude -I/mnt/a57a7843-7ae2-415a-9125-4c61fa4163d9/3rdLibrary/SDL2-2.30.8/include -idirafter /mnt/a57a7843-7ae2-415a-9125-4c61fa4163d9/3rdLibrary/SDL2-2.30.8/src/video/khronos   -Iinclude -I/mnt/a57a7843-7ae2-415a-9125-4c61fa4163d9/3rdLibrary/SDL2-2.30.8/include -idirafter /mnt/a57a7843-7ae2-415a-9125-4c61fa4163d9/3rdLibrary/SDL2-2.30.8/src/video/khronos   -Wl,--enable-new-dtags conftest.c  -lm >&5
configure:23223: $? = 0
configure:23232: result: yes
configure:23578: creating ./config.status

## ---------------------- ##
## Running config.status. ##
## ---------------------- ##

This file was extended by config.status, which was
generated by GNU Autoconf 2.69.  Invocation command line was

  CONFIG_FILES    = 
  CONFIG_HEADERS  = 
  CONFIG_LINKS    = 
  CONFIG_COMMANDS = 
  $ ./config.status 

on ubuntu

config.status:1459: creating Makefile
config.status:1459: creating sdl2-config
config.status:1459: creating sdl2-config.cmake
config.status:1459: creating sdl2-config-version.cmake
config.status:1459: creating SDL2.spec
config.status:1459: creating sdl2.pc
config.status:1459: creating include/SDL_config.h
config.status:1633: executing libtool commands
config.status:1633: executing sdl2_config commands
config.status:1633: executing summary commands
configure:26100: WARNING: unrecognized options: --enable-test

## ---------------- ##
## Cache variables. ##
## ---------------- ##

ac_cv_build=x86_64-pc-linux-gnu
ac_cv_c_compiler_gnu=yes
ac_cv_c_const=yes
ac_cv_c_inline=inline
ac_cv_c_volatile=yes
ac_cv_cxx_compiler_gnu=yes
ac_cv_define_M_PI=yes
ac_cv_env_CCC_set=
ac_cv_env_CCC_value=
ac_cv_env_CC_set=
ac_cv_env_CC_value=
ac_cv_env_CFLAGS_set=
ac_cv_env_CFLAGS_value=
ac_cv_env_CPPFLAGS_set=
ac_cv_env_CPPFLAGS_value=
ac_cv_env_CPP_set=
ac_cv_env_CPP_value=
ac_cv_env_CXXCPP_set=
ac_cv_env_CXXCPP_value=
ac_cv_env_CXXFLAGS_set=
ac_cv_env_CXXFLAGS_value=
ac_cv_env_CXX_set=
ac_cv_env_CXX_value=
ac_cv_env_DBUS_CFLAGS_set=
ac_cv_env_DBUS_CFLAGS_value=
ac_cv_env_DBUS_LIBS_set=
ac_cv_env_DBUS_LIBS_value=
ac_cv_env_DECOR_CFLAGS_set=
ac_cv_env_DECOR_CFLAGS_value=
ac_cv_env_DECOR_LIBS_set=
ac_cv_env_DECOR_LIBS_value=
ac_cv_env_DIRECTFB_CFLAGS_set=
ac_cv_env_DIRECTFB_CFLAGS_value=
ac_cv_env_DIRECTFB_LIBS_set=
ac_cv_env_DIRECTFB_LIBS_value=
ac_cv_env_ESD_CFLAGS_set=
ac_cv_env_ESD_CFLAGS_value=
ac_cv_env_ESD_LIBS_set=
ac_cv_env_ESD_LIBS_value=
ac_cv_env_FUSIONSOUND_CFLAGS_set=
ac_cv_env_FUSIONSOUND_CFLAGS_value=
ac_cv_env_FUSIONSOUND_LIBS_set=
ac_cv_env_FUSIONSOUND_LIBS_value=
ac_cv_env_IBUS_CFLAGS_set=
ac_cv_env_IBUS_CFLAGS_value=
ac_cv_env_IBUS_LIBS_set=
ac_cv_env_IBUS_LIBS_value=
ac_cv_env_JACK_CFLAGS_set=
ac_cv_env_JACK_CFLAGS_value=
ac_cv_env_JACK_LIBS_set=
ac_cv_env_JACK_LIBS_value=
ac_cv_env_LDFLAGS_set=
ac_cv_env_LDFLAGS_value=
ac_cv_env_LIBDRM_CFLAGS_set=
ac_cv_env_LIBDRM_CFLAGS_value=
ac_cv_env_LIBDRM_LIBS_set=
ac_cv_env_LIBDRM_LIBS_value=
ac_cv_env_LIBGBM_CFLAGS_set=
ac_cv_env_LIBGBM_CFLAGS_value=
ac_cv_env_LIBGBM_LIBS_set=
ac_cv_env_LIBGBM_LIBS_value=
ac_cv_env_LIBS_set=
ac_cv_env_LIBS_value=
ac_cv_env_LIBUSB_CFLAGS_set=
ac_cv_env_LIBUSB_CFLAGS_value=
ac_cv_env_LIBUSB_LIBS_set=
ac_cv_env_LIBUSB_LIBS_value=
ac_cv_env_LT_SYS_LIBRARY_PATH_set=
ac_cv_env_LT_SYS_LIBRARY_PATH_value=
ac_cv_env_PIPEWIRE_CFLAGS_set=
ac_cv_env_PIPEWIRE_CFLAGS_value=
ac_cv_env_PIPEWIRE_LIBS_set=
ac_cv_env_PIPEWIRE_LIBS_value=
ac_cv_env_PKG_CONFIG_LIBDIR_set=
ac_cv_env_PKG_CONFIG_LIBDIR_value=
ac_cv_env_PKG_CONFIG_PATH_set=
ac_cv_env_PKG_CONFIG_PATH_value=
ac_cv_env_PKG_CONFIG_set=
ac_cv_env_PKG_CONFIG_value=
ac_cv_env_PULSEAUDIO_CFLAGS_set=
ac_cv_env_PULSEAUDIO_CFLAGS_value=
ac_cv_env_PULSEAUDIO_LIBS_set=
ac_cv_env_PULSEAUDIO_LIBS_value=
ac_cv_env_RPI_CFLAGS_set=
ac_cv_env_RPI_CFLAGS_value=
ac_cv_env_RPI_LIBS_set=
ac_cv_env_RPI_LIBS_value=
ac_cv_env_SNDIO_CFLAGS_set=
ac_cv_env_SNDIO_CFLAGS_value=
ac_cv_env_SNDIO_LIBS_set=
ac_cv_env_SNDIO_LIBS_value=
ac_cv_env_XMKMF_set=
ac_cv_env_XMKMF_value=
ac_cv_env_build_alias_set=
ac_cv_env_build_alias_value=
ac_cv_env_host_alias_set=
ac_cv_env_host_alias_value=
ac_cv_env_target_alias_set=
ac_cv_env_target_alias_value=
ac_cv_func__Exit=yes
ac_cv_func__i64toa=no
ac_cv_func__ltoa=no
ac_cv_func__stricmp=no
ac_cv_func__strlwr=no
ac_cv_func__strnicmp=no
ac_cv_func__strrev=no
ac_cv_func__strupr=no
ac_cv_func__ui64toa=no
ac_cv_func__uitoa=no
ac_cv_func__ultoa=no
ac_cv_func__wcsdup=no
ac_cv_func__wcsicmp=no
ac_cv_func__wcsnicmp=no
ac_cv_func_abs=yes
ac_cv_func_acos=yes
ac_cv_func_acosf=yes
ac_cv_func_alloca_works=yes
ac_cv_func_asin=yes
ac_cv_func_asinf=yes
ac_cv_func_atan2=yes
ac_cv_func_atan2f=yes
ac_cv_func_atan=yes
ac_cv_func_atanf=yes
ac_cv_func_atof=yes
ac_cv_func_atoi=yes
ac_cv_func_bcopy=yes
ac_cv_func_bsearch=yes
ac_cv_func_calloc=yes
ac_cv_func_ceil=yes
ac_cv_func_ceilf=yes
ac_cv_func_copysign=yes
ac_cv_func_copysignf=yes
ac_cv_func_cos=yes
ac_cv_func_cosf=yes
ac_cv_func_elf_aux_info=no
ac_cv_func_exp=yes
ac_cv_func_expf=yes
ac_cv_func_fabs=yes
ac_cv_func_fabsf=yes
ac_cv_func_floor=yes
ac_cv_func_floorf=yes
ac_cv_func_fmod=yes
ac_cv_func_fmodf=yes
ac_cv_func_fopen64=yes
ac_cv_func_free=yes
ac_cv_func_fseeko64=yes
ac_cv_func_fseeko=yes
ac_cv_func_getauxval=yes
ac_cv_func_getenv=yes
ac_cv_func_index=yes
ac_cv_func_inotify_init1=yes
ac_cv_func_inotify_init=yes
ac_cv_func_itoa=no
ac_cv_func_log10=yes
ac_cv_func_log10f=yes
ac_cv_func_log=yes
ac_cv_func_logf=yes
ac_cv_func_lround=yes
ac_cv_func_lroundf=yes
ac_cv_func_malloc=yes
ac_cv_func_memcmp=yes
ac_cv_func_memcpy=yes
ac_cv_func_memfd_create=yes
ac_cv_func_memmove=yes
ac_cv_func_memset=yes
ac_cv_func_mprotect=yes
ac_cv_func_nanosleep=yes
ac_cv_func_poll=yes
ac_cv_func_posix_fallocate=yes
ac_cv_func_pow=yes
ac_cv_func_powf=yes
ac_cv_func_putenv=yes
ac_cv_func_qsort=yes
ac_cv_func_realloc=yes
ac_cv_func_rindex=yes
ac_cv_func_round=yes
ac_cv_func_roundf=yes
ac_cv_func_scalbn=yes
ac_cv_func_scalbnf=yes
ac_cv_func_setenv=yes
ac_cv_func_setjmp=yes
ac_cv_func_sigaction=yes
ac_cv_func_sin=yes
ac_cv_func_sinf=yes
ac_cv_func_sqrt=yes
ac_cv_func_sqrtf=yes
ac_cv_func_strcasecmp=yes
ac_cv_func_strcasestr=yes
ac_cv_func_strchr=yes
ac_cv_func_strcmp=yes
ac_cv_func_strlcat=no
ac_cv_func_strlcpy=no
ac_cv_func_strlen=yes
ac_cv_func_strncasecmp=yes
ac_cv_func_strncmp=yes
ac_cv_func_strrchr=yes
ac_cv_func_strstr=yes
ac_cv_func_strtod=yes
ac_cv_func_strtok_r=yes
ac_cv_func_strtol=yes
ac_cv_func_strtoll=yes
ac_cv_func_strtoul=yes
ac_cv_func_strtoull=yes
ac_cv_func_sysconf=yes
ac_cv_func_sysctlbyname=no
ac_cv_func_tan=yes
ac_cv_func_tanf=yes
ac_cv_func_trunc=yes
ac_cv_func_truncf=yes
ac_cv_func_unsetenv=yes
ac_cv_func_vsnprintf=yes
ac_cv_func_vsscanf=yes
ac_cv_func_wcscasecmp=yes
ac_cv_func_wcscmp=yes
ac_cv_func_wcsdup=yes
ac_cv_func_wcslcat=no
ac_cv_func_wcslcpy=no
ac_cv_func_wcslen=yes
ac_cv_func_wcsncasecmp=yes
ac_cv_func_wcsncmp=yes
ac_cv_func_wcsstr=yes
ac_cv_header_audio_audiolib_h=no
ac_cv_header_ctype_h=yes
ac_cv_header_dbus_dbus_h=yes
ac_cv_header_dlfcn_h=yes
ac_cv_header_float_h=yes
ac_cv_header_ibus_1_0_ibus_h=yes
ac_cv_header_iconv_h=yes
ac_cv_header_inttypes_h=yes
ac_cv_header_libudev_h=yes
ac_cv_header_libunwind_h=no
ac_cv_header_limits_h=yes
ac_cv_header_linux_input_h=yes
ac_cv_header_linux_version_h=yes
ac_cv_header_malloc_h=yes
ac_cv_header_math_h=yes
ac_cv_header_memory_h=yes
ac_cv_header_pthread_np_h=no
ac_cv_header_samplerate_h=no
ac_cv_header_signal_h=yes
ac_cv_header_stdarg_h=yes
ac_cv_header_stdc=yes
ac_cv_header_stddef_h=yes
ac_cv_header_stdint_h=yes
ac_cv_header_stdio_h=yes
ac_cv_header_stdlib_h=yes
ac_cv_header_string_h=yes
ac_cv_header_strings_h=yes
ac_cv_header_sys_inotify_h=yes
ac_cv_header_sys_stat_h=yes
ac_cv_header_sys_types_h=yes
ac_cv_header_unistd_h=yes
ac_cv_header_wchar_h=yes
ac_cv_host=x86_64-pc-linux-gnu
ac_cv_lib_asound_snd_ctl_open=yes
ac_cv_lib_audio_AuOpenServer=no
ac_cv_lib_c_clock_gettime=yes
ac_cv_lib_c_dlopen=no
ac_cv_lib_dl_dlopen=yes
ac_cv_lib_m_pow=yes
ac_cv_member_struct_sigaction_sa_sigaction=yes
ac_cv_objext=o
ac_cv_path_EGREP='/usr/bin/grep -E'
ac_cv_path_ESD_CONFIG=no
ac_cv_path_FGREP='/usr/bin/grep -F'
ac_cv_path_GREP=/usr/bin/grep
ac_cv_path_SED=/usr/bin/sed
ac_cv_path_ac_pt_PKG_CONFIG=/usr/bin/pkg-config
ac_cv_path_install='/usr/bin/install -c'
ac_cv_path_lt_DD=/usr/bin/dd
ac_cv_prog_AWK=mawk
ac_cv_prog_CPP='gcc -E'
ac_cv_prog_CXXCPP='g++ -E'
ac_cv_prog_SORT=sort
ac_cv_prog_ac_ct_AR=ar
ac_cv_prog_ac_ct_CC=gcc
ac_cv_prog_ac_ct_CXX=g++
ac_cv_prog_ac_ct_MANIFEST_TOOL=mt
ac_cv_prog_ac_ct_OBJDUMP=objdump
ac_cv_prog_ac_ct_RANLIB=ranlib
ac_cv_prog_ac_ct_STRIP=strip
ac_cv_prog_cc_c89=
ac_cv_prog_cc_g=yes
ac_cv_prog_cxx_g=yes
ac_cv_prog_make_make_set=yes
ac_cv_sys_file_offset_bits=no
ac_cv_sys_largefile_CC=no
ac_cv_type_size_t=yes
ac_cv_working_alloca_h=yes
lt_cv_ar_at_file=@
lt_cv_archive_cmds_need_lc=no
lt_cv_deplibs_check_method=pass_all
lt_cv_file_magic_cmd='$MAGIC_CMD'
lt_cv_file_magic_test_file=
lt_cv_ld_reload_flag=-r
lt_cv_nm_interface='BSD nm'
lt_cv_objdir=.libs
lt_cv_path_LD=/usr/bin/ld
lt_cv_path_LDCXX='/usr/bin/ld -m elf_x86_64'
lt_cv_path_NM='/usr/bin/nm -B'
lt_cv_path_mainfest_tool=no
lt_cv_prog_compiler_c_o=yes
lt_cv_prog_compiler_c_o_CXX=yes
lt_cv_prog_compiler_c_o_RC=yes
lt_cv_prog_compiler_pic='-fPIC -DPIC'
lt_cv_prog_compiler_pic_CXX='-fPIC -DPIC'
lt_cv_prog_compiler_pic_works=yes
lt_cv_prog_compiler_pic_works_CXX=yes
lt_cv_prog_compiler_rtti_exceptions=no
lt_cv_prog_compiler_static_works=yes
lt_cv_prog_compiler_static_works_CXX=yes
lt_cv_prog_gnu_ld=yes
lt_cv_prog_gnu_ldcxx=yes
lt_cv_sharedlib_from_linklib_cmd='printf %s\n'
lt_cv_shlibpath_overrides_runpath=yes
lt_cv_sys_global_symbol_pipe='sed -n -e '\''s/^.*[	 ]\([ABCDGIRSTW][ABCDGIRSTW]*\)[	 ][	 ]*\([_A-Za-z][_A-Za-z0-9]*\)$/\1 \2 \2/p'\'' | sed '\''/ __gnu_lto/d'\'''
lt_cv_sys_global_symbol_to_c_name_address='sed -n -e '\''s/^: \(.*\) .*$/  {"\1", (void *) 0},/p'\'' -e '\''s/^[ABCDGIRSTW][ABCDGIRSTW]* .* \(.*\)$/  {"\1", (void *) \&\1},/p'\'''
lt_cv_sys_global_symbol_to_c_name_address_lib_prefix='sed -n -e '\''s/^: \(.*\) .*$/  {"\1", (void *) 0},/p'\'' -e '\''s/^[ABCDGIRSTW][ABCDGIRSTW]* .* \(lib.*\)$/  {"\1", (void *) \&\1},/p'\'' -e '\''s/^[ABCDGIRSTW][ABCDGIRSTW]* .* \(.*\)$/  {"lib\1", (void *) \&\1},/p'\'''
lt_cv_sys_global_symbol_to_cdecl='sed -n -e '\''s/^T .* \(.*\)$/extern int \1();/p'\'' -e '\''s/^[ABCDGIRSTW][ABCDGIRSTW]* .* \(.*\)$/extern char \1;/p'\'''
lt_cv_sys_global_symbol_to_import=
lt_cv_sys_max_cmd_len=1572864
lt_cv_to_host_file_cmd=func_convert_file_noop
lt_cv_to_tool_file_cmd=func_convert_file_noop
lt_cv_truncate_bin='/usr/bin/dd bs=4096 count=1'
pkg_cv_DBUS_CFLAGS='-I/usr/include/dbus-1.0 -I/usr/lib/x86_64-linux-gnu/dbus-1.0/include'
pkg_cv_DBUS_LIBS=-ldbus-1
pkg_cv_IBUS_CFLAGS='-pthread -I/usr/include/ibus-1.0 -I/usr/include/libmount -I/usr/include/blkid -I/usr/include/glib-2.0 -I/usr/lib/x86_64-linux-gnu/glib-2.0/include'
pkg_cv_IBUS_LIBS='-libus-1.0 -lgio-2.0 -lgobject-2.0 -lglib-2.0'
pkg_cv_LIBDRM_CFLAGS=-I/usr/include/libdrm
pkg_cv_LIBDRM_LIBS=-ldrm

## ----------------- ##
## Output variables. ##
## ----------------- ##

ALLOCA=''
ALSA_CFLAGS=''
ALSA_LIBS=' -lasound -lm -ldl -lpthread'
AR='ar'
ARTSCONFIG=''
AS='as'
AWK='mawk'
BUILD_CFLAGS='-g -O3 -DUSING_GENERATED_CONFIG_H'
BUILD_LDFLAGS=' -Wl,--no-undefined'
CC='gcc'
CFLAGS='-g -O2 -Iinclude -I/mnt/a57a7843-7ae2-415a-9125-4c61fa4163d9/3rdLibrary/SDL2-2.30.8/include -idirafter /mnt/a57a7843-7ae2-415a-9125-4c61fa4163d9/3rdLibrary/SDL2-2.30.8/src/video/khronos '
CPP='gcc -E'
CPPFLAGS=' -Iinclude -I/mnt/a57a7843-7ae2-415a-9125-4c61fa4163d9/3rdLibrary/SDL2-2.30.8/include -idirafter /mnt/a57a7843-7ae2-415a-9125-4c61fa4163d9/3rdLibrary/SDL2-2.30.8/src/video/khronos '
CXX='g++'
CXXCPP='g++ -E'
CXXFLAGS='-g -O2'
DBUS_CFLAGS='-I/usr/include/dbus-1.0 -I/usr/lib/x86_64-linux-gnu/dbus-1.0/include'
DBUS_LIBS='-ldbus-1'
DECOR_CFLAGS=''
DECOR_LIBS=''
DEFS='-DHAVE_CONFIG_H'
DIRECTFB_CFLAGS=''
DIRECTFB_LIBS=''
DLLTOOL='false'
DSYMUTIL=''
DUMPBIN=''
ECHO_C=''
ECHO_N='-n'
ECHO_T=''
EGREP='/usr/bin/grep -E'
ENABLE_SHARED_FALSE='#'
ENABLE_SHARED_TRUE=''
ENABLE_STATIC_FALSE='#'
ENABLE_STATIC_TRUE=''
ESD_CFLAGS=''
ESD_CONFIG='no'
ESD_LIBS=''
EXEEXT=''
EXTRA_CFLAGS='-Iinclude -I/mnt/a57a7843-7ae2-415a-9125-4c61fa4163d9/3rdLibrary/SDL2-2.30.8/include -idirafter /mnt/a57a7843-7ae2-415a-9125-4c61fa4163d9/3rdLibrary/SDL2-2.30.8/src/video/khronos  -DSDL_BUILD_MAJOR_VERSION=2 -DSDL_BUILD_MINOR_VERSION=30 -DSDL_BUILD_MICRO_VERSION=8 -mmmx -m3dnow -msse -msse2 -msse3 -Wall -Wno-unused-local-typedefs -fno-strict-aliasing -fvisibility=hidden -Wdeclaration-after-statement -Werror=declaration-after-statement  -DMESA_EGL_NO_X11_HEADERS -DEGL_NO_X11 -I/usr/include/dbus-1.0 -I/usr/lib/x86_64-linux-gnu/dbus-1.0/include -pthread -I/usr/include/ibus-1.0 -I/usr/include/libmount -I/usr/include/blkid -I/usr/include/glib-2.0 -I/usr/lib/x86_64-linux-gnu/glib-2.0/include -D_REENTRANT -DHAVE_LINUX_VERSION_H'
EXTRA_LDFLAGS=' -lm -ldl -lpthread'
FGREP='/usr/bin/grep -F'
FUSIONSOUND_CFLAGS=''
FUSIONSOUND_LIBS=''
GEN_HEADERS=''
GEN_OBJECTS=''
GREP='/usr/bin/grep'
IBUS_CFLAGS='-pthread -I/usr/include/ibus-1.0 -I/usr/include/libmount -I/usr/include/blkid -I/usr/include/glib-2.0 -I/usr/lib/x86_64-linux-gnu/glib-2.0/include'
IBUS_LIBS='-libus-1.0 -lgio-2.0 -lgobject-2.0 -lglib-2.0'
INCLUDE='-Iinclude -I/mnt/a57a7843-7ae2-415a-9125-4c61fa4163d9/3rdLibrary/SDL2-2.30.8/include -idirafter /mnt/a57a7843-7ae2-415a-9125-4c61fa4163d9/3rdLibrary/SDL2-2.30.8/src/video/khronos'
INSTALL_DATA='${INSTALL} -m 644'
INSTALL_PROGRAM='${INSTALL}'
INSTALL_SCRIPT='${INSTALL}'
INSTALL_SDL2_CONFIG='TRUE'
JACK_CFLAGS=''
JACK_LIBS=''
LD='/usr/bin/ld -m elf_x86_64'
LDFLAGS=''
LIBDRM_CFLAGS='-I/usr/include/libdrm'
LIBDRM_LIBS='-ldrm'
LIBGBM_CFLAGS=''
LIBGBM_LIBS=''
LIBOBJS=''
LIBS=' -lm'
LIBTOOL='$(SHELL) $(top_builddir)/libtool'
LIBTOOLLINKERTAG='CC'
LIBUSB_CFLAGS=''
LIBUSB_LIBS=''
LINKER='$(CC)'
LIPO=''
LN_S='ln -s'
LTLIBOBJS=''
LT_AGE='3000'
LT_CURRENT='3000'
LT_RELEASE='2.0'
LT_REVISION='8'
LT_SYS_LIBRARY_PATH=''
Libs.private:'
MANIFEST_TOOL=':'
NM='/usr/bin/nm -B'
NMEDIT=''
OBJDUMP='objdump'
OBJECTS='$(objects)/SDL.lo $(objects)/SDL_assert.lo $(objects)/SDL_dataqueue.lo $(objects)/SDL_error.lo $(objects)/SDL_guid.lo $(objects)/SDL_hints.lo $(objects)/SDL_list.lo $(objects)/SDL_log.lo $(objects)/SDL_utils.lo $(objects)/SDL_atomic.lo $(objects)/SDL_spinlock.lo $(objects)/SDL_audio.lo $(objects)/SDL_audiocvt.lo $(objects)/SDL_audiodev.lo $(objects)/SDL_audiotypecvt.lo $(objects)/SDL_mixer.lo $(objects)/SDL_wave.lo $(objects)/SDL_cpuinfo.lo $(objects)/SDL_dynapi.lo $(objects)/SDL_clipboardevents.lo $(objects)/SDL_displayevents.lo $(objects)/SDL_dropevents.lo $(objects)/SDL_events.lo $(objects)/SDL_gesture.lo $(objects)/SDL_keyboard.lo $(objects)/SDL_keysym_to_scancode.lo $(objects)/SDL_mouse.lo $(objects)/SDL_quit.lo $(objects)/SDL_scancode_tables.lo $(objects)/SDL_touch.lo $(objects)/SDL_windowevents.lo $(objects)/imKStoUCS.lo $(objects)/SDL_rwops.lo $(objects)/SDL_haptic.lo $(objects)/SDL_hidapi.lo $(objects)/SDL_gamecontroller.lo $(objects)/SDL_joystick.lo $(objects)/SDL_steam_virtual_gamepad.lo $(objects)/controller_type.lo $(objects)/e_atan2.lo $(objects)/e_exp.lo $(objects)/e_fmod.lo $(objects)/e_log.lo $(objects)/e_log10.lo $(objects)/e_pow.lo $(objects)/e_rem_pio2.lo $(objects)/e_sqrt.lo $(objects)/k_cos.lo $(objects)/k_rem_pio2.lo $(objects)/k_sin.lo $(objects)/k_tan.lo $(objects)/s_atan.lo $(objects)/s_copysign.lo $(objects)/s_cos.lo $(objects)/s_fabs.lo $(objects)/s_floor.lo $(objects)/s_scalbn.lo $(objects)/s_sin.lo $(objects)/s_tan.lo $(objects)/SDL_url.lo $(objects)/SDL_power.lo $(objects)/SDL_d3dmath.lo $(objects)/SDL_render.lo $(objects)/SDL_yuv_sw.lo $(objects)/SDL_render_d3d.lo $(objects)/SDL_shaders_d3d.lo $(objects)/SDL_render_d3d11.lo $(objects)/SDL_shaders_d3d11.lo $(objects)/SDL_render_d3d12.lo $(objects)/SDL_shaders_d3d12.lo $(objects)/SDL_render_gl.lo $(objects)/SDL_shaders_gl.lo $(objects)/SDL_render_gles.lo $(objects)/SDL_render_gles2.lo $(objects)/SDL_shaders_gles2.lo $(objects)/SDL_render_ps2.lo $(objects)/SDL_render_psp.lo $(objects)/SDL_blendfillrect.lo $(objects)/SDL_blendline.lo $(objects)/SDL_blendpoint.lo $(objects)/SDL_drawline.lo $(objects)/SDL_drawpoint.lo $(objects)/SDL_render_sw.lo $(objects)/SDL_rotate.lo $(objects)/SDL_triangle.lo $(objects)/SDL_render_vita_gxm.lo $(objects)/SDL_render_vita_gxm_memory.lo $(objects)/SDL_render_vita_gxm_tools.lo $(objects)/SDL_sensor.lo $(objects)/SDL_crc16.lo $(objects)/SDL_crc32.lo $(objects)/SDL_getenv.lo $(objects)/SDL_iconv.lo $(objects)/SDL_malloc.lo $(objects)/SDL_mslibc.lo $(objects)/SDL_qsort.lo $(objects)/SDL_stdlib.lo $(objects)/SDL_string.lo $(objects)/SDL_strtokr.lo $(objects)/SDL_thread.lo $(objects)/SDL_timer.lo $(objects)/SDL_RLEaccel.lo $(objects)/SDL_blit.lo $(objects)/SDL_blit_0.lo $(objects)/SDL_blit_1.lo $(objects)/SDL_blit_A.lo $(objects)/SDL_blit_N.lo $(objects)/SDL_blit_auto.lo $(objects)/SDL_blit_copy.lo $(objects)/SDL_blit_slow.lo $(objects)/SDL_bmp.lo $(objects)/SDL_clipboard.lo $(objects)/SDL_egl.lo $(objects)/SDL_fillrect.lo $(objects)/SDL_pixels.lo $(objects)/SDL_rect.lo $(objects)/SDL_shape.lo $(objects)/SDL_stretch.lo $(objects)/SDL_surface.lo $(objects)/SDL_video.lo $(objects)/SDL_vulkan_utils.lo $(objects)/SDL_yuv.lo $(objects)/yuv_rgb_lsx.lo $(objects)/yuv_rgb_sse.lo $(objects)/yuv_rgb_std.lo $(objects)/SDL_locale.lo $(objects)/SDL_nullevents.lo $(objects)/SDL_nullframebuffer.lo $(objects)/SDL_nullvideo.lo $(objects)/SDL_offscreenevents.lo $(objects)/SDL_offscreenframebuffer.lo $(objects)/SDL_offscreenopengles.lo $(objects)/SDL_offscreenvideo.lo $(objects)/SDL_offscreenwindow.lo $(objects)/SDL_diskaudio.lo $(objects)/SDL_dummyaudio.lo $(objects)/SDL_sysloadso.lo $(objects)/SDL_dspaudio.lo $(objects)/SDL_alsa_audio.lo $(objects)/SDL_dbus.lo $(objects)/SDL_ime.lo $(objects)/SDL_ibus.lo $(objects)/SDL_fcitx.lo $(objects)/SDL_hidapi_combined.lo $(objects)/SDL_hidapi_gamecube.lo $(objects)/SDL_hidapi_luna.lo $(objects)/SDL_hidapi_ps3.lo $(objects)/SDL_hidapi_ps4.lo $(objects)/SDL_hidapi_ps5.lo $(objects)/SDL_hidapi_rumble.lo $(objects)/SDL_hidapi_shield.lo $(objects)/SDL_hidapi_stadia.lo $(objects)/SDL_hidapi_steam.lo $(objects)/SDL_hidapi_steamdeck.lo $(objects)/SDL_hidapi_switch.lo $(objects)/SDL_hidapi_wii.lo $(objects)/SDL_hidapi_xbox360.lo $(objects)/SDL_hidapi_xbox360w.lo $(objects)/SDL_hidapi_xboxone.lo $(objects)/SDL_hidapijoystick.lo $(objects)/SDL_systhread.lo $(objects)/SDL_syssem.lo $(objects)/SDL_sysmutex.lo $(objects)/SDL_syscond.lo $(objects)/SDL_systls.lo $(objects)/SDL_sysurl.lo $(objects)/SDL_syslocale.lo $(objects)/SDL_sysjoystick.lo $(objects)/SDL_steamcontroller.lo $(objects)/SDL_syshaptic.lo $(objects)/SDL_syspower.lo $(objects)/SDL_sysfilesystem.lo $(objects)/SDL_systimer.lo $(objects)/SDL_udev.lo $(objects)/SDL_evdev.lo $(objects)/SDL_evdev_kbd.lo $(objects)/SDL_evdev_kbd_freebsd.lo $(objects)/SDL_evdev_capabilities.lo $(objects)/SDL_threadprio.lo $(objects)/SDL_sandbox.lo $(objects)/SDL_poll.lo $(objects)/SDL_virtualjoystick.lo $(objects)/SDL_dummysensor.lo'
OBJEXT='o'
OTOOL64=''
OTOOL=''
PACKAGE_BUGREPORT=''
PACKAGE_NAME=''
PACKAGE_STRING=''
PACKAGE_TARNAME=''
PACKAGE_URL=''
PACKAGE_VERSION=''
PATH_SEPARATOR=':'
PIPEWIRE_CFLAGS=''
PIPEWIRE_LIBS=''
PKGCONFIG_DEPENDS=''
PKGCONFIG_LIBS_PRIV='
PKG_CONFIG='/usr/bin/pkg-config'
PKG_CONFIG_LIBDIR=''
PKG_CONFIG_PATH=''
PULSEAUDIO_CFLAGS=''
PULSEAUDIO_LIBS=''
RANLIB='ranlib'
RC=''
RPI_CFLAGS='-I/opt/vc/include -I/opt/vc/include/interface/vcos/pthreads -I/opt/vc/include/interface/vmcs_host/linux'
RPI_LIBS='-Wl,-rpath,/opt/vc/lib -L/opt/vc/lib -lbcm_host'
SDLMAIN_OBJECTS='$(objects)/SDL_dummy_main.lo'
SDLTEST_OBJECTS='$(objects)/SDL_test_assert.lo $(objects)/SDL_test_common.lo $(objects)/SDL_test_compare.lo $(objects)/SDL_test_crc32.lo $(objects)/SDL_test_font.lo $(objects)/SDL_test_fuzzer.lo $(objects)/SDL_test_harness.lo $(objects)/SDL_test_imageBlit.lo $(objects)/SDL_test_imageBlitBlend.lo $(objects)/SDL_test_imageFace.lo $(objects)/SDL_test_imagePrimitives.lo $(objects)/SDL_test_imagePrimitivesBlend.lo $(objects)/SDL_test_log.lo $(objects)/SDL_test_md5.lo $(objects)/SDL_test_memory.lo $(objects)/SDL_test_random.lo'
SDL_BINARY_AGE='3008'
SDL_CFLAGS=' -D_REENTRANT'
SDL_INTERFACE_AGE='8'
SDL_LIBS='-lSDL2'
SDL_MAJOR_VERSION='2'
SDL_MICRO_VERSION='8'
SDL_MINOR_VERSION='30'
SDL_RLD_FLAGS='-Wl,-rpath,${libdir} -Wl,--enable-new-dtags'
SDL_STATIC_LIBS=' -lm -ldl -lpthread'
SDL_VENDOR_INFO=''
SDL_VERSION='2.30.8'
SED='/usr/bin/sed'
SET_MAKE=''
SHELL='/bin/bash'
SNDIO_CFLAGS=''
SNDIO_LIBS=''
SORT='sort'
STRIP='strip'
VERSION_OBJECTS=''
WAYLAND_SCANNER=''
WAYLAND_SCANNER_CODE_MODE=''
XMKMF=''
X_CFLAGS=''
X_EXTRA_LIBS=''
X_LIBS=''
X_PRE_LIBS=''
ac_aux_dir='build-scripts'
ac_ct_AR='ar'
ac_ct_CC='gcc'
ac_ct_CXX='g++'
ac_ct_DUMPBIN=''
bin_prefix_relpath='..'
bindir='${exec_prefix}/bin'
build='x86_64-pc-linux-gnu'
build_alias=''
build_cpu='x86_64'
build_os='linux-gnu'
build_vendor='pc'
cmake_prefix_relpath='../../..'
datadir='${datarootdir}'
datarootdir='${prefix}/share'
docdir='${datarootdir}/doc/${PACKAGE}'
dvidir='${docdir}'
exec_prefix='${prefix}'
host='x86_64-pc-linux-gnu'
host_alias=''
host_cpu='x86_64'
host_os='linux-gnu'
host_vendor='pc'
htmldir='${docdir}'
includedir='${prefix}/include'
infodir='${datarootdir}/info'
libdir='${exec_prefix}/lib'
libexecdir='${exec_prefix}/libexec'
localedir='${datarootdir}/locale'
localstatedir='${prefix}/var'
mandir='${datarootdir}/man'
oldincludedir='/usr/include'
pdfdir='${docdir}'
prefix='/mnt/a57a7843-7ae2-415a-9125-4c61fa4163d9/3rdLibrary/SDL2-2.30.8/install'
program_transform_name='s,x,x,'
psdir='${docdir}'
runstatedir='${localstatedir}/run'
sbindir='${exec_prefix}/sbin'
sharedstatedir='${prefix}/com'
sysconfdir='${prefix}/etc'
target_alias=''

## ----------- ##
## confdefs.h. ##
## ----------- ##

/* confdefs.h */
#define PACKAGE_NAME ""
#define PACKAGE_TARNAME ""
#define PACKAGE_VERSION ""
#define PACKAGE_STRING ""
#define PACKAGE_BUGREPORT ""
#define PACKAGE_URL ""
#define STDC_HEADERS 1
#define HAVE_SYS_TYPES_H 1
#define HAVE_SYS_STAT_H 1
#define HAVE_STDLIB_H 1
#define HAVE_STRING_H 1
#define HAVE_MEMORY_H 1
#define HAVE_STRINGS_H 1
#define HAVE_INTTYPES_H 1
#define HAVE_STDINT_H 1
#define HAVE_UNISTD_H 1
#define HAVE_DLFCN_H 1
#define LT_OBJDIR ".libs/"
#define HAVE_LIBC 1
#define STDC_HEADERS 1
#define HAVE_SYS_TYPES_H 1
#define HAVE_STDIO_H 1
#define HAVE_STDLIB_H 1
#define HAVE_STDDEF_H 1
#define HAVE_STDARG_H 1
#define HAVE_MALLOC_H 1
#define HAVE_MEMORY_H 1
#define HAVE_STRING_H 1
#define HAVE_STRINGS_H 1
#define HAVE_WCHAR_H 1
#define HAVE_INTTYPES_H 1
#define HAVE_STDINT_H 1
#define HAVE_LIMITS_H 1
#define HAVE_CTYPE_H 1
#define HAVE_MATH_H 1
#define HAVE_FLOAT_H 1
#define HAVE_ICONV_H 1
#define HAVE_SIGNAL_H 1
#define HAVE_M_PI /**/
#define HAVE_ALLOCA_H 1
#define HAVE_ALLOCA 1
#define HAVE_MPROTECT 1
#define HAVE_MALLOC 1
#define HAVE_CALLOC 1
#define HAVE_REALLOC 1
#define HAVE_FREE 1
#define HAVE_GETENV 1
#define HAVE_SETENV 1
#define HAVE_PUTENV 1
#define HAVE_UNSETENV 1
#define HAVE_BSEARCH 1
#define HAVE_QSORT 1
#define HAVE_ABS 1
#define HAVE_BCOPY 1
#define HAVE_MEMSET 1
#define HAVE_MEMCMP 1
#define HAVE_MEMCPY 1
#define HAVE_MEMMOVE 1
#define HAVE_WCSLEN 1
#define HAVE_WCSDUP 1
#define HAVE_WCSSTR 1
#define HAVE_WCSCMP 1
#define HAVE_WCSNCMP 1
#define HAVE_WCSCASECMP 1
#define HAVE_WCSNCASECMP 1
#define HAVE_STRLEN 1
#define HAVE_INDEX 1
#define HAVE_RINDEX 1
#define HAVE_STRCHR 1
#define HAVE_STRRCHR 1
#define HAVE_STRSTR 1
#define HAVE_STRTOK_R 1
#define HAVE_STRTOD 1
#define HAVE_STRTOL 1
#define HAVE_STRTOUL 1
#define HAVE_STRTOLL 1
#define HAVE_STRTOULL 1
#define HAVE_ATOI 1
#define HAVE_ATOF 1
#define HAVE_STRCMP 1
#define HAVE_STRNCMP 1
#define HAVE_STRCASECMP 1
#define HAVE_STRNCASECMP 1
#define HAVE_STRCASESTR 1
#define HAVE_VSSCANF 1
#define HAVE_VSNPRINTF 1
#define HAVE_FOPEN64 1
#define HAVE_FSEEKO 1
#define HAVE_FSEEKO64 1
#define HAVE_SIGACTION 1
#define HAVE_SETJMP 1
#define HAVE_NANOSLEEP 1
#define HAVE_SYSCONF 1
#define HAVE_GETAUXVAL 1
#define HAVE_POLL 1
#define HAVE_MEMFD_CREATE 1
#define HAVE_POSIX_FALLOCATE 1
#define HAVE__EXIT 1
#define HAVE_ACOS 1
#define HAVE_ACOSF 1
#define HAVE_ASIN 1
#define HAVE_ASINF 1
#define HAVE_ATAN 1
#define HAVE_ATANF 1
#define HAVE_ATAN2 1
#define HAVE_ATAN2F 1
#define HAVE_CEIL 1
#define HAVE_CEILF 1
#define HAVE_COPYSIGN 1
#define HAVE_COPYSIGNF 1
#define HAVE_COS 1
#define HAVE_COSF 1
#define HAVE_EXP 1
#define HAVE_EXPF 1
#define HAVE_FABS 1
#define HAVE_FABSF 1
#define HAVE_FLOOR 1
#define HAVE_FLOORF 1
#define HAVE_TRUNC 1
#define HAVE_TRUNCF 1
#define HAVE_FMOD 1
#define HAVE_FMODF 1
#define HAVE_LOG 1
#define HAVE_LOGF 1
#define HAVE_LOG10 1
#define HAVE_LOG10F 1
#define HAVE_LROUND 1
#define HAVE_LROUNDF 1
#define HAVE_POW 1
#define HAVE_POWF 1
#define HAVE_ROUND 1
#define HAVE_ROUNDF 1
#define HAVE_SCALBN 1
#define HAVE_SCALBNF 1
#define HAVE_SIN 1
#define HAVE_SINF 1
#define HAVE_SQRT 1
#define HAVE_SQRTF 1
#define HAVE_TAN 1
#define HAVE_TANF 1
#define HAVE_ICONV 1
#define HAVE_SA_SIGACTION 1
#define HAVE_GCC_ATOMICS 1
#define HAVE_IMMINTRIN_H 1
#define SDL_VIDEO_DRIVER_DUMMY 1
#define SDL_VIDEO_DRIVER_OFFSCREEN 1
#define SDL_AUDIO_DRIVER_DISK 1
#define SDL_AUDIO_DRIVER_DUMMY 1
#define DYNAPI_NEEDS_DLOPEN 1
#define HAVE_DLOPEN 1
#define SDL_LOADSO_DLOPEN 1
#define HAVE_O_CLOEXEC 1
#define SDL_AUDIO_DRIVER_OSS 1
#define HAVE_LIBASOUND 1
#define SDL_AUDIO_DRIVER_ALSA 1
#define SDL_AUDIO_DRIVER_ALSA_DYNAMIC "libasound.so.2"
#define SDL_VIDEO_OPENGL_EGL 1
#define SDL_VIDEO_OPENGL_ES 1
#define SDL_VIDEO_RENDER_OGL_ES 1
#define SDL_VIDEO_OPENGL_ES2 1
#define SDL_VIDEO_RENDER_OGL_ES2 1
#define SDL_VIDEO_VULKAN 1
#define HAVE_LINUX_INPUT_H 1
#define SDL_INPUT_LINUXEV 1
#define HAVE_LIBUDEV_H 1
#define SDL_UDEV_DYNAMIC "libudev.so.1"
#define HAVE_DBUS_DBUS_H 1
#define SDL_USE_IME 1
#define HAVE_SYS_INOTIFY_H 1
#define HAVE_INOTIFY_INIT 1
#define HAVE_INOTIFY_INIT1 1
#define HAVE_INOTIFY 1
#define HAVE_IBUS_IBUS_H 1
#define HAVE_FCITX 1
#define SDL_INPUT_LINUXKD 1
#define SDL_JOYSTICK_HIDAPI 1
#define SDL_THREAD_PTHREAD 1
#define SDL_THREAD_PTHREAD_RECURSIVE_MUTEX 1
#define HAVE_SEM_TIMEDWAIT 1
#define HAVE_PTHREAD_SETNAME_NP 1
#define HAVE_CLOCK_GETTIME 1
#define SDL_JOYSTICK_LINUX 1
#define SDL_HAPTIC_LINUX 1
#define SDL_POWER_LINUX 1
#define SDL_FILESYSTEM_UNIX 1
#define SDL_TIMER_UNIX 1
#define SDL_JOYSTICK_VIRTUAL 1
#define SDL_SENSOR_DUMMY 1

configure: exit 0
